premium_id,policy_id,payment_date,premium_amount,payment_status,payment_method
PM0000001,P000001,2025-06-11,1267.18,Late,Card
PM0000002,P000001,2025-09-14,1267.18,Failed,Wire
PM0000003,P000001,2025-12-13,1267.18,Refunded,ACH
PM0000004,P000002,2023-02-16,835.25,Paid,ACH
PM0000005,P000002,2023-05-24,835.25,Paid,Card
PM0000006,P000002,2023-08-19,835.25,Paid,Card
PM0000007,P000002,2023-11-05,835.25,Paid,ACH
PM0000008,P000003,2023-10-16,2307.95,Paid,Check
PM0000009,P000003,2024-01-06,2307.95,Paid,ACH
PM0000010,P000003,2024-04-18,2307.95,Paid,Card
PM0000011,P000004,2025-01-31,653.81,Late,Check
PM0000012,P000004,2025-05-15,653.81,Paid,Check
PM0000013,P000004,2025-07-29,653.81,Paid,Wire
PM0000014,P000004,2025-11-10,653.81,Paid,Card
PM0000015,P000005,2023-07-10,673.62,Paid,Card
PM0000016,P000005,2023-09-28,673.62,Paid,Check
PM0000017,P000005,2024-01-06,673.62,Paid,Card
PM0000018,P000005,2024-03-25,673.62,Paid,ACH
PM0000019,P000006,2025-05-19,796.64,Paid,Card
PM0000020,P000006,2025-08-08,796.64,Late,ACH
PM0000021,P000006,2025-11-25,796.64,Paid,ACH
PM0000022,P000007,2023-12-18,1766.95,Paid,Check
PM0000023,P000007,2024-03-06,1766.95,Paid,ACH
PM0000024,P000007,2024-06-09,1766.95,Paid,Check
PM0000025,P000007,2024-09-05,1766.95,Paid,ACH
PM0000026,P000008,2023-12-19,279.64,Refunded,ACH
PM0000027,P000008,2024-03-18,279.64,Paid,Check
PM0000028,P000008,2024-06-25,279.64,Paid,ACH
PM0000029,P000008,2024-09-19,279.64,Paid,Check
PM0000030,P000009,2025-09-02,1559.52,Paid,Check
PM0000031,P000009,2025-11-28,1559.52,Paid,Check
PM0000032,P000010,2024-08-17,1868.65,Paid,Check
PM0000033,P000010,2024-11-09,1868.65,Paid,Wire
PM0000034,P000010,2025-02-18,1868.65,Paid,Check
PM0000035,P000010,2025-05-11,1868.65,Late,Card
PM0000036,P000011,2023-06-06,2392.86,Late,Wire
PM0000037,P000011,2023-09-12,2392.86,Paid,Card
PM0000038,P000011,2023-12-10,2392.86,Paid,Check
PM0000039,P000011,2024-03-06,2392.86,Late,ACH
PM0000040,P000012,2024-09-01,1231.29,Paid,ACH
PM0000041,P000012,2025-03-10,1231.29,Paid,Card
PM0000042,P000012,2025-06-06,1231.29,Paid,Card
PM0000043,P000013,2024-12-20,269.5,Paid,Wire
PM0000044,P000013,2025-03-22,269.5,Paid,Wire
PM0000045,P000013,2025-06-08,269.5,Paid,Check
PM0000046,P000013,2025-09-20,269.5,Paid,Wire
PM0000047,P000014,2023-09-12,258.48,Paid,Card
PM0000048,P000014,2023-11-29,258.48,Paid,ACH
PM0000049,P000014,2024-02-26,258.48,Paid,Check
PM0000050,P000015,2023-12-01,489.44,Paid,Check
PM0000051,P000015,2024-02-28,489.44,Paid,Check
PM0000052,P000015,2024-05-23,489.44,Paid,Card
PM0000053,P000016,2023-08-13,658.31,Paid,ACH
PM0000054,P000016,2024-02-12,658.31,Paid,Wire
PM0000055,P000016,2024-05-05,658.31,Paid,Wire
PM0000056,P000017,2023-06-24,280.87,Paid,Card
PM0000057,P000017,2023-09-21,280.87,Paid,Check
PM0000058,P000017,2023-12-17,280.87,Paid,Wire
PM0000059,P000017,2024-03-28,280.87,Paid,Wire
PM0000060,P000018,2024-12-22,452.27,Paid,Wire
PM0000061,P000018,2025-03-28,452.27,Refunded,Check
PM0000062,P000018,2025-06-14,452.27,Paid,Check
PM0000063,P000018,2025-09-24,452.27,Failed,Card
PM0000064,P000019,2024-10-07,2692.88,Paid,Card
PM0000065,P000019,2025-03-31,2692.88,Late,Card
PM0000066,P000019,2025-07-06,2692.88,Paid,Check
PM0000067,P000020,2023-06-06,344.52,Paid,ACH
PM0000068,P000020,2023-09-04,344.52,Paid,Wire
PM0000069,P000020,2023-12-10,344.52,Paid,Check
PM0000070,P000020,2024-03-22,344.52,Late,ACH
PM0000071,P000021,2024-02-03,146.27,Paid,Check
PM0000072,P000021,2024-04-23,146.27,Paid,ACH
PM0000073,P000021,2024-08-03,146.27,Paid,Wire
PM0000074,P000021,2024-11-04,146.27,Late,Card
PM0000075,P000022,2025-02-05,489.62,Paid,Card
PM0000076,P000022,2025-05-10,489.62,Paid,Check
PM0000077,P000022,2025-11-13,489.62,Paid,ACH
PM0000078,P000023,2024-05-09,386.49,Paid,Wire
PM0000079,P000023,2024-07-29,386.49,Paid,ACH
PM0000080,P000023,2024-10-19,386.49,Paid,Wire
PM0000081,P000023,2025-01-23,386.49,Paid,Card
PM0000082,P000024,2023-12-30,1930.58,Paid,Card
PM0000083,P000024,2024-04-01,1930.58,Refunded,Check
PM0000084,P000024,2024-07-01,1930.58,Paid,Check
PM0000085,P000025,2023-06-14,1235.74,Paid,Wire
PM0000086,P000025,2023-09-25,1235.74,Paid,Wire
PM0000087,P000025,2023-12-10,1235.74,Paid,ACH
PM0000088,P000025,2024-03-19,1235.74,Paid,Wire
PM0000089,P000026,2023-06-01,621.53,Paid,Card
PM0000090,P000026,2023-08-10,621.53,Failed,ACH
PM0000091,P000026,2023-11-26,621.53,Paid,ACH
PM0000092,P000026,2024-02-18,621.53,Late,Wire
PM0000093,P000027,2023-07-06,392.93,Paid,Card
PM0000094,P000027,2023-10-04,392.93,Paid,Card
PM0000095,P000027,2024-01-06,392.93,Paid,Card
PM0000096,P000028,2024-04-01,1796.93,Paid,Wire
PM0000097,P000028,2024-09-22,1796.93,Paid,ACH
PM0000098,P000028,2024-12-22,1796.93,Paid,Check
PM0000099,P000029,2024-01-15,310.42,Late,Wire
PM0000100,P000029,2024-04-16,310.42,Failed,Card
PM0000101,P000029,2024-07-16,310.42,Paid,Card
PM0000102,P000029,2024-10-03,310.42,Paid,Wire
PM0000103,P000030,2025-03-28,1475.74,Paid,Wire
PM0000104,P000030,2025-07-09,1475.74,Paid,Check
PM0000105,P000030,2025-09-28,1475.74,Paid,Wire
PM0000106,P000030,2025-12-17,1475.74,Paid,Wire
PM0000107,P000031,2023-11-10,311.09,Paid,Card
PM0000108,P000031,2024-01-29,311.09,Late,Wire
PM0000109,P000031,2024-05-07,311.09,Paid,Check
PM0000110,P000032,2024-06-17,262.21,Paid,Card
PM0000111,P000032,2024-09-08,262.21,Paid,Wire
PM0000112,P000032,2025-03-11,262.21,Paid,Wire
PM0000113,P000033,2023-11-23,217.22,Paid,ACH
PM0000114,P000033,2024-02-21,217.22,Paid,Wire
PM0000115,P000033,2024-05-11,217.22,Paid,Wire
PM0000116,P000033,2024-08-04,217.22,Failed,Wire
PM0000117,P000034,2024-05-22,321.47,Paid,ACH
PM0000118,P000034,2024-08-06,321.47,Paid,Card
PM0000119,P000034,2024-11-14,321.47,Paid,Card
PM0000120,P000034,2025-01-31,321.47,Paid,Check
PM0000121,P000035,2023-12-31,576.04,Paid,ACH
PM0000122,P000035,2024-04-06,576.04,Paid,Wire
PM0000123,P000035,2024-06-29,576.04,Paid,Card
PM0000124,P000035,2024-09-28,576.04,Paid,Check
PM0000125,P000036,2024-03-16,583.85,Late,ACH
PM0000126,P000036,2024-06-11,583.85,Paid,Card
PM0000127,P000036,2024-09-02,583.85,Paid,Wire
PM0000128,P000036,2024-12-01,583.85,Paid,Check
PM0000129,P000037,2025-04-03,216.72,Paid,Wire
PM0000130,P000037,2025-07-01,216.72,Paid,Check
PM0000131,P000037,2025-09-20,216.72,Paid,Wire
PM0000132,P000038,2024-03-30,806.53,Paid,ACH
PM0000133,P000038,2024-06-15,806.53,Paid,Card
PM0000134,P000038,2024-09-15,806.53,Paid,ACH
PM0000135,P000038,2024-12-26,806.53,Paid,Check
PM0000136,P000039,2025-04-21,405.72,Paid,Wire
PM0000137,P000039,2025-07-28,405.72,Paid,Wire
PM0000138,P000039,2025-10-24,405.72,Late,Wire
PM0000139,P000040,2024-05-16,2725.63,Paid,Check
PM0000140,P000040,2024-11-16,2725.63,Paid,Wire
PM0000141,P000040,2025-02-03,2725.63,Paid,ACH
PM0000142,P000041,2023-09-24,1250.68,Paid,Card
PM0000143,P000041,2023-12-31,1250.68,Paid,Check
PM0000144,P000041,2024-03-28,1250.68,Paid,Check
PM0000145,P000041,2024-06-10,1250.68,Paid,Check
PM0000146,P000042,2023-01-17,613.36,Paid,Card
PM0000147,P000042,2023-04-08,613.36,Paid,Card
PM0000148,P000042,2023-07-05,613.36,Paid,Wire
PM0000149,P000042,2023-10-10,613.36,Paid,ACH
PM0000150,P000043,2023-08-24,432.66,Paid,Card
PM0000151,P000043,2023-11-28,432.66,Late,Card
PM0000152,P000043,2024-02-22,432.66,Paid,Check
PM0000153,P000043,2024-05-26,432.66,Paid,Wire
PM0000154,P000044,2024-06-17,381.44,Paid,ACH
PM0000155,P000044,2024-09-20,381.44,Late,Check
PM0000156,P000044,2024-12-26,381.44,Paid,Card
PM0000157,P000044,2025-03-11,381.44,Paid,Card
PM0000158,P000045,2023-10-15,288.86,Paid,ACH
PM0000159,P000045,2024-04-01,288.86,Paid,Wire
PM0000160,P000046,2024-11-16,698.21,Paid,Check
PM0000161,P000046,2025-02-27,698.21,Paid,ACH
PM0000162,P000046,2025-05-26,698.21,Paid,Wire
PM0000163,P000046,2025-08-11,698.21,Late,ACH
PM0000164,P000047,2024-07-07,173.4,Paid,Check
PM0000165,P000047,2024-10-02,173.4,Paid,Card
PM0000166,P000047,2025-01-07,173.4,Paid,Check
PM0000167,P000047,2025-04-03,173.4,Paid,Check
PM0000168,P000048,2023-12-01,821.57,Paid,Wire
PM0000169,P000048,2024-02-17,821.57,Paid,ACH
PM0000170,P000048,2024-05-18,821.57,Paid,Wire
PM0000171,P000049,2024-10-16,1774.06,Paid,Check
PM0000172,P000049,2025-01-17,1774.06,Failed,Check
PM0000173,P000049,2025-04-29,1774.06,Paid,ACH
PM0000174,P000049,2025-07-18,1774.06,Paid,Card
PM0000175,P000050,2023-01-10,2513.15,Paid,Check
PM0000176,P000050,2023-04-08,2513.15,Paid,Wire
PM0000177,P000050,2023-07-06,2513.15,Paid,ACH
PM0000178,P000050,2023-10-13,2513.15,Paid,ACH
PM0000179,P000051,2024-05-25,256.37,Paid,ACH
PM0000180,P000051,2024-09-04,256.37,Late,Check
PM0000181,P000051,2024-11-23,256.37,Paid,Card
PM0000182,P000051,2025-02-21,256.37,Paid,Check
PM0000183,P000052,2024-05-31,311.78,Paid,Check
PM0000184,P000052,2025-02-19,311.78,Paid,Card
PM0000185,P000053,2024-09-07,478.01,Paid,Wire
PM0000186,P000053,2024-11-23,478.01,Paid,Check
PM0000187,P000053,2025-02-28,478.01,Paid,Wire
PM0000188,P000053,2025-05-22,478.01,Paid,ACH
PM0000189,P000054,2023-08-14,617.42,Paid,Check
PM0000190,P000054,2023-10-25,617.42,Paid,Wire
PM0000191,P000054,2024-02-09,617.42,Paid,ACH
PM0000192,P000054,2024-05-01,617.42,Paid,Wire
PM0000193,P000055,2024-02-12,373.62,Paid,Card
PM0000194,P000055,2024-05-08,373.62,Paid,Wire
PM0000195,P000055,2024-08-07,373.62,Paid,Card
PM0000196,P000055,2024-10-30,373.62,Failed,Card
PM0000197,P000056,2024-09-16,594.2,Paid,ACH
PM0000198,P000056,2024-12-14,594.2,Paid,Wire
PM0000199,P000056,2025-06-15,594.2,Paid,Card
PM0000200,P000057,2025-05-31,149.06,Paid,ACH
PM0000201,P000057,2025-09-04,149.06,Late,ACH
PM0000202,P000057,2025-12-15,149.06,Paid,Wire
PM0000203,P000058,2025-06-23,745.44,Paid,Card
PM0000204,P000058,2025-12-29,745.44,Paid,Wire
PM0000205,P000059,2023-05-03,407.8,Late,ACH
PM0000206,P000059,2023-08-03,407.8,Paid,ACH
PM0000207,P000059,2023-11-12,407.8,Paid,Check
PM0000208,P000060,2024-10-04,283.19,Paid,Card
PM0000209,P000060,2024-12-20,283.19,Paid,Wire
PM0000210,P000060,2025-03-13,283.19,Paid,Check
PM0000211,P000060,2025-06-18,283.19,Paid,Check
PM0000212,P000061,2023-03-21,2205.48,Paid,Check
PM0000213,P000061,2023-06-18,2205.48,Failed,Check
PM0000214,P000061,2023-09-12,2205.48,Paid,Wire
PM0000215,P000061,2023-12-15,2205.48,Paid,ACH
PM0000216,P000062,2024-02-29,1530.29,Paid,Check
PM0000217,P000062,2024-08-15,1530.29,Paid,ACH
PM0000218,P000062,2024-11-11,1530.29,Paid,ACH
PM0000219,P000063,2024-06-09,181.67,Paid,Wire
PM0000220,P000063,2024-09-15,181.67,Paid,Check
PM0000221,P000063,2025-03-17,181.67,Paid,Wire
PM0000222,P000064,2023-12-22,2500.67,Paid,Wire
PM0000223,P000064,2024-03-24,2500.67,Paid,ACH
PM0000224,P000064,2024-06-19,2500.67,Paid,Wire
PM0000225,P000064,2024-09-16,2500.67,Failed,Wire
PM0000226,P000065,2024-10-04,183.38,Paid,Wire
PM0000227,P000065,2025-01-19,183.38,Paid,Wire
PM0000228,P000065,2025-04-21,183.38,Paid,Wire
PM0000229,P000066,2024-11-02,389.07,Paid,ACH
PM0000230,P000066,2025-02-01,389.07,Paid,Check
PM0000231,P000066,2025-04-28,389.07,Paid,ACH
PM0000232,P000066,2025-07-19,389.07,Paid,Card
PM0000233,P000067,2024-02-17,366.16,Paid,Wire
PM0000234,P000067,2024-08-04,366.16,Paid,Wire
PM0000235,P000067,2024-11-17,366.16,Paid,Check
PM0000236,P000068,2023-08-20,412.87,Paid,Wire
PM0000237,P000068,2024-02-25,412.87,Failed,Card
PM0000238,P000069,2024-10-18,1931.72,Paid,Wire
PM0000239,P000069,2025-01-16,1931.72,Paid,Check
PM0000240,P000069,2025-04-22,1931.72,Paid,Card
PM0000241,P000069,2025-07-28,1931.72,Paid,Check
PM0000242,P000070,2024-10-25,2717.09,Paid,ACH
PM0000243,P000070,2025-01-17,2717.09,Paid,ACH
PM0000244,P000070,2025-04-16,2717.09,Paid,Card
PM0000245,P000071,2023-03-27,521.19,Paid,Check
PM0000246,P000071,2023-06-08,521.19,Paid,Card
PM0000247,P000071,2023-09-03,521.19,Paid,Wire
PM0000248,P000071,2023-12-20,521.19,Paid,Check
PM0000249,P000072,2024-10-16,939.1,Paid,Check
PM0000250,P000072,2025-01-11,939.1,Paid,Check
PM0000251,P000072,2025-04-09,939.1,Paid,Wire
PM0000252,P000072,2025-07-15,939.1,Paid,Check
PM0000253,P000073,2024-11-04,331.28,Paid,Wire
PM0000254,P000073,2025-01-19,331.28,Paid,Wire
PM0000255,P000073,2025-05-03,331.28,Late,ACH
PM0000256,P000073,2025-08-03,331.28,Paid,Check
PM0000257,P000074,2025-06-14,402.86,Paid,Check
PM0000258,P000074,2025-08-29,402.86,Paid,Check
PM0000259,P000075,2024-08-31,360.15,Paid,Card
PM0000260,P000075,2024-11-18,360.15,Paid,ACH
PM0000261,P000075,2025-02-21,360.15,Paid,Card
PM0000262,P000075,2025-05-25,360.15,Paid,ACH
PM0000263,P000076,2024-10-24,402.81,Paid,Card
PM0000264,P000076,2025-01-23,402.81,Paid,Check
PM0000265,P000076,2025-04-17,402.81,Paid,Card
PM0000266,P000077,2023-06-13,349.91,Paid,Card
PM0000267,P000077,2023-09-11,349.91,Refunded,Wire
PM0000268,P000077,2023-11-25,349.91,Paid,Check
PM0000269,P000077,2024-03-06,349.91,Paid,Check
PM0000270,P000078,2025-03-22,568.87,Paid,ACH
PM0000271,P000078,2025-07-01,568.87,Paid,ACH
PM0000272,P000078,2025-10-02,568.87,Paid,ACH
PM0000273,P000079,2024-02-28,346.6,Failed,Card
PM0000274,P000079,2024-05-24,346.6,Paid,ACH
PM0000275,P000079,2024-08-19,346.6,Paid,Card
PM0000276,P000079,2024-11-21,346.6,Paid,ACH
PM0000277,P000080,2025-06-22,506.29,Paid,Card
PM0000278,P000080,2025-12-18,506.29,Paid,Wire
PM0000279,P000081,2023-03-10,350.47,Late,Wire
PM0000280,P000081,2023-06-01,350.47,Paid,ACH
PM0000281,P000081,2023-08-29,350.47,Paid,Card
PM0000282,P000081,2023-12-05,350.47,Paid,Wire
PM0000283,P000082,2023-11-07,779.91,Refunded,Card
PM0000284,P000082,2024-05-17,779.91,Paid,Check
PM0000285,P000082,2024-08-16,779.91,Paid,Card
PM0000286,P000083,2023-09-13,333.82,Paid,Card
PM0000287,P000083,2023-12-05,333.82,Late,Card
PM0000288,P000083,2024-03-05,333.82,Late,ACH
PM0000289,P000083,2024-06-09,333.82,Paid,Card
PM0000290,P000084,2023-08-08,1439.63,Paid,Wire
PM0000291,P000084,2023-11-04,1439.63,Paid,Wire
PM0000292,P000084,2024-02-05,1439.63,Paid,Wire
PM0000293,P000085,2023-03-22,393.65,Paid,Card
PM0000294,P000085,2023-06-12,393.65,Paid,Card
PM0000295,P000085,2023-09-12,393.65,Paid,Check
PM0000296,P000085,2023-12-12,393.65,Failed,Check
PM0000297,P000086,2024-06-16,263.01,Refunded,Check
PM0000298,P000086,2024-09-22,263.01,Paid,Wire
PM0000299,P000086,2024-12-18,263.01,Paid,Wire
PM0000300,P000086,2025-03-12,263.01,Paid,ACH
PM0000301,P000087,2023-07-20,252.59,Paid,ACH
PM0000302,P000087,2023-10-09,252.59,Paid,Card
PM0000303,P000087,2024-01-23,252.59,Paid,ACH
PM0000304,P000087,2024-04-14,252.59,Paid,Card
PM0000305,P000088,2024-08-26,1208.48,Paid,Card
PM0000306,P000088,2024-11-26,1208.48,Paid,ACH
PM0000307,P000088,2025-02-19,1208.48,Paid,ACH
PM0000308,P000088,2025-05-23,1208.48,Paid,ACH
PM0000309,P000089,2023-01-30,1645.69,Paid,Card
PM0000310,P000089,2023-04-29,1645.69,Paid,Wire
PM0000311,P000089,2023-07-16,1645.69,Paid,Card
PM0000312,P000089,2023-10-29,1645.69,Paid,ACH
PM0000313,P000090,2024-01-07,445.19,Paid,Wire
PM0000314,P000090,2024-04-01,445.19,Paid,Check
PM0000315,P000090,2024-07-12,445.19,Late,Wire
PM0000316,P000091,2023-04-17,1487.86,Paid,Wire
PM0000317,P000091,2023-07-11,1487.86,Late,ACH
PM0000318,P000091,2023-10-22,1487.86,Late,Check
PM0000319,P000091,2024-01-05,1487.86,Paid,Card
PM0000320,P000092,2024-02-06,2382.61,Paid,ACH
PM0000321,P000092,2024-05-20,2382.61,Paid,Check
PM0000322,P000092,2024-08-13,2382.61,Paid,Wire
PM0000323,P000092,2024-11-01,2382.61,Paid,Check
PM0000324,P000093,2024-07-28,524.12,Paid,Wire
PM0000325,P000093,2024-11-09,524.12,Paid,ACH
PM0000326,P000093,2025-02-12,524.12,Paid,Card
PM0000327,P000093,2025-05-05,524.12,Paid,ACH
PM0000328,P000094,2023-12-12,1794.9,Paid,Check
PM0000329,P000094,2024-02-21,1794.9,Paid,ACH
PM0000330,P000094,2024-05-20,1794.9,Paid,ACH
PM0000331,P000094,2024-09-03,1794.9,Paid,ACH
PM0000332,P000095,2024-11-26,648.89,Paid,Check
PM0000333,P000095,2025-02-20,648.89,Paid,Card
PM0000334,P000095,2025-05-06,648.89,Late,Wire
PM0000335,P000095,2025-08-16,648.89,Paid,Check
PM0000336,P000096,2025-01-30,343.61,Failed,ACH
PM0000337,P000096,2025-04-23,343.61,Late,ACH
PM0000338,P000096,2025-08-01,343.61,Paid,Wire
PM0000339,P000096,2025-10-30,343.61,Paid,Wire
PM0000340,P000097,2023-12-24,512.23,Paid,Wire
PM0000341,P000097,2024-03-15,512.23,Paid,ACH
PM0000342,P000097,2024-06-26,512.23,Paid,Check
PM0000343,P000097,2024-09-15,512.23,Paid,Check
PM0000344,P000098,2023-04-30,677.45,Refunded,ACH
PM0000345,P000098,2023-08-13,677.45,Paid,ACH
PM0000346,P000098,2023-11-03,677.45,Late,Wire
PM0000347,P000098,2024-01-24,677.45,Paid,Check
PM0000348,P000099,2023-09-09,1576.03,Paid,Check
PM0000349,P000099,2023-12-14,1576.03,Paid,Card
PM0000350,P000099,2024-03-12,1576.03,Paid,Check
PM0000351,P000099,2024-05-29,1576.03,Paid,Wire
PM0000352,P000100,2025-06-25,403.19,Paid,Check
PM0000353,P000100,2025-09-14,403.19,Paid,Card
PM0000354,P000100,2025-12-09,403.19,Paid,Check
PM0000355,P000101,2024-07-27,239.44,Paid,Card
PM0000356,P000101,2024-10-23,239.44,Paid,ACH
PM0000357,P000101,2025-01-21,239.44,Paid,Check
PM0000358,P000102,2023-05-17,1388.98,Paid,Check
PM0000359,P000102,2023-09-02,1388.98,Late,Wire
PM0000360,P000102,2023-11-28,1388.98,Paid,Check
PM0000361,P000102,2024-02-28,1388.98,Late,Wire
PM0000362,P000103,2025-06-02,198.78,Paid,Card
PM0000363,P000103,2025-08-21,198.78,Failed,Check
PM0000364,P000103,2025-12-04,198.78,Paid,ACH
PM0000365,P000104,2023-12-30,611.16,Paid,Card
PM0000366,P000104,2024-04-13,611.16,Paid,Card
PM0000367,P000104,2024-07-09,611.16,Paid,Check
PM0000368,P000105,2024-05-20,434.71,Paid,Check
PM0000369,P000105,2024-08-17,434.71,Paid,Card
PM0000370,P000105,2024-11-09,434.71,Late,Card
PM0000371,P000105,2025-02-02,434.71,Paid,Check
PM0000372,P000106,2024-11-30,1535.61,Paid,ACH
PM0000373,P000106,2025-03-03,1535.61,Paid,Wire
PM0000374,P000106,2025-05-30,1535.61,Refunded,Check
PM0000375,P000106,2025-08-22,1535.61,Paid,Card
PM0000376,P000107,2024-10-19,1765.45,Paid,Card
PM0000377,P000107,2025-01-08,1765.45,Paid,Wire
PM0000378,P000107,2025-04-06,1765.45,Paid,Check
PM0000379,P000107,2025-07-16,1765.45,Paid,Check
PM0000380,P000108,2025-04-14,381.95,Paid,Wire
PM0000381,P000108,2025-07-03,381.95,Paid,Check
PM0000382,P000108,2025-10-07,381.95,Paid,Card
PM0000383,P000109,2025-05-01,334.45,Paid,Wire
PM0000384,P000109,2025-08-09,334.45,Paid,Card
PM0000385,P000109,2025-11-08,334.45,Late,Check
PM0000386,P000110,2024-12-31,334.81,Paid,ACH
PM0000387,P000110,2025-03-15,334.81,Paid,Card
PM0000388,P000110,2025-06-14,334.81,Paid,ACH
PM0000389,P000111,2023-07-01,801.03,Paid,Check
PM0000390,P000111,2023-09-26,801.03,Paid,ACH
PM0000391,P000111,2024-01-01,801.03,Paid,Check
PM0000392,P000111,2024-03-20,801.03,Paid,Check
PM0000393,P000112,2024-08-08,204.81,Paid,ACH
PM0000394,P000112,2024-11-02,204.81,Paid,ACH
PM0000395,P000112,2025-01-31,204.81,Paid,Wire
PM0000396,P000112,2025-05-08,204.81,Paid,ACH
PM0000397,P000113,2025-03-28,305.05,Late,ACH
PM0000398,P000113,2025-06-14,305.05,Paid,Card
PM0000399,P000113,2025-09-11,305.05,Late,ACH
PM0000400,P000113,2025-12-15,305.05,Paid,Check
PM0000401,P000114,2024-07-28,1723.36,Paid,Wire
PM0000402,P000114,2024-10-25,1723.36,Paid,Card
PM0000403,P000114,2025-01-23,1723.36,Paid,Card
PM0000404,P000115,2025-06-03,1738.19,Late,Card
PM0000405,P000115,2025-09-16,1738.19,Paid,Card
PM0000406,P000115,2025-12-13,1738.19,Paid,Card
PM0000407,P000116,2025-02-26,2511.37,Paid,Check
PM0000408,P000116,2025-06-06,2511.37,Paid,ACH
PM0000409,P000116,2025-09-05,2511.37,Paid,Card
PM0000410,P000116,2025-11-23,2511.37,Paid,Wire
PM0000411,P000117,2023-10-23,513.29,Paid,Wire
PM0000412,P000117,2024-04-17,513.29,Paid,ACH
PM0000413,P000117,2024-07-03,513.29,Failed,Check
PM0000414,P000118,2025-04-26,2090.76,Refunded,Card
PM0000415,P000118,2025-07-19,2090.76,Paid,Check
PM0000416,P000118,2025-10-11,2090.76,Late,ACH
PM0000417,P000119,2023-09-06,1020.98,Late,ACH
PM0000418,P000119,2023-12-19,1020.98,Paid,Check
PM0000419,P000119,2024-02-28,1020.98,Paid,ACH
PM0000420,P000119,2024-06-12,1020.98,Paid,Check
PM0000421,P000120,2024-08-03,1660.45,Paid,Card
PM0000422,P000120,2024-10-31,1660.45,Late,ACH
PM0000423,P000120,2025-01-29,1660.45,Paid,Wire
PM0000424,P000120,2025-04-28,1660.45,Paid,Check
PM0000425,P000121,2025-06-13,1414.85,Paid,ACH
PM0000426,P000121,2025-09-03,1414.85,Late,Check
PM0000427,P000121,2025-11-26,1414.85,Paid,Wire
PM0000428,P000122,2023-10-11,296.94,Paid,Check
PM0000429,P000122,2023-12-28,296.94,Paid,ACH
PM0000430,P000122,2024-03-26,296.94,Paid,ACH
PM0000431,P000122,2024-07-10,296.94,Paid,Check
PM0000432,P000123,2023-03-14,277.09,Paid,Wire
PM0000433,P000123,2023-06-16,277.09,Failed,Wire
PM0000434,P000123,2023-09-10,277.09,Paid,ACH
PM0000435,P000123,2023-12-03,277.09,Paid,Card
PM0000436,P000124,2023-02-10,278.46,Paid,ACH
PM0000437,P000124,2023-04-26,278.46,Late,Check
PM0000438,P000124,2023-08-01,278.46,Paid,ACH
PM0000439,P000124,2023-11-07,278.46,Paid,Card
PM0000440,P000125,2025-04-14,725.67,Paid,ACH
PM0000441,P000125,2025-07-21,725.67,Paid,Card
PM0000442,P000125,2025-10-14,725.67,Paid,Check
PM0000443,P000126,2024-04-25,457.96,Paid,Card
PM0000444,P000126,2024-07-17,457.96,Paid,ACH
PM0000445,P000126,2024-10-23,457.96,Paid,Wire
PM0000446,P000126,2025-01-28,457.96,Paid,Check
PM0000447,P000127,2024-02-28,1642.09,Paid,ACH
PM0000448,P000127,2024-06-01,1642.09,Paid,Card
PM0000449,P000127,2024-08-25,1642.09,Paid,Card
PM0000450,P000127,2024-11-29,1642.09,Paid,Card
PM0000451,P000128,2025-07-02,2459.35,Paid,ACH
PM0000452,P000129,2024-02-29,1500.98,Paid,Card
PM0000453,P000129,2024-05-16,1500.98,Paid,Check
PM0000454,P000129,2024-08-29,1500.98,Paid,Card
PM0000455,P000129,2024-11-14,1500.98,Paid,ACH
PM0000456,P000130,2023-04-08,208.12,Paid,Check
PM0000457,P000130,2023-07-06,208.12,Paid,Wire
PM0000458,P000130,2023-10-19,208.12,Paid,Check
PM0000459,P000130,2024-01-04,208.12,Paid,Check
PM0000460,P000131,2025-03-05,209.21,Paid,ACH
PM0000461,P000131,2025-06-14,209.21,Paid,Check
PM0000462,P000131,2025-09-09,209.21,Paid,Wire
PM0000463,P000131,2025-12-15,209.21,Paid,Check
PM0000464,P000132,2024-12-16,2523.57,Paid,Card
PM0000465,P000132,2025-03-14,2523.57,Paid,Card
PM0000466,P000132,2025-09-07,2523.57,Paid,Wire
PM0000467,P000133,2024-11-18,1609.52,Paid,Check
PM0000468,P000133,2025-02-23,1609.52,Refunded,ACH
PM0000469,P000133,2025-05-11,1609.52,Paid,ACH
PM0000470,P000133,2025-08-19,1609.52,Failed,Card
PM0000471,P000134,2023-09-24,1622.57,Paid,Check
PM0000472,P000134,2023-12-15,1622.57,Paid,ACH
PM0000473,P000134,2024-03-14,1622.57,Paid,Card
PM0000474,P000134,2024-06-09,1622.57,Paid,Card
PM0000475,P000135,2023-06-25,1548.18,Paid,Wire
PM0000476,P000135,2023-10-08,1548.18,Paid,ACH
PM0000477,P000135,2023-12-20,1548.18,Paid,Wire
PM0000478,P000135,2024-03-22,1548.18,Paid,ACH
PM0000479,P000136,2023-06-19,1689.13,Paid,ACH
PM0000480,P000136,2023-09-15,1689.13,Paid,ACH
PM0000481,P000136,2023-12-24,1689.13,Paid,Card
PM0000482,P000136,2024-03-29,1689.13,Paid,ACH
PM0000483,P000137,2023-12-21,302.99,Failed,Check
PM0000484,P000137,2024-03-14,302.99,Paid,Card
PM0000485,P000137,2024-06-12,302.99,Paid,Wire
PM0000486,P000137,2024-09-09,302.99,Paid,ACH
PM0000487,P000138,2023-11-11,446.64,Paid,Wire
PM0000488,P000138,2024-01-31,446.64,Paid,ACH
PM0000489,P000138,2024-04-22,446.64,Paid,Check
PM0000490,P000139,2023-05-22,1508.11,Paid,ACH
PM0000491,P000139,2023-08-16,1508.11,Paid,Check
PM0000492,P000139,2023-11-23,1508.11,Paid,Wire
PM0000493,P000139,2024-02-12,1508.11,Late,ACH
PM0000494,P000140,2025-05-18,551.69,Paid,Wire
PM0000495,P000140,2025-08-13,551.69,Paid,Check
PM0000496,P000140,2025-11-15,551.69,Paid,Wire
PM0000497,P000141,2023-07-12,663.46,Failed,ACH
PM0000498,P000141,2023-10-11,663.46,Paid,Check
PM0000499,P000141,2024-01-15,663.46,Paid,Wire
PM0000500,P000141,2024-04-04,663.46,Paid,Check
PM0000501,P000142,2024-10-13,292.08,Paid,Wire
PM0000502,P000142,2025-01-04,292.08,Paid,Card
PM0000503,P000142,2025-04-17,292.08,Paid,Check
PM0000504,P000143,2024-12-04,421.33,Paid,Wire
PM0000505,P000143,2025-02-27,421.33,Paid,Check
PM0000506,P000143,2025-08-23,421.33,Paid,Wire
PM0000507,P000144,2024-03-27,1475.88,Paid,Wire
PM0000508,P000144,2024-07-04,1475.88,Paid,Card
PM0000509,P000144,2024-12-29,1475.88,Paid,Check
PM0000510,P000145,2024-07-19,2008.66,Late,ACH
PM0000511,P000145,2024-10-19,2008.66,Refunded,Check
PM0000512,P000145,2025-01-16,2008.66,Paid,Wire
PM0000513,P000145,2025-04-17,2008.66,Paid,Check
PM0000514,P000146,2025-02-21,309.94,Paid,ACH
PM0000515,P000146,2025-05-30,309.94,Paid,Wire
PM0000516,P000146,2025-08-15,309.94,Paid,Wire
PM0000517,P000147,2024-04-01,223.32,Paid,Check
PM0000518,P000147,2024-07-03,223.32,Paid,Check
PM0000519,P000147,2024-09-16,223.32,Paid,ACH
PM0000520,P000147,2024-12-15,223.32,Paid,Check
PM0000521,P000148,2025-05-27,271.81,Paid,Wire
PM0000522,P000148,2025-09-02,271.81,Paid,Card
PM0000523,P000148,2025-12-08,271.81,Paid,Card
PM0000524,P000149,2023-08-29,469.27,Paid,Wire
PM0000525,P000149,2023-11-25,469.27,Paid,Check
PM0000526,P000149,2024-02-17,469.27,Paid,Wire
PM0000527,P000149,2024-05-24,469.27,Paid,Card
PM0000528,P000150,2025-04-29,1229.16,Late,Check
PM0000529,P000150,2025-08-17,1229.16,Paid,Wire
PM0000530,P000150,2025-11-02,1229.16,Failed,Wire
PM0000531,P000151,2023-03-17,547.6,Paid,Card
PM0000532,P000151,2023-06-16,547.6,Paid,Check
PM0000533,P000151,2023-09-08,547.6,Paid,Check
PM0000534,P000151,2023-12-13,547.6,Paid,ACH
PM0000535,P000152,2023-04-25,415.96,Paid,Wire
PM0000536,P000152,2023-07-23,415.96,Paid,Wire
PM0000537,P000152,2023-10-20,415.96,Paid,Wire
PM0000538,P000152,2024-01-04,415.96,Paid,Wire
PM0000539,P000153,2023-06-03,247.19,Paid,Wire
PM0000540,P000153,2023-09-18,247.19,Paid,Card
PM0000541,P000153,2023-12-12,247.19,Paid,Card
PM0000542,P000153,2024-03-15,247.19,Paid,Check
PM0000543,P000154,2023-06-15,2569.88,Paid,Card
PM0000544,P000154,2023-09-16,2569.88,Late,ACH
PM0000545,P000154,2023-12-08,2569.88,Paid,ACH
PM0000546,P000155,2024-04-19,2628.97,Paid,Card
PM0000547,P000155,2024-08-02,2628.97,Paid,Wire
PM0000548,P000155,2024-10-17,2628.97,Late,ACH
PM0000549,P000155,2025-01-15,2628.97,Paid,Card
PM0000550,P000156,2023-12-24,348.57,Paid,ACH
PM0000551,P000156,2024-03-18,348.57,Paid,Check
PM0000552,P000156,2024-06-11,348.57,Paid,Card
PM0000553,P000156,2024-09-10,348.57,Paid,Card
PM0000554,P000157,2024-02-22,513.98,Paid,ACH
PM0000555,P000157,2024-05-10,513.98,Failed,Card
PM0000556,P000157,2024-08-18,513.98,Failed,Card
PM0000557,P000157,2024-11-17,513.98,Paid,ACH
PM0000558,P000158,2023-07-01,1216.2,Failed,ACH
PM0000559,P000158,2023-09-30,1216.2,Paid,Card
PM0000560,P000158,2023-12-26,1216.2,Paid,Card
PM0000561,P000158,2024-03-10,1216.2,Paid,Card
PM0000562,P000159,2023-10-01,420.84,Late,ACH
PM0000563,P000159,2023-12-24,420.84,Paid,Check
PM0000564,P000159,2024-03-25,420.84,Paid,Card
PM0000565,P000159,2024-06-20,420.84,Paid,Check
PM0000566,P000160,2025-02-03,374.47,Paid,ACH
PM0000567,P000160,2025-05-04,374.47,Paid,Wire
PM0000568,P000160,2025-08-08,374.47,Paid,Wire
PM0000569,P000160,2025-11-15,374.47,Paid,ACH
PM0000570,P000161,2023-11-30,328.98,Paid,Wire
PM0000571,P000161,2024-03-04,328.98,Paid,ACH
PM0000572,P000161,2024-05-26,328.98,Paid,Check
PM0000573,P000161,2024-09-06,328.98,Late,ACH
PM0000574,P000162,2023-03-13,300.65,Paid,Check
PM0000575,P000162,2023-06-12,300.65,Paid,Wire
PM0000576,P000162,2023-09-17,300.65,Failed,Card
PM0000577,P000163,2024-07-04,216.81,Paid,Card
PM0000578,P000163,2024-10-18,216.81,Paid,Wire
PM0000579,P000163,2025-01-13,216.81,Paid,ACH
PM0000580,P000163,2025-04-03,216.81,Paid,Check
PM0000581,P000164,2023-07-20,367.18,Paid,Check
PM0000582,P000164,2023-10-03,367.18,Paid,Check
PM0000583,P000164,2024-04-19,367.18,Paid,ACH
PM0000584,P000165,2024-11-30,1560.56,Paid,Card
PM0000585,P000165,2025-03-09,1560.56,Failed,Check
PM0000586,P000165,2025-06-08,1560.56,Paid,Check
PM0000587,P000165,2025-09-14,1560.56,Paid,ACH
PM0000588,P000166,2024-11-09,426.41,Paid,Card
PM0000589,P000166,2025-02-22,426.41,Paid,Wire
PM0000590,P000166,2025-05-10,426.41,Paid,Check
PM0000591,P000166,2025-08-20,426.41,Paid,Check
PM0000592,P000167,2024-06-08,550.34,Paid,ACH
PM0000593,P000167,2024-09-08,550.34,Paid,Check
PM0000594,P000167,2024-12-10,550.34,Late,Card
PM0000595,P000167,2025-02-22,550.34,Paid,Check
PM0000596,P000168,2024-08-20,540.82,Paid,Wire
PM0000597,P000168,2024-10-31,540.82,Failed,Check
PM0000598,P000168,2025-05-10,540.82,Paid,Card
PM0000599,P000169,2024-12-21,309.69,Paid,Check
PM0000600,P000169,2025-03-29,309.69,Paid,ACH
PM0000601,P000169,2025-06-24,309.69,Paid,Wire
PM0000602,P000169,2025-09-18,309.69,Paid,Card
PM0000603,P000170,2024-02-13,1436.88,Paid,ACH
PM0000604,P000170,2024-05-05,1436.88,Paid,Check
PM0000605,P000170,2024-08-13,1436.88,Paid,Check
PM0000606,P000170,2024-11-01,1436.88,Failed,ACH
PM0000607,P000171,2023-06-24,715.75,Paid,Card
PM0000608,P000171,2023-09-07,715.75,Paid,ACH
PM0000609,P000171,2023-12-18,715.75,Paid,Check
PM0000610,P000171,2024-03-04,715.75,Paid,Check
PM0000611,P000172,2023-03-18,343.49,Paid,Wire
PM0000612,P000172,2023-06-25,343.49,Paid,Check
PM0000613,P000172,2023-12-19,343.49,Paid,Check
PM0000614,P000173,2023-06-02,280.58,Paid,ACH
PM0000615,P000173,2023-08-29,280.58,Paid,ACH
PM0000616,P000173,2023-12-06,280.58,Paid,Card
PM0000617,P000173,2024-03-12,280.58,Paid,ACH
PM0000618,P000174,2024-09-26,656.64,Late,ACH
PM0000619,P000174,2024-12-23,656.64,Paid,Wire
PM0000620,P000174,2025-03-25,656.64,Late,Card
PM0000621,P000174,2025-06-23,656.64,Paid,ACH
PM0000622,P000175,2025-03-30,684.72,Paid,Wire
PM0000623,P000175,2025-06-17,684.72,Refunded,Wire
PM0000624,P000175,2025-09-13,684.72,Paid,Check
PM0000625,P000175,2025-12-14,684.72,Paid,Wire
PM0000626,P000176,2024-05-18,484.41,Paid,Wire
PM0000627,P000176,2024-09-02,484.41,Paid,Card
PM0000628,P000176,2024-11-18,484.41,Paid,Wire
PM0000629,P000176,2025-02-19,484.41,Paid,Wire
PM0000630,P000177,2023-06-18,317.96,Paid,Wire
PM0000631,P000177,2023-09-16,317.96,Paid,ACH
PM0000632,P000177,2023-12-09,317.96,Paid,Check
PM0000633,P000178,2025-07-02,2071.41,Paid,ACH
PM0000634,P000178,2025-09-18,2071.41,Paid,ACH
PM0000635,P000179,2024-09-16,216.04,Paid,ACH
PM0000636,P000179,2024-12-08,216.04,Paid,Check
PM0000637,P000179,2025-03-12,216.04,Paid,Card
PM0000638,P000180,2023-04-16,485.3,Paid,Wire
PM0000639,P000180,2023-07-11,485.3,Paid,Wire
PM0000640,P000180,2024-01-12,485.3,Paid,Check
PM0000641,P000181,2025-06-22,331.79,Paid,ACH
PM0000642,P000181,2025-09-16,331.79,Paid,Check
PM0000643,P000181,2025-12-17,331.79,Late,Card
PM0000644,P000182,2024-03-10,2406.44,Paid,Card
PM0000645,P000182,2024-06-09,2406.44,Paid,ACH
PM0000646,P000182,2024-09-13,2406.44,Paid,Wire
PM0000647,P000182,2024-12-19,2406.44,Paid,ACH
PM0000648,P000183,2025-04-08,235.38,Paid,Card
PM0000649,P000183,2025-06-29,235.38,Paid,Wire
PM0000650,P000183,2025-10-04,235.38,Failed,ACH
PM0000651,P000184,2023-09-24,1215.73,Late,Card
PM0000652,P000184,2023-12-26,1215.73,Paid,Card
PM0000653,P000184,2024-03-20,1215.73,Paid,Check
PM0000654,P000184,2024-06-22,1215.73,Late,Check
PM0000655,P000185,2025-07-02,379.47,Paid,Card
PM0000656,P000185,2025-12-24,379.47,Paid,Card
PM0000657,P000186,2024-08-22,1278.03,Paid,Check
PM0000658,P000186,2025-02-11,1278.03,Paid,Wire
PM0000659,P000186,2025-05-20,1278.03,Paid,Wire
PM0000660,P000187,2023-09-10,776.23,Failed,Wire
PM0000661,P000187,2023-11-28,776.23,Paid,Wire
PM0000662,P000187,2024-03-13,776.23,Paid,Wire
PM0000663,P000187,2024-05-31,776.23,Paid,Card
PM0000664,P000188,2024-09-13,1184.28,Paid,Wire
PM0000665,P000188,2024-12-10,1184.28,Paid,Card
PM0000666,P000188,2025-03-08,1184.28,Paid,Check
PM0000667,P000189,2025-02-04,574.16,Paid,ACH
PM0000668,P000189,2025-05-04,574.16,Paid,Wire
PM0000669,P000189,2025-07-24,574.16,Paid,ACH
PM0000670,P000189,2025-11-03,574.16,Paid,ACH
PM0000671,P000190,2025-04-23,1824.48,Paid,ACH
PM0000672,P000190,2025-07-21,1824.48,Late,Card
PM0000673,P000190,2025-10-12,1824.48,Paid,Card
PM0000674,P000191,2024-07-20,154.41,Paid,ACH
PM0000675,P000191,2024-10-14,154.41,Paid,Wire
PM0000676,P000191,2025-01-24,154.41,Paid,ACH
PM0000677,P000191,2025-04-14,154.41,Paid,Wire
PM0000678,P000192,2024-09-24,293.03,Paid,Wire
PM0000679,P000192,2025-01-08,293.03,Failed,Wire
PM0000680,P000192,2025-04-09,293.03,Paid,Card
PM0000681,P000192,2025-07-01,293.03,Paid,Card
PM0000682,P000193,2024-08-03,635.08,Late,ACH
PM0000683,P000193,2024-10-24,635.08,Paid,Check
PM0000684,P000193,2025-01-18,635.08,Paid,Wire
PM0000685,P000193,2025-04-22,635.08,Paid,Check
PM0000686,P000194,2024-07-19,195.22,Paid,Check
PM0000687,P000194,2024-10-03,195.22,Paid,Card
PM0000688,P000194,2024-12-31,195.22,Paid,Check
PM0000689,P000194,2025-04-10,195.22,Paid,Wire
PM0000690,P000195,2024-07-19,222.34,Paid,ACH
PM0000691,P000195,2024-10-07,222.34,Paid,ACH
PM0000692,P000195,2025-01-01,222.34,Late,ACH
PM0000693,P000195,2025-03-27,222.34,Paid,Wire
PM0000694,P000196,2024-01-12,274.76,Paid,Card
PM0000695,P000196,2024-04-16,274.76,Paid,ACH
PM0000696,P000196,2024-07-17,274.76,Paid,ACH
PM0000697,P000197,2023-09-12,450.25,Late,Check
PM0000698,P000197,2023-12-02,450.25,Paid,ACH
PM0000699,P000197,2024-03-10,450.25,Paid,Wire
PM0000700,P000197,2024-05-24,450.25,Paid,Card
PM0000701,P000198,2024-09-16,198.28,Paid,Wire
PM0000702,P000198,2024-12-18,198.28,Paid,Check
PM0000703,P000199,2023-10-26,796.09,Paid,Check
PM0000704,P000199,2024-01-11,796.09,Paid,Card
PM0000705,P000199,2024-04-19,796.09,Paid,Check
PM0000706,P000199,2024-07-14,796.09,Paid,ACH
PM0000707,P000200,2024-08-07,384.64,Paid,Card
PM0000708,P000200,2024-11-01,384.64,Paid,Check
PM0000709,P000200,2025-01-23,384.64,Paid,ACH
PM0000710,P000201,2023-03-27,1165.52,Paid,ACH
PM0000711,P000201,2023-07-09,1165.52,Paid,Check
PM0000712,P000201,2023-09-26,1165.52,Paid,Check
PM0000713,P000201,2024-01-02,1165.52,Paid,Check
PM0000714,P000202,2024-04-10,1013.25,Paid,Wire
PM0000715,P000202,2024-06-24,1013.25,Paid,ACH
PM0000716,P000202,2024-10-06,1013.25,Paid,Wire
PM0000717,P000202,2024-12-19,1013.25,Paid,Check
PM0000718,P000203,2025-06-11,1502.34,Paid,ACH
PM0000719,P000203,2025-09-09,1502.34,Paid,Wire
PM0000720,P000203,2025-12-23,1502.34,Paid,ACH
PM0000721,P000204,2024-08-27,324.26,Refunded,Wire
PM0000722,P000204,2024-11-12,324.26,Paid,Check
PM0000723,P000205,2024-10-12,196.66,Paid,Wire
PM0000724,P000205,2025-01-19,196.66,Paid,Card
PM0000725,P000205,2025-04-22,196.66,Paid,ACH
PM0000726,P000205,2025-07-23,196.66,Paid,Check
PM0000727,P000206,2025-01-02,288.27,Paid,ACH
PM0000728,P000206,2025-04-01,288.27,Failed,Check
PM0000729,P000206,2025-06-15,288.27,Paid,ACH
PM0000730,P000206,2025-09-30,288.27,Paid,Check
PM0000731,P000207,2024-01-24,416.44,Refunded,ACH
PM0000732,P000207,2024-05-06,416.44,Late,ACH
PM0000733,P000207,2024-08-08,416.44,Paid,Card
PM0000734,P000207,2024-11-06,416.44,Paid,ACH
PM0000735,P000208,2023-12-09,1757.96,Paid,ACH
PM0000736,P000208,2024-06-11,1757.96,Paid,Wire
PM0000737,P000208,2024-09-09,1757.96,Paid,ACH
PM0000738,P000209,2024-12-03,402.12,Paid,Wire
PM0000739,P000209,2025-03-20,402.12,Paid,Wire
PM0000740,P000210,2023-05-09,1407.04,Paid,Wire
PM0000741,P000210,2023-08-14,1407.04,Paid,Wire
PM0000742,P000210,2023-11-04,1407.04,Paid,Check
PM0000743,P000210,2024-02-05,1407.04,Paid,Wire
PM0000744,P000211,2025-05-24,637.88,Paid,Card
PM0000745,P000211,2025-08-02,637.88,Paid,ACH
PM0000746,P000211,2025-11-16,637.88,Paid,Wire
PM0000747,P000212,2024-05-24,255.17,Paid,Check
PM0000748,P000212,2024-09-05,255.17,Paid,Wire
PM0000749,P000212,2024-11-21,255.17,Paid,Check
PM0000750,P000213,2023-11-07,321.89,Paid,Card
PM0000751,P000213,2024-02-14,321.89,Paid,Card
PM0000752,P000213,2024-05-05,321.89,Paid,ACH
PM0000753,P000213,2024-07-30,321.89,Failed,Card
PM0000754,P000214,2024-09-02,455.06,Paid,Check
PM0000755,P000214,2024-11-23,455.06,Paid,ACH
PM0000756,P000214,2025-02-25,455.06,Paid,Wire
PM0000757,P000214,2025-05-29,455.06,Paid,Card
PM0000758,P000215,2023-03-29,982.5,Paid,Card
PM0000759,P000215,2023-07-11,982.5,Paid,Card
PM0000760,P000215,2023-10-11,982.5,Paid,ACH
PM0000761,P000215,2023-12-31,982.5,Late,Check
PM0000762,P000216,2024-02-29,596.25,Paid,ACH
PM0000763,P000216,2024-05-25,596.25,Late,Card
PM0000764,P000216,2024-08-21,596.25,Paid,ACH
PM0000765,P000216,2024-11-19,596.25,Paid,ACH
PM0000766,P000217,2023-08-13,1830.82,Paid,Check
PM0000767,P000217,2023-11-15,1830.82,Paid,Check
PM0000768,P000217,2024-02-10,1830.82,Late,Wire
PM0000769,P000217,2024-05-11,1830.82,Paid,Card
PM0000770,P000218,2023-09-28,295.27,Failed,Wire
PM0000771,P000218,2023-12-27,295.27,Paid,ACH
PM0000772,P000218,2024-03-26,295.27,Paid,Wire
PM0000773,P000219,2024-07-05,256.5,Paid,ACH
PM0000774,P000219,2024-09-22,256.5,Paid,ACH
PM0000775,P000219,2024-12-30,256.5,Late,Card
PM0000776,P000219,2025-04-02,256.5,Late,ACH
PM0000777,P000220,2025-03-17,1394.94,Paid,Wire
PM0000778,P000220,2025-06-18,1394.94,Paid,Card
PM0000779,P000220,2025-09-18,1394.94,Paid,ACH
PM0000780,P000220,2025-12-10,1394.94,Paid,Card
PM0000781,P000221,2024-08-11,586.17,Paid,Card
PM0000782,P000221,2024-10-31,586.17,Late,Wire
PM0000783,P000221,2025-02-03,586.17,Paid,Check
PM0000784,P000221,2025-05-06,586.17,Paid,Check
PM0000785,P000222,2024-08-13,1485.99,Paid,Check
PM0000786,P000222,2024-10-28,1485.99,Refunded,Check
PM0000787,P000222,2025-02-05,1485.99,Paid,Card
PM0000788,P000222,2025-05-10,1485.99,Paid,Check
PM0000789,P000223,2023-04-21,437.41,Paid,ACH
PM0000790,P000223,2023-07-21,437.41,Paid,Check
PM0000791,P000223,2023-10-25,437.41,Paid,Wire
PM0000792,P000223,2024-01-11,437.41,Paid,Card
PM0000793,P000224,2024-06-15,717.71,Paid,Check
PM0000794,P000224,2024-08-27,717.71,Failed,Check
PM0000795,P000224,2024-12-06,717.71,Paid,Wire
PM0000796,P000225,2025-05-15,327.6,Paid,Card
PM0000797,P000225,2025-10-31,327.6,Paid,ACH
PM0000798,P000226,2025-02-19,367.49,Paid,ACH
PM0000799,P000226,2025-06-03,367.49,Paid,Wire
PM0000800,P000226,2025-09-07,367.49,Paid,Wire
PM0000801,P000226,2025-12-04,367.49,Paid,ACH
PM0000802,P000227,2025-01-17,622.88,Paid,Card
PM0000803,P000227,2025-04-22,622.88,Paid,Card
PM0000804,P000227,2025-07-16,622.88,Paid,Check
PM0000805,P000228,2023-05-29,399.38,Paid,Check
PM0000806,P000228,2023-08-23,399.38,Paid,ACH
PM0000807,P000228,2023-11-07,399.38,Paid,Wire
PM0000808,P000229,2024-06-15,784.72,Failed,Wire
PM0000809,P000229,2024-09-08,784.72,Paid,Check
PM0000810,P000229,2024-12-11,784.72,Late,Check
PM0000811,P000229,2025-03-23,784.72,Paid,Card
PM0000812,P000230,2023-05-12,348.2,Paid,Check
PM0000813,P000230,2023-08-24,348.2,Paid,Card
PM0000814,P000230,2023-11-11,348.2,Late,Wire
PM0000815,P000230,2024-02-19,348.2,Paid,Card
PM0000816,P000231,2025-03-24,547.75,Paid,ACH
PM0000817,P000231,2025-09-07,547.75,Paid,ACH
PM0000818,P000231,2025-12-05,547.75,Paid,Card
PM0000819,P000232,2025-07-05,601.73,Refunded,ACH
PM0000820,P000232,2025-10-02,601.73,Paid,Wire
PM0000821,P000233,2024-06-09,223.35,Paid,Wire
PM0000822,P000233,2024-09-12,223.35,Paid,Card
PM0000823,P000233,2024-12-11,223.35,Paid,ACH
PM0000824,P000233,2025-03-07,223.35,Paid,Card
PM0000825,P000234,2023-04-24,2433.39,Paid,Check
PM0000826,P000234,2023-07-25,2433.39,Paid,Wire
PM0000827,P000234,2023-10-21,2433.39,Paid,ACH
PM0000828,P000234,2024-01-20,2433.39,Paid,Card
PM0000829,P000235,2023-03-23,665.78,Paid,Card
PM0000830,P000235,2023-06-01,665.78,Paid,Check
PM0000831,P000235,2023-09-07,665.78,Paid,Card
PM0000832,P000235,2023-12-08,665.78,Paid,Wire
PM0000833,P000236,2023-04-04,259.3,Paid,ACH
PM0000834,P000236,2023-07-03,259.3,Paid,Card
PM0000835,P000236,2023-10-06,259.3,Late,Card
PM0000836,P000236,2023-12-23,259.3,Paid,Card
PM0000837,P000237,2025-01-28,213.13,Paid,ACH
PM0000838,P000237,2025-04-30,213.13,Paid,ACH
PM0000839,P000237,2025-07-27,213.13,Paid,Check
PM0000840,P000237,2025-11-07,213.13,Paid,Wire
PM0000841,P000238,2024-03-03,1375.11,Paid,ACH
PM0000842,P000238,2024-05-28,1375.11,Paid,ACH
PM0000843,P000238,2024-08-29,1375.11,Paid,Check
PM0000844,P000238,2024-12-04,1375.11,Paid,Check
PM0000845,P000239,2024-05-19,392.68,Paid,ACH
PM0000846,P000239,2024-08-15,392.68,Paid,Check
PM0000847,P000239,2024-11-18,392.68,Paid,ACH
PM0000848,P000239,2025-02-11,392.68,Paid,Wire
PM0000849,P000240,2023-07-21,1785.18,Paid,Wire
PM0000850,P000240,2023-10-11,1785.18,Paid,Check
PM0000851,P000240,2024-01-17,1785.18,Paid,Check
PM0000852,P000240,2024-04-16,1785.18,Paid,Wire
PM0000853,P000241,2024-01-06,280.38,Paid,Card
PM0000854,P000241,2024-04-04,280.38,Paid,Wire
PM0000855,P000241,2024-06-19,280.38,Paid,ACH
PM0000856,P000241,2024-09-20,280.38,Paid,ACH
PM0000857,P000242,2023-08-24,2182.54,Paid,Check
PM0000858,P000242,2023-11-20,2182.54,Paid,Wire
PM0000859,P000242,2024-03-04,2182.54,Paid,ACH
PM0000860,P000243,2025-02-01,1223.46,Paid,Check
PM0000861,P000243,2025-05-02,1223.46,Paid,ACH
PM0000862,P000243,2025-08-10,1223.46,Paid,Check
PM0000863,P000243,2025-11-07,1223.46,Paid,Wire
PM0000864,P000244,2024-10-29,240.16,Paid,ACH
PM0000865,P000244,2025-02-05,240.16,Paid,Check
PM0000866,P000244,2025-04-29,240.16,Paid,ACH
PM0000867,P000245,2023-02-23,1184.43,Paid,Card
PM0000868,P000245,2023-05-16,1184.43,Paid,ACH
PM0000869,P000245,2023-08-16,1184.43,Paid,Check
PM0000870,P000245,2023-12-02,1184.43,Paid,Check
PM0000871,P000246,2024-10-05,536.77,Paid,ACH
PM0000872,P000246,2024-12-20,536.77,Paid,Check
PM0000873,P000246,2025-06-30,536.77,Paid,Wire
PM0000874,P000247,2023-08-21,740.87,Late,ACH
PM0000875,P000247,2023-11-21,740.87,Paid,Check
PM0000876,P000247,2024-02-25,740.87,Paid,ACH
PM0000877,P000247,2024-05-29,740.87,Paid,Card
PM0000878,P000248,2024-04-15,525.5,Paid,ACH
PM0000879,P000248,2024-07-17,525.5,Paid,Card
PM0000880,P000248,2024-10-13,525.5,Paid,Check
PM0000881,P000248,2025-01-02,525.5,Paid,Wire
PM0000882,P000249,2023-02-09,2269.26,Refunded,ACH
PM0000883,P000249,2023-05-24,2269.26,Paid,Check
PM0000884,P000249,2023-11-08,2269.26,Paid,ACH
PM0000885,P000250,2024-11-16,483.37,Paid,Check
PM0000886,P000250,2025-02-14,483.37,Late,ACH
PM0000887,P000250,2025-05-05,483.37,Paid,Card
PM0000888,P000250,2025-08-10,483.37,Paid,Card
PM0000889,P000251,2025-02-14,1659.76,Paid,Check
PM0000890,P000251,2025-04-29,1659.76,Paid,Check
PM0000891,P000251,2025-07-31,1659.76,Paid,ACH
PM0000892,P000251,2025-11-03,1659.76,Paid,Card
PM0000893,P000252,2024-01-18,1193.74,Paid,Card
PM0000894,P000252,2024-04-11,1193.74,Paid,Wire
PM0000895,P000252,2024-07-01,1193.74,Paid,ACH
PM0000896,P000252,2024-10-01,1193.74,Paid,ACH
PM0000897,P000253,2024-03-24,260.01,Late,Check
PM0000898,P000253,2024-06-16,260.01,Paid,Card
PM0000899,P000253,2024-09-19,260.01,Paid,Wire
PM0000900,P000253,2024-12-13,260.01,Paid,Check
PM0000901,P000254,2024-03-18,212.06,Paid,ACH
PM0000902,P000254,2024-07-01,212.06,Late,Check
PM0000903,P000254,2024-12-24,212.06,Paid,Wire
PM0000904,P000255,2023-06-22,1743.53,Paid,Card
PM0000905,P000255,2023-09-07,1743.53,Paid,Card
PM0000906,P000255,2023-12-17,1743.53,Paid,Card
PM0000907,P000255,2024-03-15,1743.53,Paid,Card
PM0000908,P000256,2023-05-06,294.7,Paid,Wire
PM0000909,P000256,2023-11-09,294.7,Paid,Wire
PM0000910,P000256,2024-01-25,294.7,Paid,ACH
PM0000911,P000257,2025-09-02,1749.34,Paid,Card
PM0000912,P000258,2023-04-25,278.63,Paid,Card
PM0000913,P000258,2023-07-12,278.63,Late,ACH
PM0000914,P000258,2023-10-10,278.63,Paid,Check
PM0000915,P000258,2024-01-15,278.63,Paid,Card
PM0000916,P000259,2023-06-28,458.86,Paid,ACH
PM0000917,P000259,2023-09-26,458.86,Paid,Check
PM0000918,P000259,2023-12-26,458.86,Paid,ACH
PM0000919,P000259,2024-03-24,458.86,Paid,Wire
PM0000920,P000260,2024-03-20,1079.34,Late,Card
PM0000921,P000260,2024-09-19,1079.34,Paid,Check
PM0000922,P000260,2024-12-21,1079.34,Paid,Wire
PM0000923,P000261,2024-05-23,623.55,Paid,Check
PM0000924,P000261,2024-11-08,623.55,Paid,ACH
PM0000925,P000261,2025-02-24,623.55,Paid,Check
PM0000926,P000262,2024-09-03,468.62,Paid,ACH
PM0000927,P000262,2024-12-03,468.62,Paid,ACH
PM0000928,P000262,2025-03-08,468.62,Late,Check
PM0000929,P000262,2025-05-30,468.62,Paid,Check
PM0000930,P000263,2024-08-14,569.31,Paid,Card
PM0000931,P000263,2024-11-14,569.31,Paid,Wire
PM0000932,P000263,2025-02-20,569.31,Paid,Check
PM0000933,P000263,2025-05-22,569.31,Paid,Card
PM0000934,P000264,2024-11-14,2001.56,Paid,ACH
PM0000935,P000264,2025-05-07,2001.56,Paid,Card
PM0000936,P000264,2025-08-06,2001.56,Paid,Card
PM0000937,P000265,2024-06-01,482.67,Paid,ACH
PM0000938,P000265,2024-12-10,482.67,Paid,Wire
PM0000939,P000266,2024-12-04,224.79,Paid,Wire
PM0000940,P000266,2025-03-20,224.79,Paid,Card
PM0000941,P000266,2025-06-11,224.79,Failed,ACH
PM0000942,P000266,2025-08-30,224.79,Paid,Check
PM0000943,P000267,2024-12-24,425.27,Paid,Card
PM0000944,P000267,2025-03-19,425.27,Paid,Wire
PM0000945,P000267,2025-06-12,425.27,Paid,Wire
PM0000946,P000267,2025-09-16,425.27,Paid,ACH
PM0000947,P000268,2024-01-22,549.9,Paid,ACH
PM0000948,P000268,2024-04-12,549.9,Paid,ACH
PM0000949,P000268,2024-07-06,549.9,Paid,Check
PM0000950,P000268,2024-10-21,549.9,Paid,Wire
PM0000951,P000269,2025-02-03,2210.07,Paid,Wire
PM0000952,P000269,2025-05-04,2210.07,Paid,ACH
PM0000953,P000269,2025-08-15,2210.07,Paid,Card
PM0000954,P000269,2025-10-29,2210.07,Paid,Check
PM0000955,P000270,2025-04-30,1001.82,Paid,ACH
PM0000956,P000270,2025-07-20,1001.82,Paid,Wire
PM0000957,P000270,2025-10-28,1001.82,Late,Card
PM0000958,P000271,2025-02-21,407.02,Paid,Check
PM0000959,P000271,2025-05-20,407.02,Late,Card
PM0000960,P000271,2025-08-26,407.02,Paid,Wire
PM0000961,P000271,2025-11-09,407.02,Paid,Check
PM0000962,P000272,2024-04-30,477.1,Paid,Check
PM0000963,P000272,2024-07-28,477.1,Paid,ACH
PM0000964,P000272,2024-10-13,477.1,Paid,Check
PM0000965,P000272,2025-01-17,477.1,Late,Card
PM0000966,P000273,2023-06-20,473.5,Paid,Check
PM0000967,P000273,2023-09-25,473.5,Paid,Card
PM0000968,P000273,2023-12-24,473.5,Paid,ACH
PM0000969,P000273,2024-03-14,473.5,Paid,ACH
PM0000970,P000274,2024-07-05,217.26,Paid,Card
PM0000971,P000274,2024-12-25,217.26,Failed,Wire
PM0000972,P000274,2025-04-02,217.26,Paid,Wire
PM0000973,P000275,2025-01-16,379.18,Paid,Card
PM0000974,P000275,2025-04-07,379.18,Late,ACH
PM0000975,P000275,2025-07-18,379.18,Paid,Wire
PM0000976,P000275,2025-10-04,379.18,Late,Check
PM0000977,P000276,2023-12-10,2355.13,Paid,ACH
PM0000978,P000276,2024-03-06,2355.13,Paid,Card
PM0000979,P000276,2024-05-29,2355.13,Paid,ACH
PM0000980,P000276,2024-09-04,2355.13,Paid,Check
PM0000981,P000277,2024-01-04,908.68,Paid,ACH
PM0000982,P000277,2024-04-03,908.68,Paid,Wire
PM0000983,P000278,2023-07-03,437.18,Failed,Check
PM0000984,P000278,2023-09-17,437.18,Paid,Card
PM0000985,P000278,2023-12-21,437.18,Paid,Wire
PM0000986,P000278,2024-03-24,437.18,Paid,Wire
PM0000987,P000279,2025-10-03,1341.1,Paid,Card
PM0000988,P000280,2024-11-10,1793.25,Paid,Card
PM0000989,P000280,2025-02-01,1793.25,Paid,Check
PM0000990,P000280,2025-04-26,1793.25,Paid,Wire
PM0000991,P000280,2025-08-02,1793.25,Paid,Wire
PM0000992,P000281,2024-04-27,1328.85,Paid,ACH
PM0000993,P000281,2024-07-23,1328.85,Paid,Wire
PM0000994,P000281,2024-10-27,1328.85,Late,Wire
PM0000995,P000281,2025-02-01,1328.85,Paid,Wire
PM0000996,P000282,2024-06-03,1534.28,Paid,Check
PM0000997,P000282,2024-09-08,1534.28,Paid,Check
PM0000998,P000282,2025-03-20,1534.28,Late,Card
PM0000999,P000283,2025-01-07,1863.2,Paid,Card
PM0001000,P000283,2025-03-27,1863.2,Paid,Wire
PM0001001,P000283,2025-06-29,1863.2,Paid,Check
PM0001002,P000283,2025-10-02,1863.2,Paid,Wire
PM0001003,P000284,2023-03-05,423.39,Paid,Check
PM0001004,P000284,2023-05-22,423.39,Paid,Card
PM0001005,P000284,2023-08-22,423.39,Paid,Wire
PM0001006,P000284,2023-11-24,423.39,Paid,Check
PM0001007,P000285,2023-01-13,544.27,Paid,Check
PM0001008,P000285,2023-04-21,544.27,Paid,ACH
PM0001009,P000285,2023-10-11,544.27,Paid,Card
PM0001010,P000286,2024-02-03,490.6,Paid,ACH
PM0001011,P000286,2024-05-02,490.6,Paid,ACH
PM0001012,P000286,2024-07-28,490.6,Paid,Card
PM0001013,P000286,2024-10-19,490.6,Late,Wire
PM0001014,P000287,2025-06-17,581.26,Paid,Check
PM0001015,P000287,2025-09-18,581.26,Late,Card
PM0001016,P000288,2025-01-15,480.29,Paid,ACH
PM0001017,P000288,2025-04-25,480.29,Paid,Check
PM0001018,P000288,2025-07-24,480.29,Late,ACH
PM0001019,P000288,2025-10-07,480.29,Paid,Check
PM0001020,P000289,2024-01-27,2046.91,Paid,ACH
PM0001021,P000289,2024-04-20,2046.91,Paid,ACH
PM0001022,P000289,2024-07-19,2046.91,Paid,Wire
PM0001023,P000289,2024-10-26,2046.91,Late,Wire
PM0001024,P000290,2023-07-23,1487.76,Paid,Wire
PM0001025,P000290,2023-10-21,1487.76,Refunded,ACH
PM0001026,P000290,2024-01-22,1487.76,Paid,Card
PM0001027,P000291,2024-01-24,427.88,Paid,Card
PM0001028,P000291,2024-04-29,427.88,Paid,ACH
PM0001029,P000291,2024-07-29,427.88,Paid,ACH
PM0001030,P000292,2024-03-21,279.45,Paid,Check
PM0001031,P000292,2024-09-06,279.45,Paid,Card
PM0001032,P000292,2024-12-15,279.45,Paid,Check
PM0001033,P000293,2025-01-07,1361.78,Paid,ACH
PM0001034,P000293,2025-04-09,1361.78,Paid,Check
PM0001035,P000293,2025-10-13,1361.78,Failed,ACH
PM0001036,P000294,2025-06-16,271.46,Paid,ACH
PM0001037,P000295,2024-01-24,603.76,Failed,Check
PM0001038,P000295,2024-04-23,603.76,Paid,Wire
PM0001039,P000295,2024-07-21,603.76,Paid,Card
PM0001040,P000295,2024-10-15,603.76,Paid,Wire
PM0001041,P000296,2024-02-20,288.79,Paid,Card
PM0001042,P000296,2024-05-26,288.79,Paid,ACH
PM0001043,P000296,2024-09-02,288.79,Late,Check
PM0001044,P000296,2024-11-22,288.79,Paid,ACH
PM0001045,P000297,2023-11-08,224.82,Paid,Card
PM0001046,P000297,2024-02-16,224.82,Paid,Wire
PM0001047,P000297,2024-05-10,224.82,Refunded,Card
PM0001048,P000297,2024-08-06,224.82,Paid,Check
PM0001049,P000298,2024-05-30,631.76,Paid,Check
PM0001050,P000298,2024-08-24,631.76,Paid,Check
PM0001051,P000298,2024-11-15,631.76,Paid,ACH
PM0001052,P000298,2025-02-12,631.76,Paid,Wire
PM0001053,P000299,2024-06-27,288.48,Paid,Card
PM0001054,P000299,2024-09-08,288.48,Paid,Check
PM0001055,P000299,2024-12-07,288.48,Paid,ACH
PM0001056,P000300,2024-06-03,331.65,Paid,ACH
PM0001057,P000300,2024-08-16,331.65,Paid,ACH
PM0001058,P000300,2024-12-02,331.65,Paid,Check
PM0001059,P000300,2025-02-16,331.65,Paid,ACH
PM0001060,P000301,2024-01-12,538.46,Paid,Check
PM0001061,P000301,2024-04-13,538.46,Paid,Wire
PM0001062,P000301,2024-07-13,538.46,Paid,ACH
PM0001063,P000301,2024-10-10,538.46,Paid,Wire
PM0001064,P000302,2023-08-03,1717.4,Paid,Card
PM0001065,P000302,2023-11-03,1717.4,Paid,Card
PM0001066,P000302,2024-02-04,1717.4,Paid,ACH
PM0001067,P000302,2024-04-28,1717.4,Refunded,ACH
PM0001068,P000303,2023-12-29,150.38,Paid,Card
PM0001069,P000303,2024-04-01,150.38,Paid,Wire
PM0001070,P000303,2024-06-17,150.38,Paid,Card
PM0001071,P000303,2024-09-12,150.38,Paid,Check
PM0001072,P000304,2024-04-19,1197.23,Paid,Wire
PM0001073,P000304,2024-07-30,1197.23,Paid,Wire
PM0001074,P000304,2024-10-16,1197.23,Paid,Card
PM0001075,P000304,2025-01-20,1197.23,Paid,ACH
PM0001076,P000305,2023-04-11,825.34,Paid,ACH
PM0001077,P000305,2023-07-25,825.34,Late,Wire
PM0001078,P000305,2023-10-09,825.34,Paid,Check
PM0001079,P000305,2024-01-03,825.34,Paid,Wire
PM0001080,P000306,2023-06-17,388.52,Late,ACH
PM0001081,P000306,2023-09-03,388.52,Paid,ACH
PM0001082,P000307,2023-08-29,230.62,Paid,Card
PM0001083,P000307,2023-11-24,230.62,Paid,Check
PM0001084,P000307,2024-03-11,230.62,Paid,Card
PM0001085,P000308,2023-09-27,237.08,Paid,ACH
PM0001086,P000308,2023-12-23,237.08,Paid,ACH
PM0001087,P000308,2024-04-04,237.08,Paid,Check
PM0001088,P000308,2024-06-20,237.08,Paid,Card
PM0001089,P000309,2023-12-05,234.25,Paid,Check
PM0001090,P000309,2024-03-04,234.25,Paid,Check
PM0001091,P000309,2024-05-29,234.25,Paid,Card
PM0001092,P000310,2025-06-17,2242.24,Paid,Check
PM0001093,P000310,2025-09-23,2242.24,Paid,Card
PM0001094,P000310,2025-12-13,2242.24,Paid,ACH
PM0001095,P000311,2024-10-23,281.31,Paid,ACH
PM0001096,P000311,2025-01-30,281.31,Paid,Wire
PM0001097,P000312,2024-07-04,409.88,Paid,ACH
PM0001098,P000312,2024-10-12,409.88,Paid,Wire
PM0001099,P000312,2024-12-26,409.88,Paid,Wire
PM0001100,P000312,2025-04-04,409.88,Paid,ACH
PM0001101,P000313,2023-11-21,543.54,Paid,Card
PM0001102,P000313,2024-02-12,543.54,Paid,Wire
PM0001103,P000313,2024-05-19,543.54,Paid,Check
PM0001104,P000313,2024-08-15,543.54,Paid,ACH
PM0001105,P000314,2025-05-31,302.59,Paid,ACH
PM0001106,P000314,2025-09-11,302.59,Paid,Check
PM0001107,P000314,2025-12-10,302.59,Paid,ACH
PM0001108,P000315,2024-09-21,306.48,Paid,ACH
PM0001109,P000315,2024-12-25,306.48,Paid,Card
PM0001110,P000315,2025-03-23,306.48,Paid,Card
PM0001111,P000315,2025-06-15,306.48,Paid,Check
PM0001112,P000316,2024-03-03,167.1,Paid,Check
PM0001113,P000316,2024-06-08,167.1,Late,Check
PM0001114,P000316,2024-11-20,167.1,Late,Wire
PM0001115,P000317,2025-03-03,760.5,Late,Wire
PM0001116,P000317,2025-05-30,760.5,Paid,Check
PM0001117,P000317,2025-09-10,760.5,Paid,Check
PM0001118,P000318,2024-04-12,714.31,Paid,Card
PM0001119,P000318,2024-07-19,714.31,Paid,ACH
PM0001120,P000318,2024-10-28,714.31,Paid,ACH
PM0001121,P000318,2025-01-07,714.31,Failed,ACH
PM0001122,P000319,2025-05-05,1939.75,Paid,Card
PM0001123,P000319,2025-07-21,1939.75,Paid,ACH
PM0001124,P000319,2025-10-25,1939.75,Paid,Check
PM0001125,P000320,2023-08-07,364.31,Paid,Card
PM0001126,P000320,2023-11-04,364.31,Refunded,Card
PM0001127,P000320,2024-05-14,364.31,Paid,Wire
PM0001128,P000321,2024-10-06,569.41,Paid,ACH
PM0001129,P000321,2025-01-04,569.41,Paid,Check
PM0001130,P000322,2025-02-20,623.62,Paid,ACH
PM0001131,P000322,2025-05-14,623.62,Paid,Wire
PM0001132,P000322,2025-08-25,623.62,Paid,ACH
PM0001133,P000322,2025-11-22,623.62,Paid,Wire
PM0001134,P000323,2023-07-19,399.25,Paid,Card
PM0001135,P000323,2023-10-16,399.25,Paid,Check
PM0001136,P000323,2024-01-29,399.25,Paid,Wire
PM0001137,P000324,2023-06-13,364.7,Paid,Wire
PM0001138,P000324,2023-09-09,364.7,Paid,Check
PM0001139,P000324,2023-12-08,364.7,Paid,Wire
PM0001140,P000324,2024-03-12,364.7,Failed,ACH
PM0001141,P000325,2023-06-22,1884.32,Refunded,Wire
PM0001142,P000325,2023-09-14,1884.32,Paid,ACH
PM0001143,P000325,2023-12-23,1884.32,Paid,ACH
PM0001144,P000325,2024-03-17,1884.32,Paid,Wire
PM0001145,P000326,2024-01-16,412.48,Paid,Check
PM0001146,P000326,2024-03-26,412.48,Paid,Wire
PM0001147,P000326,2024-07-13,412.48,Paid,Wire
PM0001148,P000326,2024-09-22,412.48,Paid,Wire
PM0001149,P000327,2024-06-02,414.34,Paid,Check
PM0001150,P000327,2024-11-23,414.34,Paid,Check
PM0001151,P000327,2025-03-01,414.34,Refunded,Check
PM0001152,P000328,2024-04-24,726.05,Paid,Check
PM0001153,P000328,2024-07-26,726.05,Failed,Wire
PM0001154,P000328,2024-10-10,726.05,Paid,Card
PM0001155,P000328,2025-01-17,726.05,Late,Wire
PM0001156,P000329,2025-07-10,2739.55,Paid,Card
PM0001157,P000329,2025-09-21,2739.55,Paid,Card
PM0001158,P000329,2025-12-19,2739.55,Paid,ACH
PM0001159,P000330,2023-04-25,676.65,Paid,Card
PM0001160,P000330,2023-08-06,676.65,Paid,ACH
PM0001161,P000330,2023-11-04,676.65,Late,Wire
PM0001162,P000330,2024-01-17,676.65,Paid,ACH
PM0001163,P000331,2024-02-18,285.29,Paid,Check
PM0001164,P000331,2024-05-23,285.29,Paid,Card
PM0001165,P000331,2024-08-20,285.29,Paid,Check
PM0001166,P000331,2024-12-02,285.29,Paid,Check
PM0001167,P000332,2025-05-30,453.78,Paid,Check
PM0001168,P000332,2025-09-03,453.78,Paid,ACH
PM0001169,P000332,2025-11-30,453.78,Paid,Card
PM0001170,P000333,2024-03-02,292.54,Late,ACH
PM0001171,P000333,2024-06-05,292.54,Failed,ACH
PM0001172,P000333,2024-09-02,292.54,Paid,Wire
PM0001173,P000333,2024-12-04,292.54,Late,Check
PM0001174,P000334,2023-10-03,257.62,Paid,Wire
PM0001175,P000334,2023-12-29,257.62,Failed,ACH
PM0001176,P000334,2024-03-25,257.62,Paid,Card
PM0001177,P000334,2024-06-24,257.62,Paid,Wire
PM0001178,P000335,2023-09-19,1540.06,Paid,Check
PM0001179,P000335,2023-12-20,1540.06,Paid,Wire
PM0001180,P000335,2024-03-23,1540.06,Paid,Card
PM0001181,P000335,2024-06-20,1540.06,Paid,Check
PM0001182,P000336,2023-10-22,791.73,Late,Wire
PM0001183,P000336,2024-01-15,791.73,Paid,Wire
PM0001184,P000336,2024-04-25,791.73,Paid,Check
PM0001185,P000337,2024-11-15,188.74,Late,Wire
PM0001186,P000337,2025-08-23,188.74,Paid,Check
PM0001187,P000338,2024-01-01,361.44,Paid,Card
PM0001188,P000338,2024-03-18,361.44,Paid,Check
PM0001189,P000338,2024-06-28,361.44,Paid,Card
PM0001190,P000338,2024-09-13,361.44,Paid,Wire
PM0001191,P000339,2024-06-17,1422.25,Paid,ACH
PM0001192,P000339,2024-09-29,1422.25,Paid,ACH
PM0001193,P000339,2024-12-17,1422.25,Paid,Check
PM0001194,P000339,2025-03-25,1422.25,Failed,Check
PM0001195,P000340,2024-04-29,1582.61,Paid,Check
PM0001196,P000340,2024-07-19,1582.61,Paid,Check
PM0001197,P000340,2024-10-17,1582.61,Paid,Wire
PM0001198,P000340,2025-01-19,1582.61,Paid,ACH
PM0001199,P000341,2025-04-03,1647.38,Paid,Wire
PM0001200,P000341,2025-07-14,1647.38,Paid,Card
PM0001201,P000341,2025-12-31,1647.38,Paid,Check
PM0001202,P000342,2024-03-20,216.04,Failed,Check
PM0001203,P000342,2024-06-25,216.04,Paid,ACH
PM0001204,P000342,2024-09-16,216.04,Paid,ACH
PM0001205,P000342,2024-12-14,216.04,Paid,Card
PM0001206,P000343,2024-09-19,2567.8,Paid,Check
PM0001207,P000343,2025-01-01,2567.8,Paid,Check
PM0001208,P000343,2025-03-27,2567.8,Refunded,ACH
PM0001209,P000343,2025-06-29,2567.8,Paid,Card
PM0001210,P000344,2024-03-27,1117.2,Paid,Card
PM0001211,P000344,2024-07-04,1117.2,Failed,Wire
PM0001212,P000344,2024-10-02,1117.2,Paid,Card
PM0001213,P000344,2024-12-13,1117.2,Paid,Card
PM0001214,P000345,2023-03-14,554.32,Paid,Card
PM0001215,P000345,2023-06-25,554.32,Paid,Check
PM0001216,P000345,2023-09-16,554.32,Paid,Card
PM0001217,P000345,2023-12-12,554.32,Paid,Card
PM0001218,P000346,2023-01-16,272.56,Paid,Check
PM0001219,P000346,2023-04-01,272.56,Paid,Card
PM0001220,P000346,2023-07-15,272.56,Paid,Card
PM0001221,P000346,2023-10-15,272.56,Paid,Check
PM0001222,P000347,2024-08-10,2022.13,Paid,ACH
PM0001223,P000347,2024-10-28,2022.13,Paid,Card
PM0001224,P000347,2025-02-06,2022.13,Paid,Card
PM0001225,P000347,2025-04-25,2022.13,Late,ACH
PM0001226,P000348,2024-01-17,284.79,Late,Check
PM0001227,P000348,2024-04-16,284.79,Paid,Card
PM0001228,P000348,2024-07-01,284.79,Paid,Wire
PM0001229,P000348,2024-10-11,284.79,Paid,ACH
PM0001230,P000349,2024-03-18,183.65,Paid,Check
PM0001231,P000349,2024-06-11,183.65,Paid,Wire
PM0001232,P000349,2024-09-09,183.65,Late,Card
PM0001233,P000349,2024-12-22,183.65,Paid,Card
PM0001234,P000350,2024-12-18,689.89,Paid,Card
PM0001235,P000350,2025-03-04,689.89,Paid,ACH
PM0001236,P000350,2025-06-07,689.89,Paid,ACH
PM0001237,P000350,2025-09-19,689.89,Failed,Check
PM0001238,P000351,2024-01-22,307.04,Paid,Card
PM0001239,P000351,2024-04-29,307.04,Paid,Check
PM0001240,P000351,2024-08-02,307.04,Paid,Check
PM0001241,P000351,2024-10-14,307.04,Paid,Wire
PM0001242,P000352,2025-07-08,1405.64,Paid,ACH
PM0001243,P000352,2025-09-20,1405.64,Paid,Wire
PM0001244,P000352,2025-12-25,1405.64,Paid,ACH
PM0001245,P000353,2024-11-04,253.19,Paid,Wire
PM0001246,P000353,2025-05-15,253.19,Paid,Check
PM0001247,P000353,2025-08-01,253.19,Paid,Check
PM0001248,P000354,2025-04-30,361.79,Paid,Wire
PM0001249,P000354,2025-08-01,361.79,Paid,Check
PM0001250,P000354,2025-11-10,361.79,Paid,Wire
PM0001251,P000355,2024-07-01,302.98,Refunded,Card
PM0001252,P000355,2024-10-03,302.98,Paid,ACH
PM0001253,P000355,2024-12-20,302.98,Paid,ACH
PM0001254,P000355,2025-03-22,302.98,Paid,Wire
PM0001255,P000356,2024-02-01,322.04,Paid,Card
PM0001256,P000356,2024-05-04,322.04,Paid,Wire
PM0001257,P000356,2024-07-30,322.04,Paid,Card
PM0001258,P000356,2024-11-01,322.04,Paid,Check
PM0001259,P000357,2024-11-10,763.47,Paid,Wire
PM0001260,P000357,2025-02-16,763.47,Paid,ACH
PM0001261,P000357,2025-05-04,763.47,Paid,Wire
PM0001262,P000357,2025-08-22,763.47,Late,Wire
PM0001263,P000358,2023-02-03,337.61,Paid,ACH
PM0001264,P000358,2023-05-11,337.61,Paid,ACH
PM0001265,P000358,2023-07-28,337.61,Paid,Wire
PM0001266,P000358,2023-11-08,337.61,Paid,Card
PM0001267,P000359,2023-09-20,177.45,Paid,ACH
PM0001268,P000359,2023-12-15,177.45,Paid,Wire
PM0001269,P000359,2024-03-11,177.45,Paid,Card
PM0001270,P000359,2024-06-06,177.45,Paid,Wire
PM0001271,P000360,2025-01-04,277.21,Paid,ACH
PM0001272,P000360,2025-04-04,277.21,Paid,ACH
PM0001273,P000360,2025-06-30,277.21,Paid,Card
PM0001274,P000360,2025-09-18,277.21,Paid,Wire
PM0001275,P000361,2024-11-27,1011.83,Paid,Card
PM0001276,P000361,2025-02-15,1011.83,Paid,Check
PM0001277,P000361,2025-05-28,1011.83,Paid,ACH
PM0001278,P000361,2025-08-15,1011.83,Paid,ACH
PM0001279,P000362,2023-11-08,1434.09,Paid,ACH
PM0001280,P000362,2024-02-02,1434.09,Paid,Wire
PM0001281,P000362,2024-05-09,1434.09,Paid,Check
PM0001282,P000362,2024-08-01,1434.09,Paid,Wire
PM0001283,P000363,2025-01-16,2630.46,Paid,ACH
PM0001284,P000363,2025-04-29,2630.46,Late,Check
PM0001285,P000363,2025-07-18,2630.46,Paid,Wire
PM0001286,P000363,2025-10-23,2630.46,Paid,Check
PM0001287,P000364,2025-05-27,336.72,Paid,Card
PM0001288,P000364,2025-11-26,336.72,Paid,Card
PM0001289,P000365,2023-12-13,321.62,Paid,ACH
PM0001290,P000365,2024-03-04,321.62,Refunded,Check
PM0001291,P000365,2024-06-10,321.62,Paid,Wire
PM0001292,P000365,2024-09-03,321.62,Paid,Check
PM0001293,P000366,2025-06-13,551.88,Paid,Wire
PM0001294,P000366,2025-09-16,551.88,Paid,Check
PM0001295,P000367,2024-11-21,1533.21,Paid,Check
PM0001296,P000367,2025-02-08,1533.21,Paid,Wire
PM0001297,P000367,2025-05-10,1533.21,Paid,ACH
PM0001298,P000368,2025-04-30,923.12,Paid,Card
PM0001299,P000368,2025-07-20,923.12,Paid,Card
PM0001300,P000368,2025-10-18,923.12,Paid,Check
PM0001301,P000369,2023-01-18,664.65,Paid,Wire
PM0001302,P000369,2023-04-24,664.65,Paid,ACH
PM0001303,P000369,2023-07-09,664.65,Paid,Card
PM0001304,P000369,2023-10-25,664.65,Paid,Card
PM0001305,P000370,2024-10-31,469.36,Paid,Check
PM0001306,P000370,2025-02-02,469.36,Paid,Card
PM0001307,P000370,2025-04-25,469.36,Paid,Wire
PM0001308,P000371,2024-11-07,390.48,Paid,Wire
PM0001309,P000371,2025-02-03,390.48,Paid,Check
PM0001310,P000371,2025-05-04,390.48,Paid,Card
PM0001311,P000371,2025-08-11,390.48,Paid,Wire
PM0001312,P000372,2023-09-02,467.29,Paid,ACH
PM0001313,P000372,2023-12-09,467.29,Paid,Check
PM0001314,P000372,2024-03-06,467.29,Paid,Check
PM0001315,P000372,2024-05-30,467.29,Paid,Card
PM0001316,P000373,2023-07-31,583.05,Paid,Wire
PM0001317,P000373,2023-11-15,583.05,Paid,Card
PM0001318,P000373,2024-02-15,583.05,Paid,Card
PM0001319,P000373,2024-04-27,583.05,Paid,Wire
PM0001320,P000374,2024-05-14,1976.53,Paid,Card
PM0001321,P000374,2024-08-09,1976.53,Paid,Card
PM0001322,P000374,2024-11-05,1976.53,Paid,Wire
PM0001323,P000375,2023-04-01,2451.78,Paid,Wire
PM0001324,P000375,2023-07-02,2451.78,Paid,Card
PM0001325,P000375,2023-10-10,2451.78,Paid,Card
PM0001326,P000376,2024-03-04,2584.38,Late,Wire
PM0001327,P000376,2024-05-31,2584.38,Paid,ACH
PM0001328,P000376,2024-08-28,2584.38,Paid,Check
PM0001329,P000376,2024-11-27,2584.38,Failed,Wire
PM0001330,P000377,2024-06-22,372.19,Failed,Card
PM0001331,P000377,2024-10-05,372.19,Paid,Wire
PM0001332,P000377,2024-12-24,372.19,Paid,Card
PM0001333,P000377,2025-04-03,372.19,Paid,Check
PM0001334,P000378,2024-07-21,2516.07,Paid,ACH
PM0001335,P000378,2024-10-19,2516.07,Paid,ACH
PM0001336,P000378,2025-01-20,2516.07,Paid,ACH
PM0001337,P000378,2025-04-19,2516.07,Late,Check
PM0001338,P000379,2023-01-08,1020.86,Paid,Wire
PM0001339,P000379,2023-04-09,1020.86,Paid,Check
PM0001340,P000379,2023-10-11,1020.86,Paid,Check
PM0001341,P000380,2023-12-02,697.85,Paid,Check
PM0001342,P000380,2024-03-13,697.85,Failed,Card
PM0001343,P000380,2024-06-06,697.85,Paid,ACH
PM0001344,P000381,2024-01-05,1459.28,Paid,Card
PM0001345,P000381,2024-03-31,1459.28,Paid,Wire
PM0001346,P000381,2024-07-05,1459.28,Paid,Check
PM0001347,P000382,2024-11-08,779.26,Failed,ACH
PM0001348,P000382,2025-02-06,779.26,Paid,Wire
PM0001349,P000382,2025-05-10,779.26,Late,Check
PM0001350,P000382,2025-07-28,779.26,Paid,Card
PM0001351,P000383,2025-05-27,342.02,Paid,Card
PM0001352,P000383,2025-12-09,342.02,Paid,Wire
PM0001353,P000384,2023-07-25,248.07,Paid,Card
PM0001354,P000384,2023-10-23,248.07,Late,Check
PM0001355,P000384,2024-01-12,248.07,Paid,Wire
PM0001356,P000384,2024-04-18,248.07,Paid,ACH
PM0001357,P000385,2024-10-17,490.97,Paid,Card
PM0001358,P000385,2025-01-11,490.97,Paid,Wire
PM0001359,P000385,2025-04-20,490.97,Paid,Check
PM0001360,P000385,2025-07-20,490.97,Paid,ACH
PM0001361,P000386,2024-02-23,2756.22,Paid,Wire
PM0001362,P000386,2024-06-01,2756.22,Paid,Wire
PM0001363,P000386,2024-08-18,2756.22,Paid,Check
PM0001364,P000386,2024-11-28,2756.22,Paid,ACH
PM0001365,P000387,2023-04-11,2675.71,Paid,Check
PM0001366,P000387,2023-07-19,2675.71,Paid,ACH
PM0001367,P000387,2023-10-08,2675.71,Paid,Card
PM0001368,P000387,2024-01-07,2675.71,Paid,Wire
PM0001369,P000388,2025-04-18,1638.29,Paid,ACH
PM0001370,P000388,2025-08-06,1638.29,Paid,ACH
PM0001371,P000388,2025-11-04,1638.29,Paid,Card
PM0001372,P000389,2023-04-21,1701.67,Paid,Check
PM0001373,P000389,2023-07-17,1701.67,Paid,Wire
PM0001374,P000389,2023-10-21,1701.67,Paid,ACH
PM0001375,P000389,2024-01-08,1701.67,Paid,Wire
PM0001376,P000390,2024-11-14,1128.04,Paid,Check
PM0001377,P000390,2025-02-22,1128.04,Paid,Check
PM0001378,P000390,2025-05-14,1128.04,Paid,Card
PM0001379,P000391,2025-04-11,423.05,Paid,Card
PM0001380,P000391,2025-07-13,423.05,Failed,Wire
PM0001381,P000391,2025-10-13,423.05,Paid,Check
PM0001382,P000392,2023-11-23,1685.83,Paid,ACH
PM0001383,P000392,2024-02-24,1685.83,Paid,Card
PM0001384,P000392,2024-08-13,1685.83,Paid,ACH
PM0001385,P000393,2023-12-01,381.07,Paid,Wire
PM0001386,P000393,2024-02-27,381.07,Paid,ACH
PM0001387,P000393,2024-06-08,381.07,Paid,Card
PM0001388,P000394,2024-02-04,348.75,Failed,Card
PM0001389,P000394,2024-05-05,348.75,Paid,Wire
PM0001390,P000394,2024-07-26,348.75,Paid,Check
PM0001391,P000394,2024-10-25,348.75,Paid,Check
PM0001392,P000395,2024-12-04,520.38,Paid,Wire
PM0001393,P000395,2025-02-28,520.38,Paid,Card
PM0001394,P000395,2025-05-21,520.38,Paid,Check
PM0001395,P000395,2025-08-23,520.38,Paid,Wire
PM0001396,P000396,2024-09-29,1438.77,Late,Card
PM0001397,P000396,2024-12-24,1438.77,Paid,ACH
PM0001398,P000396,2025-03-23,1438.77,Paid,Card
PM0001399,P000396,2025-07-07,1438.77,Paid,Card
PM0001400,P000397,2025-04-15,1548.22,Paid,Card
PM0001401,P000397,2025-07-24,1548.22,Paid,Card
PM0001402,P000397,2025-10-16,1548.22,Paid,Check
PM0001403,P000398,2023-03-08,296.56,Paid,Check
PM0001404,P000398,2023-09-12,296.56,Paid,ACH
PM0001405,P000398,2023-11-28,296.56,Paid,Wire
PM0001406,P000399,2023-10-12,211.78,Paid,ACH
PM0001407,P000399,2024-01-10,211.78,Paid,Wire
PM0001408,P000399,2024-04-06,211.78,Paid,Card
PM0001409,P000400,2023-06-13,590.91,Paid,Card
PM0001410,P000400,2023-09-23,590.91,Paid,Card
PM0001411,P000400,2023-12-20,590.91,Paid,Wire
PM0001412,P000400,2024-03-11,590.91,Late,Check
PM0001413,P000401,2023-11-16,390.42,Paid,Wire
PM0001414,P000401,2024-03-04,390.42,Paid,Card
PM0001415,P000401,2024-05-22,390.42,Late,Wire
PM0001416,P000401,2024-08-24,390.42,Paid,Wire
PM0001417,P000402,2023-01-19,487.18,Paid,Check
PM0001418,P000402,2023-04-11,487.18,Paid,Wire
PM0001419,P000402,2023-07-12,487.18,Paid,Check
PM0001420,P000402,2023-10-12,487.18,Paid,Card
PM0001421,P000403,2024-04-23,256.29,Paid,ACH
PM0001422,P000403,2024-07-24,256.29,Paid,ACH
PM0001423,P000403,2025-01-20,256.29,Paid,ACH
PM0001424,P000404,2024-08-11,382.4,Late,Card
PM0001425,P000404,2024-11-12,382.4,Paid,Card
PM0001426,P000404,2025-02-04,382.4,Paid,Check
PM0001427,P000404,2025-05-12,382.4,Paid,Wire
PM0001428,P000405,2024-04-23,1644.69,Paid,ACH
PM0001429,P000405,2024-07-06,1644.69,Paid,Check
PM0001430,P000406,2023-11-13,835.72,Paid,Card
PM0001431,P000406,2024-02-19,835.72,Failed,ACH
PM0001432,P000406,2024-05-11,835.72,Paid,Check
PM0001433,P000407,2024-05-13,711.14,Paid,Wire
PM0001434,P000407,2024-08-11,711.14,Paid,Check
PM0001435,P000407,2024-11-04,711.14,Paid,Wire
PM0001436,P000407,2025-01-25,711.14,Paid,Card
PM0001437,P000408,2023-01-05,371.22,Late,Check
PM0001438,P000408,2023-07-16,371.22,Paid,Check
PM0001439,P000408,2023-10-10,371.22,Paid,ACH
PM0001440,P000409,2024-12-27,234.0,Paid,Card
PM0001441,P000409,2025-03-20,234.0,Paid,ACH
PM0001442,P000409,2025-06-23,234.0,Paid,Wire
PM0001443,P000410,2025-01-16,374.2,Paid,Check
PM0001444,P000410,2025-04-23,374.2,Paid,ACH
PM0001445,P000410,2025-07-08,374.2,Paid,Check
PM0001446,P000410,2025-10-05,374.2,Paid,Wire
PM0001447,P000411,2025-03-09,649.39,Paid,Check
PM0001448,P000411,2025-06-18,649.39,Late,Check
PM0001449,P000411,2025-09-05,649.39,Paid,Check
PM0001450,P000411,2025-12-16,649.39,Paid,ACH
PM0001451,P000412,2023-04-05,600.55,Paid,Wire
PM0001452,P000412,2023-10-02,600.55,Paid,Check
PM0001453,P000412,2023-12-21,600.55,Paid,Check
PM0001454,P000413,2023-07-11,251.56,Paid,ACH
PM0001455,P000413,2023-10-08,251.56,Paid,Card
PM0001456,P000413,2023-12-22,251.56,Paid,Wire
PM0001457,P000413,2024-03-31,251.56,Paid,ACH
PM0001458,P000414,2023-05-07,262.99,Paid,Card
PM0001459,P000414,2023-07-29,262.99,Paid,Wire
PM0001460,P000414,2023-10-26,262.99,Refunded,ACH
PM0001461,P000414,2024-01-29,262.99,Paid,ACH
PM0001462,P000415,2025-06-29,744.46,Paid,ACH
PM0001463,P000415,2025-09-17,744.46,Late,Wire
PM0001464,P000415,2025-12-18,744.46,Paid,Wire
PM0001465,P000416,2024-11-21,232.69,Paid,Check
PM0001466,P000416,2025-02-12,232.69,Paid,Check
PM0001467,P000416,2025-05-14,232.69,Late,Check
PM0001468,P000416,2025-08-23,232.69,Paid,Check
PM0001469,P000417,2025-05-24,1704.86,Paid,Card
PM0001470,P000417,2025-09-03,1704.86,Paid,Card
PM0001471,P000417,2025-11-22,1704.86,Failed,Card
PM0001472,P000418,2023-08-24,1261.97,Paid,Card
PM0001473,P000418,2023-11-14,1261.97,Paid,Check
PM0001474,P000418,2024-02-20,1261.97,Refunded,Card
PM0001475,P000418,2024-05-14,1261.97,Paid,Wire
PM0001476,P000419,2025-02-08,2608.21,Refunded,Check
PM0001477,P000419,2025-05-15,2608.21,Paid,Card
PM0001478,P000420,2023-04-19,240.19,Paid,Check
PM0001479,P000420,2023-08-04,240.19,Paid,Card
PM0001480,P000421,2024-01-14,1817.77,Paid,Check
PM0001481,P000421,2024-03-30,1817.77,Paid,Card
PM0001482,P000421,2024-07-03,1817.77,Paid,Check
PM0001483,P000422,2024-08-18,1124.32,Paid,Card
PM0001484,P000422,2024-11-28,1124.32,Paid,Wire
PM0001485,P000422,2025-02-22,1124.32,Paid,Wire
PM0001486,P000422,2025-05-25,1124.32,Failed,Check
PM0001487,P000423,2023-07-04,2234.52,Paid,ACH
PM0001488,P000423,2023-10-09,2234.52,Paid,Check
PM0001489,P000423,2024-01-18,2234.52,Paid,Check
PM0001490,P000423,2024-04-10,2234.52,Paid,Check
PM0001491,P000424,2025-02-24,179.13,Paid,Wire
PM0001492,P000424,2025-06-11,179.13,Paid,ACH
PM0001493,P000424,2025-08-22,179.13,Paid,Wire
PM0001494,P000424,2025-12-02,179.13,Paid,Check
PM0001495,P000425,2023-03-08,331.4,Paid,Check
PM0001496,P000425,2023-05-30,331.4,Paid,Check
PM0001497,P000425,2023-08-26,331.4,Paid,Check
PM0001498,P000425,2023-11-17,331.4,Late,ACH
PM0001499,P000426,2023-04-05,1287.03,Paid,ACH
PM0001500,P000426,2023-07-06,1287.03,Failed,Check
PM0001501,P000426,2023-10-13,1287.03,Paid,Card
PM0001502,P000426,2024-01-15,1287.03,Paid,ACH
PM0001503,P000427,2023-08-24,268.77,Paid,ACH
PM0001504,P000427,2023-11-20,268.77,Late,Card
PM0001505,P000427,2024-02-16,268.77,Paid,ACH
PM0001506,P000427,2024-05-14,268.77,Paid,Wire
PM0001507,P000428,2023-11-15,187.55,Paid,Card
PM0001508,P000428,2024-02-08,187.55,Paid,Card
PM0001509,P000428,2024-05-11,187.55,Paid,ACH
PM0001510,P000428,2024-08-20,187.55,Paid,Wire
PM0001511,P000429,2023-04-21,1507.99,Paid,Wire
PM0001512,P000429,2023-08-03,1507.99,Paid,ACH
PM0001513,P000429,2023-10-20,1507.99,Paid,Card
PM0001514,P000430,2023-06-01,1838.47,Paid,Wire
PM0001515,P000430,2023-08-23,1838.47,Paid,Card
PM0001516,P000430,2023-11-17,1838.47,Paid,Check
PM0001517,P000430,2024-02-20,1838.47,Paid,Card
PM0001518,P000431,2023-05-31,1210.13,Paid,Check
PM0001519,P000431,2023-09-04,1210.13,Paid,Card
PM0001520,P000431,2023-11-23,1210.13,Paid,Check
PM0001521,P000432,2024-12-29,403.31,Paid,ACH
PM0001522,P000432,2025-04-08,403.31,Paid,Card
PM0001523,P000432,2025-07-08,403.31,Late,Check
PM0001524,P000432,2025-10-07,403.31,Late,Check
PM0001525,P000433,2024-11-24,586.69,Refunded,ACH
PM0001526,P000433,2025-03-03,586.69,Paid,Card
PM0001527,P000433,2025-05-30,586.69,Paid,Card
PM0001528,P000433,2025-08-31,586.69,Paid,Wire
PM0001529,P000434,2024-05-15,2067.58,Paid,ACH
PM0001530,P000434,2024-08-14,2067.58,Failed,Card
PM0001531,P000434,2024-11-24,2067.58,Paid,Wire
PM0001532,P000434,2025-02-23,2067.58,Paid,ACH
PM0001533,P000435,2023-04-03,989.0,Paid,ACH
PM0001534,P000435,2023-07-13,989.0,Late,Check
PM0001535,P000435,2023-10-12,989.0,Paid,ACH
PM0001536,P000435,2024-01-10,989.0,Paid,Card
PM0001537,P000436,2023-07-04,1107.29,Paid,ACH
PM0001538,P000436,2023-10-07,1107.29,Paid,Wire
PM0001539,P000436,2023-12-30,1107.29,Paid,Check
PM0001540,P000436,2024-04-07,1107.29,Paid,Check
PM0001541,P000437,2023-09-27,274.74,Paid,Wire
PM0001542,P000437,2024-03-29,274.74,Paid,Wire
PM0001543,P000437,2024-07-09,274.74,Paid,Card
PM0001544,P000438,2024-07-31,404.66,Paid,Check
PM0001545,P000438,2024-11-11,404.66,Paid,Wire
PM0001546,P000438,2025-01-31,404.66,Paid,ACH
PM0001547,P000438,2025-05-12,404.66,Paid,ACH
PM0001548,P000439,2025-04-17,1821.31,Refunded,Card
PM0001549,P000439,2025-07-26,1821.31,Paid,ACH
PM0001550,P000439,2025-10-22,1821.31,Paid,Wire
PM0001551,P000440,2023-05-31,659.92,Paid,ACH
PM0001552,P000440,2023-09-05,659.92,Paid,ACH
PM0001553,P000440,2023-12-01,659.92,Paid,Check
PM0001554,P000440,2024-02-22,659.92,Paid,Card
PM0001555,P000441,2024-04-19,273.26,Paid,Card
PM0001556,P000441,2024-07-31,273.26,Paid,Wire
PM0001557,P000441,2024-10-27,273.26,Paid,Wire
PM0001558,P000441,2025-01-22,273.26,Paid,ACH
PM0001559,P000442,2023-02-13,1813.79,Paid,Wire
PM0001560,P000442,2023-05-29,1813.79,Paid,Card
PM0001561,P000442,2023-08-21,1813.79,Paid,Wire
PM0001562,P000442,2023-11-18,1813.79,Paid,ACH
PM0001563,P000443,2024-08-29,305.72,Paid,Card
PM0001564,P000443,2024-11-19,305.72,Paid,Check
PM0001565,P000443,2025-05-09,305.72,Paid,ACH
PM0001566,P000444,2024-10-13,488.85,Paid,Check
PM0001567,P000444,2024-12-24,488.85,Paid,Check
PM0001568,P000444,2025-03-29,488.85,Paid,Check
PM0001569,P000444,2025-06-26,488.85,Paid,Card
PM0001570,P000445,2024-06-24,2757.26,Paid,Wire
PM0001571,P000445,2024-09-25,2757.26,Paid,Card
PM0001572,P000445,2025-01-06,2757.26,Paid,Wire
PM0001573,P000445,2025-04-01,2757.26,Paid,Card
PM0001574,P000446,2024-06-20,575.0,Paid,Check
PM0001575,P000446,2024-09-16,575.0,Paid,Wire
PM0001576,P000446,2024-12-01,575.0,Paid,Check
PM0001577,P000446,2025-03-01,575.0,Paid,ACH
PM0001578,P000447,2023-07-18,1988.74,Paid,Wire
PM0001579,P000447,2023-10-29,1988.74,Paid,Wire
PM0001580,P000447,2024-01-30,1988.74,Paid,Check
PM0001581,P000447,2024-04-26,1988.74,Paid,Wire
PM0001582,P000448,2023-08-07,421.54,Paid,ACH
PM0001583,P000448,2023-10-26,421.54,Paid,Wire
PM0001584,P000448,2024-04-16,421.54,Paid,Check
PM0001585,P000449,2025-03-31,295.31,Paid,Wire
PM0001586,P000449,2025-06-11,295.31,Paid,Wire
PM0001587,P000449,2025-09-17,295.31,Late,ACH
PM0001588,P000449,2025-12-17,295.31,Paid,ACH
PM0001589,P000450,2024-08-07,848.17,Paid,Check
PM0001590,P000450,2024-11-11,848.17,Paid,ACH
PM0001591,P000450,2025-02-08,848.17,Paid,Check
PM0001592,P000450,2025-05-07,848.17,Paid,Card
PM0001593,P000451,2024-01-25,454.14,Paid,Card
PM0001594,P000451,2024-04-28,454.14,Paid,Wire
PM0001595,P000451,2024-07-13,454.14,Paid,Wire
PM0001596,P000452,2023-07-17,1373.68,Paid,ACH
PM0001597,P000452,2023-10-08,1373.68,Paid,Wire
PM0001598,P000452,2023-12-25,1373.68,Paid,ACH
PM0001599,P000452,2024-04-11,1373.68,Paid,Card
PM0001600,P000453,2024-07-31,2348.28,Paid,ACH
PM0001601,P000453,2024-10-12,2348.28,Paid,Check
PM0001602,P000453,2025-01-11,2348.28,Paid,Wire
PM0001603,P000453,2025-04-21,2348.28,Paid,ACH
PM0001604,P000454,2024-11-28,369.98,Paid,Card
PM0001605,P000454,2025-03-16,369.98,Paid,Check
PM0001606,P000454,2025-06-15,369.98,Paid,Card
PM0001607,P000454,2025-09-01,369.98,Paid,Check
PM0001608,P000455,2023-03-19,311.47,Paid,Check
PM0001609,P000455,2023-06-19,311.47,Paid,Check
PM0001610,P000455,2023-09-05,311.47,Paid,Wire
PM0001611,P000455,2023-11-29,311.47,Paid,Card
PM0001612,P000456,2025-03-19,2071.88,Paid,Wire
PM0001613,P000456,2025-06-13,2071.88,Paid,ACH
PM0001614,P000456,2025-09-03,2071.88,Paid,Card
PM0001615,P000456,2025-12-06,2071.88,Paid,Wire
PM0001616,P000457,2023-07-17,279.18,Refunded,ACH
PM0001617,P000457,2023-10-08,279.18,Paid,Wire
PM0001618,P000457,2023-12-26,279.18,Paid,Card
PM0001619,P000457,2024-03-26,279.18,Paid,Card
PM0001620,P000458,2023-04-12,310.42,Paid,Wire
PM0001621,P000458,2023-07-02,310.42,Paid,Check
PM0001622,P000458,2023-10-01,310.42,Paid,Check
PM0001623,P000458,2024-01-01,310.42,Paid,Check
PM0001624,P000459,2023-10-03,359.01,Paid,Check
PM0001625,P000459,2024-01-06,359.01,Refunded,Card
PM0001626,P000459,2024-04-01,359.01,Paid,Wire
PM0001627,P000459,2024-07-12,359.01,Paid,ACH
PM0001628,P000460,2024-04-17,231.69,Late,Card
PM0001629,P000460,2024-07-17,231.69,Paid,Card
PM0001630,P000460,2024-10-14,231.69,Paid,Wire
PM0001631,P000460,2025-01-21,231.69,Paid,Check
PM0001632,P000461,2025-04-12,1204.55,Late,Card
PM0001633,P000461,2025-07-18,1204.55,Late,Check
PM0001634,P000461,2025-10-19,1204.55,Paid,ACH
PM0001635,P000462,2025-05-19,939.16,Paid,Wire
PM0001636,P000462,2025-08-08,939.16,Late,Check
PM0001637,P000463,2023-09-12,980.3,Paid,Check
PM0001638,P000463,2023-12-09,980.3,Failed,Check
PM0001639,P000463,2024-03-04,980.3,Paid,Check
PM0001640,P000463,2024-05-26,980.3,Paid,Check
PM0001641,P000464,2024-12-14,1094.31,Paid,Wire
PM0001642,P000465,2024-01-05,619.45,Paid,Wire
PM0001643,P000465,2024-03-30,619.45,Late,Wire
PM0001644,P000465,2024-06-27,619.45,Paid,Check
PM0001645,P000465,2024-09-24,619.45,Paid,Check
PM0001646,P000466,2024-07-18,1828.16,Paid,Check
PM0001647,P000466,2024-10-16,1828.16,Paid,Check
PM0001648,P000466,2025-01-14,1828.16,Paid,Card
PM0001649,P000466,2025-04-16,1828.16,Paid,Card
PM0001650,P000467,2025-02-07,377.88,Late,Wire
PM0001651,P000467,2025-04-28,377.88,Paid,Check
PM0001652,P000467,2025-07-22,377.88,Failed,Wire
PM0001653,P000467,2025-11-02,377.88,Paid,ACH
PM0001654,P000468,2023-04-01,448.62,Refunded,ACH
PM0001655,P000468,2023-06-22,448.62,Paid,Check
PM0001656,P000468,2023-10-03,448.62,Paid,Card
PM0001657,P000468,2023-12-15,448.62,Paid,ACH
PM0001658,P000469,2024-12-14,405.31,Paid,Wire
PM0001659,P000469,2025-03-18,405.31,Paid,ACH
PM0001660,P000469,2025-06-20,405.31,Paid,Card
PM0001661,P000469,2025-09-21,405.31,Paid,Card
PM0001662,P000470,2024-08-19,1883.49,Paid,Check
PM0001663,P000470,2024-11-10,1883.49,Paid,Check
PM0001664,P000470,2025-02-21,1883.49,Paid,Check
PM0001665,P000470,2025-05-10,1883.49,Paid,Card
PM0001666,P000471,2023-07-18,2198.01,Late,Check
PM0001667,P000471,2023-10-12,2198.01,Paid,Check
PM0001668,P000471,2024-01-09,2198.01,Failed,ACH
PM0001669,P000471,2024-04-21,2198.01,Paid,Check
PM0001670,P000472,2025-04-17,378.11,Late,Check
PM0001671,P000472,2025-10-25,378.11,Paid,Check
PM0001672,P000473,2025-03-24,241.94,Paid,Card
PM0001673,P000473,2025-06-12,241.94,Paid,Wire
PM0001674,P000474,2023-01-20,735.73,Paid,Card
PM0001675,P000474,2023-04-29,735.73,Paid,Check
PM0001676,P000474,2023-08-03,735.73,Paid,Card
PM0001677,P000474,2023-10-30,735.73,Paid,Check
PM0001678,P000475,2023-12-19,148.29,Paid,ACH
PM0001679,P000475,2024-03-17,148.29,Paid,Wire
PM0001680,P000475,2024-08-31,148.29,Paid,ACH
PM0001681,P000476,2024-01-10,359.04,Paid,Card
PM0001682,P000476,2024-04-15,359.04,Paid,Check
PM0001683,P000476,2024-07-12,359.04,Paid,Card
PM0001684,P000476,2024-10-04,359.04,Paid,ACH
PM0001685,P000477,2024-12-06,1927.02,Paid,ACH
PM0001686,P000477,2025-03-10,1927.02,Paid,Check
PM0001687,P000477,2025-06-07,1927.02,Paid,Wire
PM0001688,P000477,2025-09-03,1927.02,Failed,ACH
PM0001689,P000478,2023-12-02,490.76,Paid,ACH
PM0001690,P000478,2024-03-08,490.76,Paid,ACH
PM0001691,P000478,2024-06-16,490.76,Paid,ACH
PM0001692,P000478,2024-09-11,490.76,Paid,Check
PM0001693,P000479,2025-04-27,1063.96,Paid,Wire
PM0001694,P000479,2025-07-27,1063.96,Paid,ACH
PM0001695,P000480,2024-10-14,455.55,Paid,Card
PM0001696,P000480,2025-01-14,455.55,Late,ACH
PM0001697,P000480,2025-04-19,455.55,Paid,Wire
PM0001698,P000480,2025-07-14,455.55,Paid,Check
PM0001699,P000481,2023-09-23,752.63,Paid,ACH
PM0001700,P000481,2023-12-19,752.63,Paid,ACH
PM0001701,P000481,2024-06-23,752.63,Paid,Wire
PM0001702,P000482,2024-07-03,1723.1,Paid,Card
PM0001703,P000482,2024-10-09,1723.1,Paid,Check
PM0001704,P000482,2025-01-04,1723.1,Paid,ACH
PM0001705,P000482,2025-04-03,1723.1,Paid,Wire
PM0001706,P000483,2024-02-24,146.72,Paid,Wire
PM0001707,P000483,2024-05-28,146.72,Paid,Card
PM0001708,P000483,2024-08-25,146.72,Paid,Card
PM0001709,P000483,2024-11-22,146.72,Paid,Check
PM0001710,P000484,2025-07-02,365.35,Paid,Card
PM0001711,P000484,2025-10-06,365.35,Paid,Check
PM0001712,P000485,2024-12-02,1174.64,Paid,Check
PM0001713,P000485,2025-03-16,1174.64,Paid,ACH
PM0001714,P000485,2025-06-08,1174.64,Paid,Check
PM0001715,P000485,2025-09-07,1174.64,Paid,Check
PM0001716,P000486,2025-03-19,447.82,Paid,Card
PM0001717,P000486,2025-09-28,447.82,Paid,Wire
PM0001718,P000486,2025-12-28,447.82,Late,ACH
PM0001719,P000487,2025-03-13,1118.18,Paid,Check
PM0001720,P000487,2025-06-07,1118.18,Paid,Check
PM0001721,P000487,2025-09-11,1118.18,Paid,Card
PM0001722,P000487,2025-12-03,1118.18,Paid,Wire
PM0001723,P000488,2025-06-13,294.47,Paid,Check
PM0001724,P000488,2025-09-11,294.47,Paid,ACH
PM0001725,P000488,2025-12-17,294.47,Paid,Check
PM0001726,P000489,2025-05-20,262.36,Late,Wire
PM0001727,P000489,2025-08-08,262.36,Paid,Card
PM0001728,P000489,2025-11-17,262.36,Late,Wire
PM0001729,P000490,2025-04-14,409.39,Paid,Card
PM0001730,P000490,2025-07-10,409.39,Paid,ACH
PM0001731,P000490,2025-10-11,409.39,Failed,Card
PM0001732,P000491,2023-03-27,760.51,Paid,Card
PM0001733,P000491,2023-06-20,760.51,Paid,ACH
PM0001734,P000491,2023-09-22,760.51,Failed,ACH
PM0001735,P000491,2023-12-09,760.51,Paid,Card
PM0001736,P000492,2024-04-15,479.6,Paid,Card
PM0001737,P000492,2024-07-13,479.6,Paid,Card
PM0001738,P000492,2024-10-10,479.6,Paid,Check
PM0001739,P000493,2023-04-10,535.35,Failed,ACH
PM0001740,P000493,2023-10-05,535.35,Paid,Wire
PM0001741,P000493,2023-12-30,535.35,Paid,Check
PM0001742,P000494,2025-01-06,1123.02,Paid,ACH
PM0001743,P000494,2025-04-01,1123.02,Paid,Wire
PM0001744,P000494,2025-07-01,1123.02,Paid,Check
PM0001745,P000494,2025-09-19,1123.02,Paid,Card
PM0001746,P000495,2025-03-26,392.65,Paid,Wire
PM0001747,P000495,2025-07-04,392.65,Paid,Check
PM0001748,P000495,2025-09-13,392.65,Paid,ACH
PM0001749,P000495,2025-12-21,392.65,Paid,ACH
PM0001750,P000496,2025-04-22,1048.08,Paid,Card
PM0001751,P000496,2025-07-30,1048.08,Paid,Wire
PM0001752,P000497,2023-05-12,870.27,Failed,Check
PM0001753,P000497,2023-08-06,870.27,Paid,Check
PM0001754,P000497,2023-11-13,870.27,Paid,Wire
PM0001755,P000497,2024-02-06,870.27,Paid,Check
PM0001756,P000498,2025-06-23,1728.97,Paid,Check
PM0001757,P000498,2025-09-11,1728.97,Paid,ACH
PM0001758,P000498,2025-12-14,1728.97,Paid,ACH
PM0001759,P000499,2024-05-25,156.78,Paid,Card
PM0001760,P000499,2024-08-14,156.78,Paid,Card
PM0001761,P000499,2025-02-14,156.78,Paid,ACH
PM0001762,P000500,2024-07-14,548.14,Paid,ACH
PM0001763,P000500,2024-10-09,548.14,Paid,ACH
PM0001764,P000500,2025-01-06,548.14,Paid,Wire
PM0001765,P000500,2025-04-01,548.14,Paid,ACH
PM0001766,P000501,2023-11-22,1437.04,Paid,Wire
PM0001767,P000501,2024-03-05,1437.04,Paid,Check
PM0001768,P000501,2024-08-26,1437.04,Paid,Wire
PM0001769,P000502,2024-01-16,296.36,Paid,Check
PM0001770,P000502,2024-04-16,296.36,Late,ACH
PM0001771,P000502,2024-09-28,296.36,Paid,Wire
PM0001772,P000503,2024-07-06,533.55,Late,Card
PM0001773,P000503,2024-12-23,533.55,Paid,Wire
PM0001774,P000503,2025-04-08,533.55,Paid,Check
PM0001775,P000504,2025-03-07,1480.47,Late,Wire
PM0001776,P000504,2025-05-22,1480.47,Paid,Card
PM0001777,P000504,2025-09-02,1480.47,Paid,Wire
PM0001778,P000505,2023-04-12,364.88,Paid,Card
PM0001779,P000505,2023-07-25,364.88,Paid,Check
PM0001780,P000505,2023-10-11,364.88,Paid,Check
PM0001781,P000505,2024-01-18,364.88,Paid,ACH
PM0001782,P000506,2024-06-28,195.95,Paid,Card
PM0001783,P000506,2024-09-29,195.95,Failed,Check
PM0001784,P000506,2024-12-26,195.95,Late,Wire
PM0001785,P000507,2025-05-18,405.56,Paid,Wire
PM0001786,P000507,2025-08-10,405.56,Paid,Wire
PM0001787,P000507,2025-11-20,405.56,Paid,ACH
PM0001788,P000508,2023-05-05,1624.63,Paid,ACH
PM0001789,P000508,2023-07-31,1624.63,Paid,Check
PM0001790,P000508,2023-11-02,1624.63,Paid,Wire
PM0001791,P000508,2024-01-22,1624.63,Paid,Check
PM0001792,P000509,2024-12-22,450.2,Paid,Wire
PM0001793,P000509,2025-03-24,450.2,Paid,Card
PM0001794,P000509,2025-06-17,450.2,Paid,Card
PM0001795,P000509,2025-09-03,450.2,Paid,ACH
PM0001796,P000510,2023-12-08,784.1,Paid,Wire
PM0001797,P000510,2024-02-26,784.1,Paid,ACH
PM0001798,P000510,2024-05-20,784.1,Paid,ACH
PM0001799,P000510,2024-08-30,784.1,Paid,Card
PM0001800,P000511,2023-02-20,2045.18,Paid,Wire
PM0001801,P000511,2023-05-27,2045.18,Paid,ACH
PM0001802,P000511,2023-08-15,2045.18,Paid,Wire
PM0001803,P000511,2023-11-06,2045.18,Paid,Check
PM0001804,P000512,2024-04-14,277.49,Paid,ACH
PM0001805,P000512,2024-07-29,277.49,Paid,ACH
PM0001806,P000512,2024-10-20,277.49,Paid,Wire
PM0001807,P000513,2024-03-10,276.87,Paid,Check
PM0001808,P000513,2024-05-28,276.87,Paid,Card
PM0001809,P000513,2024-09-07,276.87,Paid,ACH
PM0001810,P000514,2025-06-13,744.61,Paid,Check
PM0001811,P000514,2025-09-15,744.61,Late,Card
PM0001812,P000514,2025-12-03,744.61,Paid,Card
PM0001813,P000515,2023-02-16,393.77,Paid,Wire
PM0001814,P000515,2023-04-30,393.77,Paid,Card
PM0001815,P000516,2023-01-03,1803.29,Late,ACH
PM0001816,P000516,2023-04-21,1803.29,Paid,ACH
PM0001817,P000516,2023-07-13,1803.29,Paid,Card
PM0001818,P000516,2023-10-06,1803.29,Paid,Wire
PM0001819,P000517,2024-09-14,1693.37,Paid,Wire
PM0001820,P000517,2024-12-10,1693.37,Paid,ACH
PM0001821,P000517,2025-06-03,1693.37,Paid,Check
PM0001822,P000518,2024-01-09,2642.85,Paid,Card
PM0001823,P000518,2024-04-10,2642.85,Paid,Wire
PM0001824,P000518,2024-07-09,2642.85,Paid,Wire
PM0001825,P000518,2024-10-02,2642.85,Late,Check
PM0001826,P000519,2024-04-13,428.11,Paid,Card
PM0001827,P000519,2024-07-10,428.11,Paid,Check
PM0001828,P000519,2024-09-25,428.11,Paid,Check
PM0001829,P000519,2024-12-26,428.11,Paid,Wire
PM0001830,P000520,2023-07-29,294.76,Paid,Wire
PM0001831,P000520,2023-10-19,294.76,Paid,ACH
PM0001832,P000520,2024-01-19,294.76,Paid,Wire
PM0001833,P000520,2024-05-02,294.76,Paid,Wire
PM0001834,P000521,2023-11-29,2527.45,Paid,Wire
PM0001835,P000521,2024-02-28,2527.45,Paid,Wire
PM0001836,P000521,2024-05-11,2527.45,Paid,Check
PM0001837,P000521,2024-08-06,2527.45,Paid,Wire
PM0001838,P000522,2023-04-04,586.44,Paid,ACH
PM0001839,P000522,2023-06-23,586.44,Paid,ACH
PM0001840,P000522,2023-09-29,586.44,Paid,Wire
PM0001841,P000522,2023-12-19,586.44,Paid,ACH
PM0001842,P000523,2023-05-28,638.22,Paid,Check
PM0001843,P000523,2023-08-20,638.22,Late,Wire
PM0001844,P000523,2023-11-12,638.22,Late,Wire
PM0001845,P000524,2025-02-07,332.13,Paid,Wire
PM0001846,P000524,2025-05-26,332.13,Paid,Wire
PM0001847,P000524,2025-08-16,332.13,Paid,Wire
PM0001848,P000524,2025-11-15,332.13,Paid,ACH
PM0001849,P000525,2025-04-10,2316.04,Paid,ACH
PM0001850,P000525,2025-06-24,2316.04,Paid,Check
PM0001851,P000525,2025-10-01,2316.04,Paid,ACH
PM0001852,P000525,2025-12-25,2316.04,Paid,ACH
PM0001853,P000526,2025-06-14,449.97,Paid,Wire
PM0001854,P000526,2025-09-11,449.97,Paid,Card
PM0001855,P000526,2025-12-13,449.97,Paid,Card
PM0001856,P000527,2024-09-11,503.26,Paid,Card
PM0001857,P000527,2024-12-13,503.26,Paid,Wire
PM0001858,P000527,2025-03-08,503.26,Paid,Check
PM0001859,P000527,2025-06-08,503.26,Paid,Card
PM0001860,P000528,2023-05-29,1284.19,Paid,Card
PM0001861,P000528,2023-09-01,1284.19,Failed,Card
PM0001862,P000528,2023-11-25,1284.19,Paid,Check
PM0001863,P000528,2024-03-05,1284.19,Paid,Check
PM0001864,P000529,2025-02-14,661.45,Paid,Wire
PM0001865,P000529,2025-05-27,661.45,Paid,ACH
PM0001866,P000529,2025-08-14,661.45,Paid,Card
PM0001867,P000530,2023-06-28,518.58,Failed,Wire
PM0001868,P000530,2023-09-20,518.58,Failed,Wire
PM0001869,P000530,2024-01-04,518.58,Paid,ACH
PM0001870,P000530,2024-03-17,518.58,Paid,ACH
PM0001871,P000531,2024-09-21,372.18,Paid,Card
PM0001872,P000531,2025-01-01,372.18,Paid,ACH
PM0001873,P000531,2025-03-26,372.18,Paid,Wire
PM0001874,P000531,2025-06-29,372.18,Paid,Check
PM0001875,P000532,2024-02-13,1076.72,Late,Card
PM0001876,P000532,2024-05-27,1076.72,Paid,ACH
PM0001877,P000532,2024-08-25,1076.72,Paid,Check
PM0001878,P000532,2024-11-24,1076.72,Late,Check
PM0001879,P000533,2023-05-30,265.68,Paid,Wire
PM0001880,P000533,2023-08-20,265.68,Paid,Wire
PM0001881,P000533,2023-11-24,265.68,Late,Check
PM0001882,P000533,2024-02-23,265.68,Paid,Check
PM0001883,P000534,2025-06-16,1157.14,Late,Card
PM0001884,P000534,2025-09-12,1157.14,Paid,Card
PM0001885,P000534,2025-12-05,1157.14,Paid,Check
PM0001886,P000535,2025-07-13,222.96,Late,ACH
PM0001887,P000535,2025-10-06,222.96,Late,ACH
PM0001888,P000536,2023-07-21,643.91,Paid,ACH
PM0001889,P000536,2023-10-19,643.91,Paid,Check
PM0001890,P000536,2024-01-06,643.91,Failed,Wire
PM0001891,P000536,2024-04-09,643.91,Paid,Wire
PM0001892,P000537,2024-03-27,823.0,Paid,Card
PM0001893,P000537,2024-06-25,823.0,Paid,ACH
PM0001894,P000537,2024-09-16,823.0,Paid,Check
PM0001895,P000537,2024-12-16,823.0,Paid,Card
PM0001896,P000538,2025-07-08,1106.19,Paid,Check
PM0001897,P000538,2025-09-20,1106.19,Paid,Wire
PM0001898,P000538,2025-12-27,1106.19,Paid,ACH
PM0001899,P000539,2024-09-22,554.9,Paid,Card
PM0001900,P000539,2024-12-18,554.9,Paid,Check
PM0001901,P000539,2025-03-20,554.9,Paid,ACH
PM0001902,P000540,2024-04-23,684.48,Late,Wire
PM0001903,P000540,2024-07-21,684.48,Paid,Card
PM0001904,P000540,2024-10-20,684.48,Paid,Check
PM0001905,P000540,2025-01-26,684.48,Paid,Check
PM0001906,P000541,2024-01-03,642.01,Paid,ACH
PM0001907,P000541,2024-04-13,642.01,Paid,Check
PM0001908,P000541,2024-07-06,642.01,Paid,ACH
PM0001909,P000542,2023-12-19,396.19,Late,Wire
PM0001910,P000542,2024-03-26,396.19,Paid,Wire
PM0001911,P000542,2024-06-07,396.19,Paid,Wire
PM0001912,P000542,2024-09-20,396.19,Paid,Check
PM0001913,P000543,2024-07-07,1774.15,Paid,Wire
PM0001914,P000543,2024-10-12,1774.15,Paid,Card
PM0001915,P000543,2024-12-31,1774.15,Paid,Wire
PM0001916,P000543,2025-04-07,1774.15,Paid,Wire
PM0001917,P000544,2024-05-03,2766.93,Paid,Check
PM0001918,P000544,2024-08-05,2766.93,Paid,Wire
PM0001919,P000544,2024-11-05,2766.93,Paid,Wire
PM0001920,P000544,2025-01-22,2766.93,Late,ACH
PM0001921,P000545,2023-12-02,343.43,Paid,Card
PM0001922,P000545,2024-02-23,343.43,Paid,ACH
PM0001923,P000545,2024-06-10,343.43,Failed,Wire
PM0001924,P000545,2024-09-05,343.43,Paid,Wire
PM0001925,P000546,2023-06-03,416.84,Paid,Wire
PM0001926,P000546,2023-08-25,416.84,Paid,Card
PM0001927,P000546,2023-11-28,416.84,Paid,Card
PM0001928,P000546,2024-02-23,416.84,Paid,ACH
PM0001929,P000547,2023-05-27,414.92,Refunded,Wire
PM0001930,P000547,2023-08-17,414.92,Paid,ACH
PM0001931,P000547,2023-11-12,414.92,Paid,Card
PM0001932,P000547,2024-02-25,414.92,Paid,ACH
PM0001933,P000548,2024-10-23,2018.77,Paid,Card
PM0001934,P000548,2025-01-23,2018.77,Failed,Card
PM0001935,P000548,2025-04-06,2018.77,Paid,Wire
PM0001936,P000548,2025-07-20,2018.77,Paid,Wire
PM0001937,P000549,2025-05-06,563.56,Paid,Check
PM0001938,P000549,2025-08-12,563.56,Paid,Check
PM0001939,P000549,2025-11-01,563.56,Paid,Check
PM0001940,P000550,2024-06-26,1451.06,Paid,Card
PM0001941,P000550,2024-09-22,1451.06,Paid,Check
PM0001942,P000550,2024-12-28,1451.06,Paid,Wire
PM0001943,P000551,2025-07-09,262.95,Paid,ACH
PM0001944,P000552,2024-04-18,169.9,Paid,Check
PM0001945,P000552,2024-07-28,169.9,Paid,Check
PM0001946,P000552,2024-10-12,169.9,Paid,Wire
PM0001947,P000552,2025-01-15,169.9,Paid,Check
PM0001948,P000553,2024-08-02,1112.58,Paid,Check
PM0001949,P000553,2024-10-19,1112.58,Paid,ACH
PM0001950,P000553,2025-01-15,1112.58,Paid,ACH
PM0001951,P000553,2025-04-29,1112.58,Paid,Check
PM0001952,P000554,2024-04-30,1280.29,Paid,Wire
PM0001953,P000554,2024-08-01,1280.29,Paid,Card
PM0001954,P000554,2024-10-28,1280.29,Paid,ACH
PM0001955,P000554,2025-01-25,1280.29,Paid,Check
PM0001956,P000555,2024-08-19,1955.06,Paid,Wire
PM0001957,P000555,2024-11-07,1955.06,Paid,Wire
PM0001958,P000555,2025-02-20,1955.06,Paid,Check
PM0001959,P000555,2025-05-06,1955.06,Paid,ACH
PM0001960,P000556,2023-11-26,448.49,Paid,Wire
PM0001961,P000556,2024-02-23,448.49,Late,Wire
PM0001962,P000556,2024-05-19,448.49,Late,ACH
PM0001963,P000556,2024-08-09,448.49,Paid,Check
PM0001964,P000557,2023-03-09,212.63,Paid,ACH
PM0001965,P000557,2023-06-13,212.63,Paid,ACH
PM0001966,P000557,2023-09-11,212.63,Paid,Card
PM0001967,P000558,2024-03-23,1355.68,Paid,Card
PM0001968,P000558,2024-06-08,1355.68,Paid,Check
PM0001969,P000558,2024-09-20,1355.68,Paid,ACH
PM0001970,P000558,2024-12-19,1355.68,Paid,Card
PM0001971,P000559,2024-01-14,527.54,Paid,Check
PM0001972,P000559,2024-04-10,527.54,Paid,ACH
PM0001973,P000559,2024-07-16,527.54,Paid,Wire
PM0001974,P000559,2024-10-17,527.54,Paid,Wire
PM0001975,P000560,2024-11-03,1839.79,Late,Check
PM0001976,P000560,2025-02-10,1839.79,Paid,Wire
PM0001977,P000560,2025-07-30,1839.79,Paid,Check
PM0001978,P000561,2023-06-20,183.6,Paid,Check
PM0001979,P000561,2023-09-08,183.6,Paid,Card
PM0001980,P000561,2023-12-07,183.6,Paid,Wire
PM0001981,P000561,2024-03-08,183.6,Failed,Wire
PM0001982,P000562,2025-01-07,796.25,Late,Wire
PM0001983,P000562,2025-04-26,796.25,Late,Wire
PM0001984,P000563,2024-11-05,786.92,Paid,Wire
PM0001985,P000563,2025-01-18,786.92,Paid,Wire
PM0001986,P000563,2025-05-07,786.92,Paid,Card
PM0001987,P000563,2025-07-29,786.92,Paid,ACH
PM0001988,P000564,2023-06-26,442.1,Failed,Card
PM0001989,P000564,2023-10-12,442.1,Paid,Wire
PM0001990,P000564,2024-01-06,442.1,Paid,Wire
PM0001991,P000565,2023-04-18,299.36,Paid,Wire
PM0001992,P000565,2023-07-17,299.36,Paid,ACH
PM0001993,P000565,2023-10-04,299.36,Paid,Card
PM0001994,P000565,2024-01-02,299.36,Late,Card
PM0001995,P000566,2024-08-27,2505.34,Paid,Check
PM0001996,P000566,2024-11-24,2505.34,Failed,Card
PM0001997,P000566,2025-03-03,2505.34,Paid,Wire
PM0001998,P000566,2025-05-18,2505.34,Paid,ACH
PM0001999,P000567,2024-04-28,207.02,Paid,Check
PM0002000,P000567,2024-07-14,207.02,Paid,Check
PM0002001,P000567,2024-10-23,207.02,Paid,Check
PM0002002,P000567,2025-01-13,207.02,Late,ACH
PM0002003,P000568,2024-07-31,248.07,Paid,Wire
PM0002004,P000568,2024-10-31,248.07,Paid,Wire
PM0002005,P000568,2025-01-19,248.07,Paid,Wire
PM0002006,P000569,2025-01-30,343.73,Paid,Check
PM0002007,P000569,2025-05-12,343.73,Paid,Card
PM0002008,P000569,2025-08-05,343.73,Late,ACH
PM0002009,P000569,2025-10-27,343.73,Failed,Wire
PM0002010,P000570,2025-02-11,486.95,Paid,Card
PM0002011,P000570,2025-05-16,486.95,Paid,Wire
PM0002012,P000570,2025-07-31,486.95,Paid,Wire
PM0002013,P000571,2025-06-10,692.62,Paid,Wire
PM0002014,P000571,2025-08-31,692.62,Paid,Wire
PM0002015,P000571,2025-11-29,692.62,Paid,Wire
PM0002016,P000572,2024-09-09,321.31,Late,Wire
PM0002017,P000572,2024-11-26,321.31,Paid,ACH
PM0002018,P000572,2025-02-27,321.31,Paid,Wire
PM0002019,P000572,2025-05-28,321.31,Paid,Check
PM0002020,P000573,2024-10-16,347.62,Paid,Card
PM0002021,P000573,2024-12-28,347.62,Late,ACH
PM0002022,P000573,2025-04-13,347.62,Paid,Wire
PM0002023,P000573,2025-06-27,347.62,Refunded,Wire
PM0002024,P000574,2024-05-20,491.38,Paid,Card
PM0002025,P000574,2024-08-26,491.38,Paid,Check
PM0002026,P000574,2024-11-12,491.38,Paid,Wire
PM0002027,P000574,2025-02-19,491.38,Paid,Wire
PM0002028,P000575,2023-12-12,1103.15,Paid,ACH
PM0002029,P000575,2024-03-18,1103.15,Paid,Card
PM0002030,P000575,2024-06-10,1103.15,Paid,Wire
PM0002031,P000575,2024-09-12,1103.15,Paid,Wire
PM0002032,P000576,2024-05-12,204.35,Late,Wire
PM0002033,P000576,2024-07-29,204.35,Paid,Check
PM0002034,P000576,2024-10-29,204.35,Paid,Check
PM0002035,P000576,2025-02-01,204.35,Paid,Check
PM0002036,P000577,2023-04-26,489.53,Paid,Card
PM0002037,P000577,2023-07-22,489.53,Paid,Card
PM0002038,P000577,2023-10-14,489.53,Paid,Wire
PM0002039,P000577,2024-01-27,489.53,Late,Wire
PM0002040,P000578,2024-12-21,777.61,Paid,Wire
PM0002041,P000578,2025-03-04,777.61,Paid,ACH
PM0002042,P000578,2025-06-10,777.61,Paid,Check
PM0002043,P000578,2025-09-05,777.61,Paid,ACH
PM0002044,P000579,2025-07-04,259.46,Paid,Wire
PM0002045,P000579,2025-10-02,259.46,Paid,Wire
PM0002046,P000580,2023-10-06,1157.57,Paid,Card
PM0002047,P000580,2024-01-04,1157.57,Paid,ACH
PM0002048,P000580,2024-03-21,1157.57,Paid,Check
PM0002049,P000581,2023-03-30,409.34,Paid,Card
PM0002050,P000581,2023-06-25,409.34,Late,Card
PM0002051,P000581,2023-09-30,409.34,Paid,Card
PM0002052,P000581,2023-12-27,409.34,Paid,Wire
PM0002053,P000582,2024-10-16,1643.88,Failed,Wire
PM0002054,P000582,2025-01-21,1643.88,Paid,ACH
PM0002055,P000582,2025-04-09,1643.88,Paid,Card
PM0002056,P000582,2025-07-17,1643.88,Late,Wire
PM0002057,P000583,2024-10-15,2600.94,Paid,Card
PM0002058,P000583,2025-01-06,2600.94,Paid,Check
PM0002059,P000583,2025-03-24,2600.94,Paid,Card
PM0002060,P000583,2025-07-03,2600.94,Refunded,Wire
PM0002061,P000584,2025-05-04,1361.84,Paid,Card
PM0002062,P000584,2025-11-03,1361.84,Paid,Check
PM0002063,P000585,2023-01-30,1787.34,Failed,Card
PM0002064,P000585,2023-04-26,1787.34,Paid,ACH
PM0002065,P000585,2023-07-31,1787.34,Paid,Check
PM0002066,P000585,2023-10-19,1787.34,Paid,ACH
PM0002067,P000586,2023-06-30,1357.16,Paid,Card
PM0002068,P000586,2023-09-29,1357.16,Refunded,Wire
PM0002069,P000586,2023-12-22,1357.16,Paid,Wire
PM0002070,P000586,2024-03-17,1357.16,Paid,Card
PM0002071,P000587,2024-10-13,376.43,Paid,ACH
PM0002072,P000587,2025-01-13,376.43,Paid,Card
PM0002073,P000587,2025-03-28,376.43,Late,Wire
PM0002074,P000587,2025-07-03,376.43,Paid,Wire
PM0002075,P000588,2024-05-02,2400.51,Paid,ACH
PM0002076,P000588,2024-07-30,2400.51,Paid,Card
PM0002077,P000588,2024-11-05,2400.51,Paid,Card
PM0002078,P000588,2025-01-29,2400.51,Paid,Card
PM0002079,P000589,2023-11-27,1342.32,Paid,Card
PM0002080,P000589,2024-02-06,1342.32,Paid,ACH
PM0002081,P000589,2024-08-07,1342.32,Late,Wire
PM0002082,P000590,2024-05-18,739.3,Late,Wire
PM0002083,P000590,2024-08-04,739.3,Paid,Wire
PM0002084,P000590,2024-11-03,739.3,Paid,ACH
PM0002085,P000591,2023-06-18,831.98,Paid,Check
PM0002086,P000591,2023-09-20,831.98,Paid,Check
PM0002087,P000591,2023-12-27,831.98,Paid,Card
PM0002088,P000591,2024-03-19,831.98,Paid,Check
PM0002089,P000592,2023-04-10,220.22,Failed,ACH
PM0002090,P000592,2023-06-25,220.22,Paid,Wire
PM0002091,P000592,2023-10-11,220.22,Paid,Card
PM0002092,P000592,2023-12-22,220.22,Paid,Card
PM0002093,P000593,2024-04-23,531.76,Paid,ACH
PM0002094,P000593,2024-07-29,531.76,Paid,Card
PM0002095,P000593,2024-10-28,531.76,Paid,Wire
PM0002096,P000594,2024-11-02,368.78,Paid,Card
PM0002097,P000594,2025-01-31,368.78,Paid,Check
PM0002098,P000594,2025-05-09,368.78,Paid,Check
PM0002099,P000594,2025-07-23,368.78,Paid,ACH
PM0002100,P000595,2023-12-20,1232.33,Paid,Check
PM0002101,P000595,2024-03-14,1232.33,Paid,Card
PM0002102,P000595,2024-06-04,1232.33,Paid,Check
PM0002103,P000595,2024-09-06,1232.33,Paid,ACH
PM0002104,P000596,2023-01-13,2132.76,Paid,Card
PM0002105,P000596,2023-04-04,2132.76,Paid,Wire
PM0002106,P000596,2023-07-05,2132.76,Paid,Card
PM0002107,P000596,2023-10-02,2132.76,Paid,ACH
PM0002108,P000597,2024-06-12,1674.74,Paid,Check
PM0002109,P000597,2024-09-18,1674.74,Paid,Card
PM0002110,P000597,2024-12-22,1674.74,Paid,Card
PM0002111,P000597,2025-03-29,1674.74,Paid,ACH
PM0002112,P000598,2023-12-28,226.2,Paid,Check
PM0002113,P000598,2024-03-20,226.2,Paid,Card
PM0002114,P000599,2024-07-28,405.77,Failed,ACH
PM0002115,P000599,2024-10-29,405.77,Paid,Check
PM0002116,P000599,2025-01-27,405.77,Paid,Card
PM0002117,P000599,2025-04-27,405.77,Paid,Check
PM0002118,P000600,2024-12-23,259.85,Paid,Card
PM0002119,P000600,2025-03-21,259.85,Paid,Wire
PM0002120,P000600,2025-06-28,259.85,Paid,Wire
PM0002121,P000600,2025-09-22,259.85,Paid,Card
PM0002122,P000601,2024-11-14,257.64,Paid,ACH
PM0002123,P000601,2025-02-16,257.64,Paid,ACH
PM0002124,P000601,2025-05-16,257.64,Paid,Check
PM0002125,P000601,2025-08-25,257.64,Paid,Wire
PM0002126,P000602,2024-05-10,173.22,Paid,ACH
PM0002127,P000602,2024-08-05,173.22,Paid,Wire
PM0002128,P000602,2024-11-02,173.22,Paid,Card
PM0002129,P000602,2025-01-22,173.22,Paid,Check
PM0002130,P000603,2024-10-24,268.48,Paid,Card
PM0002131,P000603,2025-01-29,268.48,Paid,Wire
PM0002132,P000603,2025-04-15,268.48,Paid,ACH
PM0002133,P000603,2025-07-20,268.48,Paid,Card
PM0002134,P000604,2023-03-08,737.76,Paid,ACH
PM0002135,P000604,2023-06-14,737.76,Paid,Wire
PM0002136,P000604,2023-09-20,737.76,Failed,ACH
PM0002137,P000604,2023-12-14,737.76,Paid,Card
PM0002138,P000605,2024-07-10,514.17,Failed,Check
PM0002139,P000605,2024-10-05,514.17,Paid,Check
PM0002140,P000605,2025-04-03,514.17,Paid,ACH
PM0002141,P000606,2025-03-10,486.44,Paid,Check
PM0002142,P000606,2025-05-31,486.44,Paid,Wire
PM0002143,P000606,2025-09-02,486.44,Refunded,Check
PM0002144,P000607,2024-08-20,1741.17,Late,Wire
PM0002145,P000607,2024-11-25,1741.17,Paid,ACH
PM0002146,P000607,2025-03-01,1741.17,Paid,Wire
PM0002147,P000607,2025-05-16,1741.17,Paid,Check
PM0002148,P000608,2024-12-18,279.6,Paid,ACH
PM0002149,P000608,2025-03-22,279.6,Paid,ACH
PM0002150,P000608,2025-06-30,279.6,Paid,Wire
PM0002151,P000608,2025-09-21,279.6,Late,Check
PM0002152,P000609,2024-02-16,608.34,Paid,Check
PM0002153,P000609,2024-05-16,608.34,Paid,Check
PM0002154,P000609,2024-08-02,608.34,Paid,Check
PM0002155,P000609,2024-11-13,608.34,Paid,Wire
PM0002156,P000610,2024-03-23,498.27,Paid,Card
PM0002157,P000610,2024-09-23,498.27,Paid,Wire
PM0002158,P000610,2025-01-03,498.27,Paid,Wire
PM0002159,P000611,2024-11-18,1876.33,Paid,Check
PM0002160,P000611,2025-02-13,1876.33,Paid,Check
PM0002161,P000611,2025-05-28,1876.33,Paid,Wire
PM0002162,P000611,2025-08-13,1876.33,Refunded,ACH
PM0002163,P000612,2024-03-24,794.69,Paid,Wire
PM0002164,P000612,2024-06-27,794.69,Paid,Wire
PM0002165,P000612,2024-09-15,794.69,Paid,Check
PM0002166,P000612,2024-12-24,794.69,Paid,Check
PM0002167,P000613,2024-01-12,2254.62,Paid,Card
PM0002168,P000613,2024-04-15,2254.62,Paid,Check
PM0002169,P000613,2024-07-21,2254.62,Paid,ACH
PM0002170,P000613,2024-10-04,2254.62,Paid,ACH
PM0002171,P000614,2024-09-21,333.74,Paid,ACH
PM0002172,P000614,2024-12-15,333.74,Paid,Card
PM0002173,P000614,2025-03-15,333.74,Paid,ACH
PM0002174,P000615,2024-05-07,405.9,Paid,ACH
PM0002175,P000615,2024-08-10,405.9,Paid,Card
PM0002176,P000615,2024-10-31,405.9,Paid,ACH
PM0002177,P000615,2025-02-05,405.9,Paid,Check
PM0002178,P000616,2024-02-28,549.93,Paid,Card
PM0002179,P000616,2024-05-16,549.93,Paid,Wire
PM0002180,P000616,2024-08-14,549.93,Paid,Card
PM0002181,P000616,2024-11-21,549.93,Paid,Check
PM0002182,P000617,2025-04-23,447.33,Paid,Wire
PM0002183,P000617,2025-07-23,447.33,Late,Wire
PM0002184,P000617,2025-10-28,447.33,Paid,ACH
PM0002185,P000618,2024-12-12,405.4,Paid,Wire
PM0002186,P000618,2025-03-09,405.4,Paid,ACH
PM0002187,P000618,2025-06-06,405.4,Paid,Wire
PM0002188,P000618,2025-09-19,405.4,Paid,ACH
PM0002189,P000619,2023-09-21,198.07,Paid,Wire
PM0002190,P000619,2023-12-13,198.07,Paid,Check
PM0002191,P000619,2024-03-25,198.07,Paid,ACH
PM0002192,P000619,2024-06-13,198.07,Paid,Check
PM0002193,P000620,2025-06-18,554.27,Paid,Card
PM0002194,P000620,2025-09-12,554.27,Paid,ACH
PM0002195,P000620,2025-12-13,554.27,Paid,Check
PM0002196,P000621,2024-02-02,1664.35,Paid,Card
PM0002197,P000621,2024-05-21,1664.35,Paid,Card
PM0002198,P000621,2024-08-19,1664.35,Paid,Wire
PM0002199,P000622,2023-11-28,380.9,Late,Check
PM0002200,P000622,2024-02-22,380.9,Paid,Card
PM0002201,P000622,2024-05-30,380.9,Paid,ACH
PM0002202,P000622,2024-08-18,380.9,Paid,Card
PM0002203,P000623,2025-01-02,1431.26,Paid,Card
PM0002204,P000623,2025-03-18,1431.26,Paid,Card
PM0002205,P000623,2025-06-14,1431.26,Paid,Check
PM0002206,P000623,2025-09-10,1431.26,Paid,ACH
PM0002207,P000624,2024-03-05,1587.95,Paid,Wire
PM0002208,P000624,2024-06-05,1587.95,Paid,Wire
PM0002209,P000624,2024-08-17,1587.95,Paid,Card
PM0002210,P000624,2024-11-16,1587.95,Paid,ACH
PM0002211,P000625,2023-05-24,433.61,Paid,Check
PM0002212,P000625,2023-08-15,433.61,Paid,Check
PM0002213,P000625,2023-11-13,433.61,Late,ACH
PM0002214,P000626,2025-04-04,1278.46,Paid,Wire
PM0002215,P000626,2025-07-01,1278.46,Paid,ACH
PM0002216,P000626,2025-09-27,1278.46,Paid,Card
PM0002217,P000627,2025-04-27,982.62,Paid,Check
PM0002218,P000627,2025-07-20,982.62,Paid,ACH
PM0002219,P000627,2025-10-31,982.62,Paid,Card
PM0002220,P000628,2024-11-26,1812.39,Paid,ACH
PM0002221,P000628,2025-02-09,1812.39,Paid,Card
PM0002222,P000628,2025-05-08,1812.39,Paid,Check
PM0002223,P000628,2025-08-25,1812.39,Paid,ACH
PM0002224,P000629,2023-03-20,965.83,Paid,Card
PM0002225,P000629,2023-06-14,965.83,Paid,Wire
PM0002226,P000629,2023-09-14,965.83,Paid,ACH
PM0002227,P000629,2023-12-08,965.83,Paid,Check
PM0002228,P000630,2024-10-05,252.15,Paid,ACH
PM0002229,P000630,2024-12-30,252.15,Paid,ACH
PM0002230,P000630,2025-04-04,252.15,Paid,Check
PM0002231,P000630,2025-07-02,252.15,Paid,Card
PM0002232,P000631,2025-01-23,489.8,Paid,Card
PM0002233,P000631,2025-04-21,489.8,Paid,Check
PM0002234,P000631,2025-07-21,489.8,Paid,ACH
PM0002235,P000631,2025-10-25,489.8,Paid,Card
PM0002236,P000632,2025-06-15,1388.76,Paid,ACH
PM0002237,P000632,2025-09-20,1388.76,Paid,ACH
PM0002238,P000632,2025-12-16,1388.76,Paid,ACH
PM0002239,P000633,2023-10-25,683.17,Paid,Card
PM0002240,P000633,2024-01-09,683.17,Paid,Check
PM0002241,P000633,2024-04-09,683.17,Paid,ACH
PM0002242,P000633,2024-07-23,683.17,Paid,ACH
PM0002243,P000634,2025-06-04,730.65,Paid,Check
PM0002244,P000634,2025-09-04,730.65,Late,ACH
PM0002245,P000634,2025-12-01,730.65,Paid,Wire
PM0002246,P000635,2023-02-02,1162.25,Paid,Card
PM0002247,P000635,2023-05-03,1162.25,Paid,Wire
PM0002248,P000635,2023-11-08,1162.25,Late,Check
PM0002249,P000636,2024-12-10,295.3,Paid,Card
PM0002250,P000636,2025-03-13,295.3,Paid,Card
PM0002251,P000636,2025-06-20,295.3,Paid,Wire
PM0002252,P000636,2025-09-19,295.3,Paid,Wire
PM0002253,P000637,2023-08-14,694.9,Paid,Check
PM0002254,P000637,2023-11-16,694.9,Paid,Check
PM0002255,P000637,2024-02-18,694.9,Paid,ACH
PM0002256,P000637,2024-05-18,694.9,Paid,ACH
PM0002257,P000638,2023-02-13,389.45,Paid,Wire
PM0002258,P000638,2023-05-26,389.45,Paid,Card
PM0002259,P000638,2023-11-16,389.45,Paid,Wire
PM0002260,P000639,2024-02-05,652.28,Paid,Wire
PM0002261,P000639,2024-04-25,652.28,Paid,Wire
PM0002262,P000640,2024-03-25,408.83,Paid,Check
PM0002263,P000640,2024-07-12,408.83,Paid,Card
PM0002264,P000640,2024-10-08,408.83,Paid,Check
PM0002265,P000640,2025-01-09,408.83,Paid,Wire
PM0002266,P000641,2024-02-13,203.71,Paid,Card
PM0002267,P000641,2024-05-21,203.71,Paid,Wire
PM0002268,P000641,2024-08-03,203.71,Paid,Wire
PM0002269,P000641,2024-11-21,203.71,Paid,Card
PM0002270,P000642,2025-03-20,1140.9,Paid,Card
PM0002271,P000642,2025-06-30,1140.9,Paid,Card
PM0002272,P000642,2025-09-20,1140.9,Failed,Card
PM0002273,P000642,2025-12-19,1140.9,Paid,Wire
PM0002274,P000643,2024-03-23,216.19,Paid,Check
PM0002275,P000643,2024-06-26,216.19,Late,Check
PM0002276,P000643,2024-10-01,216.19,Paid,Wire
PM0002277,P000643,2024-12-22,216.19,Paid,Check
PM0002278,P000644,2025-06-25,574.57,Paid,ACH
PM0002279,P000644,2025-09-19,574.57,Paid,ACH
PM0002280,P000645,2024-05-20,366.64,Paid,Wire
PM0002281,P000645,2024-08-19,366.64,Paid,Card
PM0002282,P000645,2024-11-15,366.64,Paid,Card
PM0002283,P000645,2025-02-05,366.64,Paid,Card
PM0002284,P000646,2023-05-22,744.44,Paid,ACH
PM0002285,P000646,2023-08-09,744.44,Paid,ACH
PM0002286,P000646,2023-10-29,744.44,Failed,Check
PM0002287,P000647,2023-05-29,1896.61,Paid,Card
PM0002288,P000647,2023-08-25,1896.61,Paid,Card
PM0002289,P000647,2023-11-10,1896.61,Paid,Check
PM0002290,P000647,2024-02-17,1896.61,Paid,Check
PM0002291,P000648,2025-05-03,431.83,Paid,Card
PM0002292,P000648,2025-07-24,431.83,Paid,Card
PM0002293,P000649,2024-08-08,321.32,Paid,ACH
PM0002294,P000649,2024-10-29,321.32,Late,Card
PM0002295,P000649,2025-02-04,321.32,Paid,Wire
PM0002296,P000650,2023-12-14,468.39,Paid,ACH
PM0002297,P000650,2024-03-04,468.39,Paid,Card
PM0002298,P000650,2024-06-12,468.39,Paid,ACH
PM0002299,P000650,2024-09-01,468.39,Paid,Card
PM0002300,P000651,2024-02-03,514.17,Paid,Card
PM0002301,P000651,2024-05-09,514.17,Paid,Card
PM0002302,P000651,2024-07-29,514.17,Paid,Wire
PM0002303,P000652,2025-02-13,1823.63,Paid,Card
PM0002304,P000652,2025-05-14,1823.63,Paid,Wire
PM0002305,P000652,2025-08-25,1823.63,Paid,Check
PM0002306,P000653,2025-04-09,1793.26,Paid,ACH
PM0002307,P000653,2025-06-24,1793.26,Paid,Check
PM0002308,P000654,2025-01-17,315.27,Paid,Wire
PM0002309,P000654,2025-04-20,315.27,Paid,Card
PM0002310,P000654,2025-07-25,315.27,Late,Card
PM0002311,P000654,2025-10-22,315.27,Paid,Wire
PM0002312,P000655,2025-06-14,2610.26,Paid,ACH
PM0002313,P000655,2025-09-07,2610.26,Paid,Check
PM0002314,P000655,2025-12-02,2610.26,Paid,ACH
PM0002315,P000656,2025-01-23,817.94,Paid,ACH
PM0002316,P000656,2025-04-11,817.94,Paid,ACH
PM0002317,P000656,2025-07-22,817.94,Paid,ACH
PM0002318,P000656,2025-10-15,817.94,Paid,Card
PM0002319,P000657,2023-11-08,237.55,Paid,Card
PM0002320,P000657,2024-02-02,237.55,Late,Check
PM0002321,P000657,2024-04-30,237.55,Paid,Check
PM0002322,P000657,2024-07-20,237.55,Paid,Card
PM0002323,P000658,2024-11-12,1402.38,Paid,Wire
PM0002324,P000658,2025-02-17,1402.38,Paid,ACH
PM0002325,P000658,2025-05-18,1402.38,Paid,ACH
PM0002326,P000658,2025-08-17,1402.38,Paid,ACH
PM0002327,P000659,2024-09-03,1373.5,Paid,Wire
PM0002328,P000659,2024-12-03,1373.5,Paid,Wire
PM0002329,P000659,2025-03-09,1373.5,Paid,Check
PM0002330,P000659,2025-05-28,1373.5,Paid,ACH
PM0002331,P000660,2023-12-23,1233.31,Paid,ACH
PM0002332,P000660,2024-03-16,1233.31,Paid,ACH
PM0002333,P000660,2024-06-15,1233.31,Late,ACH
PM0002334,P000660,2024-09-02,1233.31,Paid,ACH
PM0002335,P000661,2023-12-05,337.43,Paid,Card
PM0002336,P000661,2024-02-26,337.43,Paid,Card
PM0002337,P000661,2024-05-29,337.43,Paid,Check
PM0002338,P000661,2024-09-06,337.43,Paid,Card
PM0002339,P000662,2023-09-21,469.67,Paid,Wire
PM0002340,P000662,2023-12-31,469.67,Paid,ACH
PM0002341,P000662,2024-04-03,469.67,Paid,Card
PM0002342,P000662,2024-06-27,469.67,Paid,Card
PM0002343,P000663,2024-05-04,230.59,Paid,Wire
PM0002344,P000663,2024-07-24,230.59,Paid,Card
PM0002345,P000663,2024-11-08,230.59,Late,Check
PM0002346,P000663,2025-02-04,230.59,Paid,Wire
PM0002347,P000664,2024-11-23,805.18,Paid,Card
PM0002348,P000664,2025-02-07,805.18,Late,ACH
PM0002349,P000664,2025-05-10,805.18,Paid,Wire
PM0002350,P000664,2025-08-07,805.18,Paid,Card
PM0002351,P000665,2025-03-11,381.35,Paid,Card
PM0002352,P000665,2025-05-24,381.35,Paid,Wire
PM0002353,P000665,2025-08-27,381.35,Paid,ACH
PM0002354,P000665,2025-12-08,381.35,Paid,Wire
PM0002355,P000666,2023-05-18,1566.3,Paid,Check
PM0002356,P000666,2023-08-21,1566.3,Paid,Check
PM0002357,P000666,2023-11-16,1566.3,Paid,Card
PM0002358,P000666,2024-02-19,1566.3,Paid,Card
PM0002359,P000667,2024-10-07,1009.01,Refunded,Wire
PM0002360,P000667,2025-01-20,1009.01,Paid,Check
PM0002361,P000667,2025-04-08,1009.01,Paid,ACH
PM0002362,P000668,2024-08-25,364.43,Paid,Wire
PM0002363,P000668,2024-11-23,364.43,Paid,ACH
PM0002364,P000668,2025-02-11,364.43,Paid,Card
PM0002365,P000668,2025-05-19,364.43,Paid,Card
PM0002366,P000669,2024-05-11,1239.91,Paid,ACH
PM0002367,P000669,2024-08-01,1239.91,Paid,Card
PM0002368,P000669,2024-10-30,1239.91,Paid,ACH
PM0002369,P000670,2025-02-23,343.51,Paid,ACH
PM0002370,P000670,2025-08-20,343.51,Paid,Wire
PM0002371,P000670,2025-11-19,343.51,Paid,Wire
PM0002372,P000671,2024-12-18,554.7,Paid,Wire
PM0002373,P000671,2025-03-15,554.7,Paid,Wire
PM0002374,P000671,2025-09-19,554.7,Paid,ACH
PM0002375,P000672,2023-12-18,712.33,Paid,Card
PM0002376,P000672,2024-03-09,712.33,Late,Wire
PM0002377,P000672,2024-06-12,712.33,Paid,ACH
PM0002378,P000672,2024-09-11,712.33,Paid,Wire
PM0002379,P000673,2023-09-26,368.12,Paid,Card
PM0002380,P000673,2024-01-02,368.12,Paid,ACH
PM0002381,P000673,2024-03-30,368.12,Paid,Check
PM0002382,P000673,2024-07-04,368.12,Paid,Card
PM0002383,P000674,2023-05-14,477.78,Paid,Wire
PM0002384,P000674,2023-08-13,477.78,Paid,Card
PM0002385,P000674,2023-11-04,477.78,Paid,Card
PM0002386,P000674,2024-02-11,477.78,Paid,Wire
PM0002387,P000675,2023-12-10,598.62,Refunded,Check
PM0002388,P000675,2024-03-14,598.62,Paid,Wire
PM0002389,P000675,2024-06-13,598.62,Paid,Card
PM0002390,P000675,2024-09-09,598.62,Late,ACH
PM0002391,P000676,2023-02-24,1015.38,Paid,Card
PM0002392,P000676,2023-06-03,1015.38,Paid,Check
PM0002393,P000676,2023-08-25,1015.38,Paid,ACH
PM0002394,P000676,2023-11-26,1015.38,Paid,ACH
PM0002395,P000677,2024-06-21,238.86,Paid,Check
PM0002396,P000677,2024-09-14,238.86,Paid,Check
PM0002397,P000677,2024-12-14,238.86,Failed,ACH
PM0002398,P000678,2024-02-26,1622.48,Paid,ACH
PM0002399,P000678,2024-06-01,1622.48,Paid,Wire
PM0002400,P000678,2024-08-24,1622.48,Paid,Card
PM0002401,P000678,2024-11-23,1622.48,Paid,Wire
PM0002402,P000679,2024-02-27,1576.16,Paid,Check
PM0002403,P000679,2024-05-18,1576.16,Paid,ACH
PM0002404,P000679,2024-08-11,1576.16,Paid,Check
PM0002405,P000679,2024-11-09,1576.16,Paid,Check
PM0002406,P000680,2025-05-05,331.46,Paid,Wire
PM0002407,P000680,2025-07-28,331.46,Paid,Wire
PM0002408,P000680,2025-11-03,331.46,Paid,Card
PM0002409,P000681,2024-12-19,1936.83,Paid,Check
PM0002410,P000681,2025-03-21,1936.83,Paid,Card
PM0002411,P000681,2025-09-14,1936.83,Paid,Card
PM0002412,P000682,2023-01-27,287.8,Paid,ACH
PM0002413,P000682,2023-05-07,287.8,Refunded,ACH
PM0002414,P000682,2023-07-23,287.8,Refunded,Card
PM0002415,P000682,2023-11-01,287.8,Paid,Card
PM0002416,P000683,2023-12-17,309.86,Paid,Card
PM0002417,P000683,2024-03-19,309.86,Paid,ACH
PM0002418,P000683,2024-06-09,309.86,Paid,ACH
PM0002419,P000683,2024-09-08,309.86,Paid,ACH
PM0002420,P000684,2025-04-04,406.68,Paid,Check
PM0002421,P000684,2025-07-01,406.68,Paid,Card
PM0002422,P000684,2025-09-27,406.68,Paid,Wire
PM0002423,P000684,2025-12-14,406.68,Paid,ACH
PM0002424,P000685,2024-04-26,1500.38,Paid,Card
PM0002425,P000685,2024-08-07,1500.38,Paid,Wire
PM0002426,P000685,2024-11-01,1500.38,Paid,Check
PM0002427,P000685,2025-02-04,1500.38,Paid,Card
PM0002428,P000686,2025-04-08,2483.84,Paid,Wire
PM0002429,P000686,2025-07-24,2483.84,Paid,Card
PM0002430,P000686,2025-10-08,2483.84,Paid,ACH
PM0002431,P000687,2023-01-27,677.18,Late,ACH
PM0002432,P000687,2023-04-19,677.18,Paid,Card
PM0002433,P000687,2023-08-03,677.18,Paid,Card
PM0002434,P000687,2023-10-16,677.18,Paid,Check
PM0002435,P000688,2025-01-01,273.93,Paid,ACH
PM0002436,P000688,2025-04-08,273.93,Paid,Wire
PM0002437,P000688,2025-07-02,273.93,Paid,Card
PM0002438,P000688,2025-10-02,273.93,Late,Wire
PM0002439,P000689,2023-03-06,388.17,Late,ACH
PM0002440,P000689,2023-06-07,388.17,Paid,ACH
PM0002441,P000689,2023-08-23,388.17,Paid,Check
PM0002442,P000689,2023-11-21,388.17,Paid,Card
PM0002443,P000690,2023-04-17,1470.07,Paid,ACH
PM0002444,P000690,2023-07-19,1470.07,Paid,Wire
PM0002445,P000690,2023-09-30,1470.07,Paid,ACH
PM0002446,P000690,2024-01-16,1470.07,Paid,Wire
PM0002447,P000691,2023-05-10,551.25,Paid,Card
PM0002448,P000691,2023-07-28,551.25,Paid,Check
PM0002449,P000691,2023-11-10,551.25,Paid,ACH
PM0002450,P000691,2024-02-01,551.25,Paid,Card
PM0002451,P000692,2024-06-18,371.56,Paid,Check
PM0002452,P000692,2024-09-24,371.56,Paid,Wire
PM0002453,P000692,2024-12-25,371.56,Paid,Wire
PM0002454,P000692,2025-03-27,371.56,Paid,ACH
PM0002455,P000693,2025-04-19,1890.23,Paid,ACH
PM0002456,P000693,2025-07-23,1890.23,Paid,Card
PM0002457,P000693,2025-10-25,1890.23,Late,ACH
PM0002458,P000694,2025-05-29,500.5,Paid,Check
PM0002459,P000694,2025-08-26,500.5,Paid,Check
PM0002460,P000694,2025-11-17,500.5,Paid,ACH
PM0002461,P000695,2023-11-04,1722.56,Paid,ACH
PM0002462,P000695,2024-02-07,1722.56,Paid,Check
PM0002463,P000695,2024-04-23,1722.56,Paid,Check
PM0002464,P000695,2024-07-23,1722.56,Paid,Card
PM0002465,P000696,2025-07-09,402.59,Failed,Wire
PM0002466,P000696,2025-09-26,402.59,Paid,ACH
PM0002467,P000697,2024-12-06,369.26,Paid,Wire
PM0002468,P000697,2025-03-03,369.26,Paid,Check
PM0002469,P000697,2025-05-27,369.26,Paid,ACH
PM0002470,P000697,2025-09-02,369.26,Paid,ACH
PM0002471,P000698,2024-09-14,406.4,Late,Wire
PM0002472,P000698,2024-12-13,406.4,Paid,ACH
PM0002473,P000698,2025-03-14,406.4,Paid,Card
PM0002474,P000698,2025-06-17,406.4,Late,Check
PM0002475,P000699,2024-03-27,1032.59,Paid,Card
PM0002476,P000699,2024-06-30,1032.59,Paid,Check
PM0002477,P000699,2024-09-27,1032.59,Paid,Check
PM0002478,P000700,2025-01-17,348.29,Paid,Wire
PM0002479,P000700,2025-04-07,348.29,Late,ACH
PM0002480,P000700,2025-07-19,348.29,Paid,Card
PM0002481,P000700,2025-10-19,348.29,Late,Check
PM0002482,P000701,2024-06-21,554.47,Paid,Check
PM0002483,P000701,2024-09-17,554.47,Paid,ACH
PM0002484,P000701,2024-12-12,554.47,Paid,ACH
PM0002485,P000701,2025-03-16,554.47,Paid,Wire
PM0002486,P000702,2025-05-30,378.75,Paid,Wire
PM0002487,P000702,2025-09-13,378.75,Paid,Wire
PM0002488,P000702,2025-12-06,378.75,Paid,ACH
PM0002489,P000703,2024-11-16,317.77,Paid,ACH
PM0002490,P000703,2025-02-02,317.77,Paid,Card
PM0002491,P000703,2025-05-03,317.77,Paid,ACH
PM0002492,P000703,2025-08-06,317.77,Paid,ACH
PM0002493,P000704,2025-05-27,367.74,Paid,Card
PM0002494,P000704,2025-09-11,367.74,Paid,ACH
PM0002495,P000704,2025-11-28,367.74,Paid,Wire
PM0002496,P000705,2023-04-23,770.41,Paid,Wire
PM0002497,P000705,2023-07-03,770.41,Paid,ACH
PM0002498,P000705,2023-09-30,770.41,Paid,ACH
PM0002499,P000705,2024-01-12,770.41,Paid,ACH
PM0002500,P000706,2024-01-09,423.67,Paid,Check
PM0002501,P000706,2024-03-28,423.67,Paid,ACH
PM0002502,P000706,2024-06-23,423.67,Paid,Card
PM0002503,P000707,2024-03-28,1777.63,Paid,ACH
PM0002504,P000707,2024-06-14,1777.63,Paid,ACH
PM0002505,P000707,2024-09-25,1777.63,Paid,ACH
PM0002506,P000707,2024-12-24,1777.63,Paid,Wire
PM0002507,P000708,2023-05-11,581.37,Paid,Card
PM0002508,P000708,2023-08-27,581.37,Paid,Check
PM0002509,P000708,2023-11-15,581.37,Paid,Check
PM0002510,P000708,2024-02-08,581.37,Paid,Card
PM0002511,P000709,2024-02-12,369.07,Paid,Card
PM0002512,P000709,2024-05-10,369.07,Paid,Card
PM0002513,P000710,2024-04-29,207.28,Paid,Card
PM0002514,P000710,2024-08-11,207.28,Paid,Wire
PM0002515,P000710,2024-10-25,207.28,Paid,Card
PM0002516,P000710,2025-01-25,207.28,Paid,Wire
PM0002517,P000711,2023-09-02,1530.33,Paid,ACH
PM0002518,P000711,2023-12-12,1530.33,Failed,Card
PM0002519,P000711,2024-03-10,1530.33,Paid,Card
PM0002520,P000711,2024-06-05,1530.33,Paid,Check
PM0002521,P000712,2024-11-19,2225.85,Paid,Wire
PM0002522,P000712,2025-02-24,2225.85,Paid,Wire
PM0002523,P000712,2025-06-03,2225.85,Paid,ACH
PM0002524,P000712,2025-08-22,2225.85,Paid,Check
PM0002525,P000713,2023-09-27,1765.82,Failed,Wire
PM0002526,P000713,2024-01-09,1765.82,Paid,Check
PM0002527,P000713,2024-04-08,1765.82,Paid,ACH
PM0002528,P000713,2024-06-25,1765.82,Paid,Wire
PM0002529,P000714,2024-01-31,1709.32,Late,Wire
PM0002530,P000714,2024-07-27,1709.32,Paid,Check
PM0002531,P000714,2024-11-03,1709.32,Paid,Wire
PM0002532,P000715,2023-10-14,458.93,Paid,Check
PM0002533,P000715,2024-01-23,458.93,Paid,Check
PM0002534,P000715,2024-04-17,458.93,Paid,Wire
PM0002535,P000715,2024-07-09,458.93,Late,Wire
PM0002536,P000716,2025-01-20,698.26,Paid,Check
PM0002537,P000716,2025-04-18,698.26,Paid,Card
PM0002538,P000716,2025-07-15,698.26,Paid,ACH
PM0002539,P000716,2025-09-29,698.26,Paid,Wire
PM0002540,P000717,2023-08-14,384.79,Refunded,ACH
PM0002541,P000717,2023-11-18,384.79,Paid,Card
PM0002542,P000717,2024-02-23,384.79,Paid,Check
PM0002543,P000717,2024-05-12,384.79,Late,Card
PM0002544,P000718,2023-09-07,2332.65,Paid,Card
PM0002545,P000718,2023-12-15,2332.65,Paid,Wire
PM0002546,P000718,2024-03-20,2332.65,Paid,Card
PM0002547,P000718,2024-06-05,2332.65,Paid,Card
PM0002548,P000719,2025-02-21,2080.8,Paid,Wire
PM0002549,P000719,2025-06-03,2080.8,Paid,Card
PM0002550,P000719,2025-08-23,2080.8,Paid,Card
PM0002551,P000719,2025-11-23,2080.8,Paid,Wire
PM0002552,P000720,2024-09-24,824.57,Paid,Wire
PM0002553,P000720,2025-01-04,824.57,Paid,Check
PM0002554,P000720,2025-03-30,824.57,Paid,Card
PM0002555,P000720,2025-06-19,824.57,Refunded,Check
PM0002556,P000721,2023-06-08,487.04,Late,Card
PM0002557,P000721,2023-09-03,487.04,Late,ACH
PM0002558,P000721,2024-03-03,487.04,Paid,Card
PM0002559,P000722,2023-06-22,686.74,Paid,Card
PM0002560,P000722,2023-09-07,686.74,Paid,Check
PM0002561,P000722,2024-03-18,686.74,Paid,Card
PM0002562,P000723,2023-09-08,697.44,Late,Wire
PM0002563,P000723,2023-12-11,697.44,Paid,Check
PM0002564,P000723,2024-03-01,697.44,Paid,Check
PM0002565,P000723,2024-05-31,697.44,Paid,ACH
PM0002566,P000724,2023-08-15,310.1,Paid,ACH
PM0002567,P000724,2023-11-18,310.1,Late,Check
PM0002568,P000724,2024-02-08,310.1,Late,Wire
PM0002569,P000724,2024-05-09,310.1,Paid,ACH
PM0002570,P000725,2024-12-17,1501.62,Paid,ACH
PM0002571,P000725,2025-03-17,1501.62,Paid,Check
PM0002572,P000725,2025-06-14,1501.62,Paid,Wire
PM0002573,P000725,2025-08-29,1501.62,Paid,Card
PM0002574,P000726,2023-01-20,1376.61,Paid,Wire
PM0002575,P000726,2023-04-26,1376.61,Paid,Check
PM0002576,P000726,2023-07-21,1376.61,Refunded,Card
PM0002577,P000726,2023-10-19,1376.61,Paid,Check
PM0002578,P000727,2024-01-22,839.99,Paid,Card
PM0002579,P000727,2024-04-19,839.99,Paid,Card
PM0002580,P000727,2024-10-10,839.99,Paid,ACH
PM0002581,P000728,2024-06-04,2664.56,Paid,Check
PM0002582,P000728,2024-08-25,2664.56,Paid,Wire
PM0002583,P000728,2024-12-07,2664.56,Paid,Card
PM0002584,P000728,2025-03-07,2664.56,Paid,Wire
PM0002585,P000729,2023-01-18,515.12,Paid,Wire
PM0002586,P000729,2023-04-23,515.12,Paid,Check
PM0002587,P000729,2023-07-14,515.12,Paid,Wire
PM0002588,P000729,2023-10-16,515.12,Paid,Card
PM0002589,P000730,2025-03-27,709.76,Paid,Wire
PM0002590,P000730,2025-06-28,709.76,Paid,Wire
PM0002591,P000730,2025-09-24,709.76,Paid,Check
PM0002592,P000730,2025-12-19,709.76,Paid,Check
PM0002593,P000731,2023-02-21,681.38,Late,Wire
PM0002594,P000731,2023-05-10,681.38,Paid,ACH
PM0002595,P000731,2023-08-15,681.38,Paid,ACH
PM0002596,P000731,2023-11-24,681.38,Paid,Card
PM0002597,P000732,2025-07-01,659.17,Failed,Check
PM0002598,P000732,2025-10-03,659.17,Late,ACH
PM0002599,P000733,2023-05-07,244.61,Failed,Wire
PM0002600,P000733,2023-08-01,244.61,Late,Check
PM0002601,P000733,2024-01-27,244.61,Paid,ACH
PM0002602,P000734,2023-01-02,1091.44,Paid,Check
PM0002603,P000734,2023-04-01,1091.44,Paid,Card
PM0002604,P000734,2023-10-11,1091.44,Failed,ACH
PM0002605,P000735,2024-06-14,216.5,Paid,Card
PM0002606,P000735,2024-09-15,216.5,Paid,Wire
PM0002607,P000735,2024-12-04,216.5,Paid,Wire
PM0002608,P000735,2025-03-13,216.5,Paid,Card
PM0002609,P000736,2025-06-17,382.51,Paid,Check
PM0002610,P000736,2025-09-12,382.51,Failed,ACH
PM0002611,P000736,2025-12-15,382.51,Paid,Wire
PM0002612,P000737,2024-07-26,1051.85,Paid,Card
PM0002613,P000737,2024-10-28,1051.85,Paid,ACH
PM0002614,P000737,2025-01-26,1051.85,Paid,Check
PM0002615,P000737,2025-05-11,1051.85,Paid,Card
PM0002616,P000738,2024-01-21,155.62,Refunded,Wire
PM0002617,P000739,2024-05-31,243.22,Paid,Wire
PM0002618,P000739,2024-08-20,243.22,Paid,Check
PM0002619,P000739,2024-11-14,243.22,Paid,Card
PM0002620,P000739,2025-02-17,243.22,Paid,Card
PM0002621,P000740,2023-03-18,288.62,Late,ACH
PM0002622,P000740,2023-06-17,288.62,Paid,Check
PM0002623,P000740,2023-09-19,288.62,Paid,Check
PM0002624,P000740,2023-12-10,288.62,Paid,ACH
PM0002625,P000741,2024-09-20,391.12,Failed,ACH
PM0002626,P000741,2024-12-15,391.12,Paid,Check
PM0002627,P000741,2025-03-22,391.12,Paid,Wire
PM0002628,P000741,2025-06-14,391.12,Paid,Check
PM0002629,P000742,2023-09-04,1911.49,Paid,Card
PM0002630,P000742,2023-12-06,1911.49,Paid,Card
PM0002631,P000742,2024-03-07,1911.49,Paid,ACH
PM0002632,P000743,2023-02-09,2373.87,Paid,ACH
PM0002633,P000743,2023-05-14,2373.87,Paid,Card
PM0002634,P000743,2023-08-11,2373.87,Paid,Wire
PM0002635,P000743,2023-11-03,2373.87,Paid,Wire
PM0002636,P000744,2023-05-16,339.44,Paid,Card
PM0002637,P000744,2023-08-14,339.44,Paid,Wire
PM0002638,P000744,2023-11-16,339.44,Paid,ACH
PM0002639,P000744,2024-02-23,339.44,Late,ACH
PM0002640,P000745,2023-07-19,982.93,Paid,ACH
PM0002641,P000745,2023-10-22,982.93,Paid,ACH
PM0002642,P000745,2024-01-20,982.93,Paid,ACH
PM0002643,P000745,2024-04-22,982.93,Paid,ACH
PM0002644,P000746,2023-05-04,696.55,Paid,Card
PM0002645,P000746,2023-08-10,696.55,Paid,Check
PM0002646,P000746,2023-11-06,696.55,Paid,Check
PM0002647,P000746,2024-01-29,696.55,Late,Card
PM0002648,P000747,2024-11-23,465.38,Paid,Wire
PM0002649,P000747,2025-02-12,465.38,Paid,Wire
PM0002650,P000747,2025-05-06,465.38,Paid,Wire
PM0002651,P000747,2025-08-13,465.38,Paid,Card
PM0002652,P000748,2023-11-15,369.41,Paid,Wire
PM0002653,P000748,2024-05-13,369.41,Paid,Check
PM0002654,P000748,2024-08-21,369.41,Paid,ACH
PM0002655,P000749,2024-10-26,331.61,Paid,Card
PM0002656,P000749,2025-01-28,331.61,Paid,Card
PM0002657,P000749,2025-04-28,331.61,Paid,Wire
PM0002658,P000749,2025-08-10,331.61,Paid,Card
PM0002659,P000750,2025-07-12,628.83,Paid,ACH
PM0002660,P000750,2025-09-22,628.83,Late,Wire
PM0002661,P000751,2024-05-20,356.88,Paid,Wire
PM0002662,P000751,2024-08-09,356.88,Paid,ACH
PM0002663,P000751,2024-11-16,356.88,Paid,Check
PM0002664,P000751,2025-02-16,356.88,Paid,ACH
PM0002665,P000752,2023-10-23,998.45,Late,ACH
PM0002666,P000752,2024-04-22,998.45,Late,Check
PM0002667,P000752,2024-08-03,998.45,Paid,Card
PM0002668,P000753,2025-02-06,241.26,Late,Wire
PM0002669,P000753,2025-05-23,241.26,Paid,Wire
PM0002670,P000753,2025-08-18,241.26,Refunded,Card
PM0002671,P000753,2025-10-30,241.26,Late,Card
PM0002672,P000754,2023-07-24,1823.08,Paid,Wire
PM0002673,P000754,2023-10-28,1823.08,Paid,Card
PM0002674,P000754,2024-02-08,1823.08,Paid,Card
PM0002675,P000754,2024-04-23,1823.08,Paid,ACH
PM0002676,P000755,2024-12-14,210.16,Paid,Wire
PM0002677,P000755,2025-03-25,210.16,Paid,ACH
PM0002678,P000755,2025-06-20,210.16,Paid,Check
PM0002679,P000756,2023-09-12,229.17,Paid,Check
PM0002680,P000756,2023-12-14,229.17,Paid,ACH
PM0002681,P000756,2024-03-14,229.17,Paid,Wire
PM0002682,P000756,2024-06-06,229.17,Paid,Check
PM0002683,P000757,2025-06-13,375.65,Paid,Wire
PM0002684,P000757,2025-08-31,375.65,Paid,Card
PM0002685,P000757,2025-11-23,375.65,Paid,Wire
PM0002686,P000758,2023-06-23,1438.92,Paid,Card
PM0002687,P000758,2023-09-25,1438.92,Paid,ACH
PM0002688,P000758,2023-12-25,1438.92,Paid,Wire
PM0002689,P000758,2024-04-03,1438.92,Paid,Wire
PM0002690,P000759,2024-05-05,365.3,Failed,ACH
PM0002691,P000759,2024-08-05,365.3,Paid,Wire
PM0002692,P000759,2024-11-08,365.3,Paid,Wire
PM0002693,P000759,2025-02-16,365.3,Paid,ACH
PM0002694,P000760,2024-03-10,169.6,Failed,Wire
PM0002695,P000760,2024-05-30,169.6,Paid,ACH
PM0002696,P000760,2024-09-06,169.6,Paid,Wire
PM0002697,P000760,2024-12-03,169.6,Paid,Wire
PM0002698,P000761,2023-03-16,1451.24,Paid,Wire
PM0002699,P000761,2023-06-07,1451.24,Paid,Wire
PM0002700,P000761,2023-09-22,1451.24,Paid,Card
PM0002701,P000761,2023-12-15,1451.24,Paid,Card
PM0002702,P000762,2024-05-31,624.02,Paid,Check
PM0002703,P000762,2024-08-27,624.02,Late,ACH
PM0002704,P000762,2024-11-21,624.02,Paid,Wire
PM0002705,P000762,2025-02-16,624.02,Late,Wire
PM0002706,P000763,2025-01-21,1423.77,Paid,ACH
PM0002707,P000763,2025-04-13,1423.77,Paid,Check
PM0002708,P000763,2025-07-14,1423.77,Paid,Card
PM0002709,P000763,2025-10-04,1423.77,Paid,Check
PM0002710,P000764,2023-06-29,1602.78,Paid,Wire
PM0002711,P000764,2023-09-21,1602.78,Paid,ACH
PM0002712,P000764,2023-12-12,1602.78,Paid,Card
PM0002713,P000764,2024-03-10,1602.78,Paid,ACH
PM0002714,P000765,2023-02-02,1397.73,Paid,Wire
PM0002715,P000765,2023-04-23,1397.73,Paid,Wire
PM0002716,P000765,2023-08-02,1397.73,Paid,Card
PM0002717,P000765,2023-10-31,1397.73,Paid,ACH
PM0002718,P000766,2024-11-11,228.26,Paid,Card
PM0002719,P000766,2025-02-11,228.26,Refunded,ACH
PM0002720,P000766,2025-05-17,228.26,Paid,Card
PM0002721,P000766,2025-08-13,228.26,Paid,ACH
PM0002722,P000767,2023-05-10,2297.09,Paid,Check
PM0002723,P000767,2023-08-13,2297.09,Paid,Wire
PM0002724,P000767,2023-10-27,2297.09,Refunded,Check
PM0002725,P000768,2023-09-12,1750.02,Late,Check
PM0002726,P000768,2023-12-15,1750.02,Paid,ACH
PM0002727,P000768,2024-03-09,1750.02,Paid,Card
PM0002728,P000768,2024-05-31,1750.02,Late,ACH
PM0002729,P000769,2023-09-25,1239.23,Paid,Card
PM0002730,P000769,2024-03-20,1239.23,Paid,Card
PM0002731,P000769,2024-06-23,1239.23,Paid,ACH
PM0002732,P000770,2025-06-28,477.58,Late,Card
PM0002733,P000770,2025-09-24,477.58,Paid,ACH
PM0002734,P000770,2025-12-26,477.58,Paid,Card
PM0002735,P000771,2023-02-13,492.97,Paid,Wire
PM0002736,P000771,2023-05-20,492.97,Paid,Wire
PM0002737,P000771,2023-08-17,492.97,Late,Card
PM0002738,P000772,2023-11-20,778.41,Refunded,Card
PM0002739,P000772,2024-02-23,778.41,Paid,Card
PM0002740,P000772,2024-05-22,778.41,Paid,Check
PM0002741,P000772,2024-08-14,778.41,Paid,Check
PM0002742,P000773,2023-05-03,814.17,Paid,Wire
PM0002743,P000773,2023-08-01,814.17,Paid,Check
PM0002744,P000773,2023-10-30,814.17,Paid,Wire
PM0002745,P000773,2024-01-26,814.17,Paid,Wire
PM0002746,P000774,2025-01-30,421.12,Paid,Card
PM0002747,P000774,2025-04-20,421.12,Paid,Wire
PM0002748,P000774,2025-07-23,421.12,Paid,Check
PM0002749,P000774,2025-10-17,421.12,Paid,Card
PM0002750,P000775,2025-01-19,2699.68,Refunded,ACH
PM0002751,P000775,2025-04-18,2699.68,Paid,ACH
PM0002752,P000775,2025-07-04,2699.68,Paid,Card
PM0002753,P000775,2025-10-06,2699.68,Paid,Check
PM0002754,P000776,2025-05-04,1959.13,Paid,ACH
PM0002755,P000776,2025-07-28,1959.13,Paid,ACH
PM0002756,P000776,2025-10-23,1959.13,Late,Check
PM0002757,P000777,2024-10-20,499.73,Paid,Check
PM0002758,P000777,2025-01-26,499.73,Paid,Wire
PM0002759,P000777,2025-04-27,499.73,Paid,ACH
PM0002760,P000777,2025-07-09,499.73,Paid,ACH
PM0002761,P000778,2025-01-01,1660.49,Paid,ACH
PM0002762,P000778,2025-04-06,1660.49,Paid,ACH
PM0002763,P000778,2025-06-24,1660.49,Paid,Card
PM0002764,P000778,2025-09-17,1660.49,Paid,Wire
PM0002765,P000779,2025-05-29,810.63,Paid,Card
PM0002766,P000779,2025-08-24,810.63,Late,Wire
PM0002767,P000779,2025-11-15,810.63,Paid,Wire
PM0002768,P000780,2023-04-15,392.35,Paid,Wire
PM0002769,P000780,2023-07-27,392.35,Paid,ACH
PM0002770,P000780,2023-10-09,392.35,Late,Wire
PM0002771,P000780,2024-01-18,392.35,Paid,ACH
PM0002772,P000781,2023-06-14,708.54,Paid,Check
PM0002773,P000781,2023-09-09,708.54,Paid,Card
PM0002774,P000781,2023-12-07,708.54,Paid,Check
PM0002775,P000781,2024-03-07,708.54,Paid,ACH
PM0002776,P000782,2023-10-14,1580.54,Paid,Check
PM0002777,P000782,2024-01-27,1580.54,Paid,Check
PM0002778,P000783,2023-04-07,1188.75,Paid,ACH
PM0002779,P000783,2023-07-07,1188.75,Paid,Wire
PM0002780,P000783,2023-09-27,1188.75,Paid,ACH
PM0002781,P000783,2023-12-23,1188.75,Paid,ACH
PM0002782,P000784,2024-07-01,616.4,Paid,Check
PM0002783,P000784,2024-09-22,616.4,Paid,Check
PM0002784,P000784,2025-01-01,616.4,Paid,ACH
PM0002785,P000784,2025-03-18,616.4,Paid,Card
PM0002786,P000785,2024-06-12,757.77,Paid,Wire
PM0002787,P000785,2024-09-24,757.77,Paid,Card
PM0002788,P000785,2024-12-15,757.77,Paid,ACH
PM0002789,P000785,2025-03-11,757.77,Paid,Wire
PM0002790,P000786,2023-05-19,575.44,Paid,Check
PM0002791,P000786,2023-08-20,575.44,Paid,Card
PM0002792,P000786,2024-02-11,575.44,Paid,Card
PM0002793,P000787,2024-09-23,201.16,Paid,Check
PM0002794,P000787,2024-12-18,201.16,Paid,Check
PM0002795,P000787,2025-03-17,201.16,Paid,Card
PM0002796,P000787,2025-06-04,201.16,Paid,ACH
PM0002797,P000788,2024-04-09,604.05,Paid,Check
PM0002798,P000788,2024-06-29,604.05,Paid,Check
PM0002799,P000788,2024-10-11,604.05,Paid,Wire
PM0002800,P000788,2024-12-28,604.05,Paid,ACH
PM0002801,P000789,2023-12-06,1119.23,Paid,Card
PM0002802,P000789,2024-03-04,1119.23,Paid,Wire
PM0002803,P000789,2024-05-16,1119.23,Paid,Check
PM0002804,P000789,2024-08-13,1119.23,Paid,Check
PM0002805,P000790,2024-08-29,236.01,Paid,Wire
PM0002806,P000790,2024-11-14,236.01,Paid,ACH
PM0002807,P000790,2025-02-19,236.01,Paid,Card
PM0002808,P000790,2025-05-19,236.01,Paid,Check
PM0002809,P000791,2023-05-02,1268.91,Paid,ACH
PM0002810,P000791,2023-08-12,1268.91,Paid,Check
PM0002811,P000791,2023-11-04,1268.91,Paid,ACH
PM0002812,P000791,2024-02-03,1268.91,Paid,Card
PM0002813,P000792,2024-08-01,494.79,Paid,Card
PM0002814,P000792,2024-10-22,494.79,Paid,Card
PM0002815,P000792,2025-01-26,494.79,Paid,Check
PM0002816,P000793,2025-01-12,1781.38,Paid,Wire
PM0002817,P000793,2025-07-09,1781.38,Paid,Wire
PM0002818,P000793,2025-10-01,1781.38,Paid,ACH
PM0002819,P000794,2025-03-22,818.93,Paid,Check
PM0002820,P000794,2025-06-16,818.93,Paid,Card
PM0002821,P000794,2025-09-01,818.93,Paid,Check
PM0002822,P000794,2025-12-10,818.93,Paid,Card
PM0002823,P000795,2023-09-21,218.9,Paid,Wire
PM0002824,P000795,2023-12-25,218.9,Failed,Check
PM0002825,P000795,2024-03-22,218.9,Paid,ACH
PM0002826,P000795,2024-06-29,218.9,Paid,ACH
PM0002827,P000796,2023-07-26,1211.91,Paid,ACH
PM0002828,P000796,2023-11-03,1211.91,Late,Check
PM0002829,P000796,2024-02-07,1211.91,Paid,Check
PM0002830,P000796,2024-04-23,1211.91,Paid,Wire
PM0002831,P000797,2024-08-17,733.13,Late,Card
PM0002832,P000797,2024-11-19,733.13,Paid,ACH
PM0002833,P000797,2025-02-12,733.13,Paid,Wire
PM0002834,P000797,2025-05-11,733.13,Late,Wire
PM0002835,P000798,2024-08-16,1533.38,Paid,Wire
PM0002836,P000798,2024-11-09,1533.38,Paid,ACH
PM0002837,P000798,2025-02-09,1533.38,Paid,Wire
PM0002838,P000798,2025-05-04,1533.38,Paid,Wire
PM0002839,P000799,2023-03-30,1622.27,Paid,Wire
PM0002840,P000799,2023-06-16,1622.27,Late,Card
PM0002841,P000799,2023-09-20,1622.27,Paid,Check
PM0002842,P000799,2023-12-16,1622.27,Paid,Wire
PM0002843,P000800,2023-09-24,279.25,Paid,Card
PM0002844,P000800,2023-12-23,279.25,Paid,Check
PM0002845,P000800,2024-03-16,279.25,Paid,Card
PM0002846,P000800,2024-06-18,279.25,Paid,Wire
PM0002847,P000801,2023-07-09,1466.45,Paid,ACH
PM0002848,P000801,2023-12-28,1466.45,Paid,ACH
PM0002849,P000801,2024-03-23,1466.45,Paid,ACH
PM0002850,P000802,2023-09-10,279.83,Paid,Wire
PM0002851,P000802,2023-12-09,279.83,Paid,Check
PM0002852,P000802,2024-03-08,279.83,Paid,Card
PM0002853,P000803,2025-06-15,1665.01,Paid,Card
PM0002854,P000803,2025-08-31,1665.01,Paid,Wire
PM0002855,P000803,2025-12-05,1665.01,Paid,ACH
PM0002856,P000804,2025-03-07,783.25,Paid,Card
PM0002857,P000804,2025-06-22,783.25,Paid,Wire
PM0002858,P000804,2025-09-05,783.25,Paid,ACH
PM0002859,P000804,2025-12-13,783.25,Paid,Wire
PM0002860,P000805,2023-02-07,241.37,Late,ACH
PM0002861,P000805,2023-08-05,241.37,Paid,Card
PM0002862,P000805,2023-11-10,241.37,Late,Card
PM0002863,P000806,2023-10-08,362.95,Paid,Check
PM0002864,P000806,2023-12-29,362.95,Failed,Wire
PM0002865,P000806,2024-03-19,362.95,Paid,Card
PM0002866,P000806,2024-06-29,362.95,Paid,Card
PM0002867,P000807,2023-08-26,1629.66,Paid,Check
PM0002868,P000807,2023-11-27,1629.66,Paid,Card
PM0002869,P000807,2024-02-13,1629.66,Paid,ACH
PM0002870,P000807,2024-05-19,1629.66,Paid,Check
PM0002871,P000808,2023-04-28,280.27,Paid,Card
PM0002872,P000808,2023-08-11,280.27,Failed,ACH
PM0002873,P000808,2023-10-29,280.27,Paid,Check
PM0002874,P000808,2024-01-31,280.27,Paid,Check
PM0002875,P000809,2024-07-05,533.25,Paid,Check
PM0002876,P000809,2024-10-09,533.25,Paid,Card
PM0002877,P000809,2025-03-25,533.25,Paid,Wire
PM0002878,P000810,2023-02-24,579.87,Paid,Card
PM0002879,P000810,2023-05-16,579.87,Paid,Card
PM0002880,P000810,2023-08-22,579.87,Paid,Wire
PM0002881,P000810,2023-11-15,579.87,Paid,Card
PM0002882,P000811,2025-02-21,678.73,Paid,Wire
PM0002883,P000811,2025-05-21,678.73,Paid,Check
PM0002884,P000811,2025-08-18,678.73,Late,Check
PM0002885,P000811,2025-11-02,678.73,Late,Card
PM0002886,P000812,2023-09-12,247.26,Paid,Card
PM0002887,P000812,2023-12-26,247.26,Paid,Card
PM0002888,P000812,2024-03-24,247.26,Paid,Check
PM0002889,P000812,2024-06-24,247.26,Late,Card
PM0002890,P000813,2023-03-05,170.95,Paid,Card
PM0002891,P000813,2023-06-07,170.95,Paid,Check
PM0002892,P000813,2023-09-01,170.95,Paid,ACH
PM0002893,P000813,2023-12-13,170.95,Paid,Check
PM0002894,P000814,2024-08-17,1324.39,Paid,Card
PM0002895,P000814,2024-11-15,1324.39,Paid,Card
PM0002896,P000814,2025-02-16,1324.39,Paid,Card
PM0002897,P000814,2025-04-28,1324.39,Late,Check
PM0002898,P000815,2025-02-07,167.54,Paid,ACH
PM0002899,P000815,2025-05-03,167.54,Paid,ACH
PM0002900,P000815,2025-07-30,167.54,Paid,ACH
PM0002901,P000815,2025-11-05,167.54,Paid,Card
PM0002902,P000816,2023-12-13,678.65,Failed,Wire
PM0002903,P000816,2024-03-04,678.65,Late,Wire
PM0002904,P000816,2024-05-29,678.65,Paid,Wire
PM0002905,P000816,2024-09-10,678.65,Paid,Check
PM0002906,P000817,2024-06-09,458.7,Paid,Card
PM0002907,P000817,2024-12-06,458.7,Paid,Check
PM0002908,P000817,2025-03-06,458.7,Paid,Wire
PM0002909,P000818,2023-06-08,1569.35,Refunded,Card
PM0002910,P000818,2023-09-26,1569.35,Paid,Card
PM0002911,P000818,2024-03-24,1569.35,Paid,Wire
PM0002912,P000819,2023-05-29,308.21,Paid,Wire
PM0002913,P000819,2023-08-28,308.21,Paid,Check
PM0002914,P000819,2023-12-03,308.21,Failed,Card
PM0002915,P000819,2024-02-18,308.21,Paid,Check
PM0002916,P000820,2024-02-14,1781.2,Paid,ACH
PM0002917,P000820,2024-04-29,1781.2,Paid,Card
PM0002918,P000820,2024-10-31,1781.2,Paid,Check
PM0002919,P000821,2024-07-10,203.72,Paid,Wire
PM0002920,P000821,2024-09-28,203.72,Paid,Wire
PM0002921,P000821,2025-01-05,203.72,Late,Card
PM0002922,P000821,2025-04-01,203.72,Paid,Card
PM0002923,P000822,2023-03-09,1761.24,Paid,ACH
PM0002924,P000822,2023-09-08,1761.24,Late,Wire
PM0002925,P000823,2024-07-09,924.18,Paid,Card
PM0002926,P000823,2024-10-22,924.18,Paid,Check
PM0002927,P000823,2025-01-22,924.18,Paid,Card
PM0002928,P000823,2025-04-21,924.18,Paid,Card
PM0002929,P000824,2024-07-14,311.87,Paid,ACH
PM0002930,P000824,2024-10-19,311.87,Paid,ACH
PM0002931,P000824,2025-01-25,311.87,Paid,ACH
PM0002932,P000824,2025-04-20,311.87,Paid,ACH
PM0002933,P000825,2023-05-16,2554.95,Paid,Card
PM0002934,P000825,2023-08-04,2554.95,Paid,Wire
PM0002935,P000825,2023-11-20,2554.95,Paid,Card
PM0002936,P000825,2024-02-15,2554.95,Paid,ACH
PM0002937,P000826,2024-04-17,336.14,Paid,Check
PM0002938,P000826,2024-07-14,336.14,Paid,Check
PM0002939,P000826,2024-10-27,336.14,Paid,Wire
PM0002940,P000826,2025-01-25,336.14,Paid,Check
PM0002941,P000827,2025-03-04,531.47,Paid,Card
PM0002942,P000827,2025-05-19,531.47,Refunded,Check
PM0002943,P000827,2025-08-25,531.47,Paid,Wire
PM0002944,P000827,2025-11-21,531.47,Paid,Wire
PM0002945,P000828,2023-03-24,317.81,Paid,ACH
PM0002946,P000828,2023-06-13,317.81,Paid,Wire
PM0002947,P000828,2023-09-15,317.81,Paid,Card
PM0002948,P000828,2023-12-17,317.81,Paid,Card
PM0002949,P000829,2024-07-26,221.7,Paid,ACH
PM0002950,P000829,2024-10-24,221.7,Paid,ACH
PM0002951,P000830,2025-03-23,742.27,Paid,ACH
PM0002952,P000831,2023-11-19,1381.88,Paid,Card
PM0002953,P000831,2024-03-01,1381.88,Paid,ACH
PM0002954,P000831,2024-08-14,1381.88,Paid,Check
PM0002955,P000832,2025-04-16,558.16,Paid,ACH
PM0002956,P000832,2025-07-08,558.16,Paid,Check
PM0002957,P000832,2025-10-04,558.16,Paid,Card
PM0002958,P000833,2025-06-03,261.47,Paid,Wire
PM0002959,P000833,2025-08-24,261.47,Paid,Card
PM0002960,P000833,2025-11-10,261.47,Paid,ACH
PM0002961,P000834,2023-08-03,406.62,Paid,Wire
PM0002962,P000834,2023-11-06,406.62,Paid,Wire
PM0002963,P000834,2024-01-29,406.62,Paid,Check
PM0002964,P000834,2024-04-26,406.62,Paid,Check
PM0002965,P000835,2025-06-17,375.85,Paid,ACH
PM0002966,P000835,2025-08-30,375.85,Late,Check
PM0002967,P000835,2025-12-11,375.85,Paid,ACH
PM0002968,P000836,2024-03-12,258.25,Paid,ACH
PM0002969,P000836,2024-06-09,258.25,Paid,Wire
PM0002970,P000836,2024-09-03,258.25,Paid,Card
PM0002971,P000836,2024-11-29,258.25,Paid,ACH
PM0002972,P000837,2023-03-06,370.19,Late,Wire
PM0002973,P000837,2023-06-05,370.19,Paid,Card
PM0002974,P000837,2023-08-27,370.19,Paid,ACH
PM0002975,P000837,2023-12-01,370.19,Paid,ACH
PM0002976,P000838,2024-02-01,573.58,Late,Wire
PM0002977,P000838,2024-04-29,573.58,Paid,ACH
PM0002978,P000838,2024-07-25,573.58,Paid,Wire
PM0002979,P000838,2024-10-14,573.58,Late,ACH
PM0002980,P000839,2024-05-23,1894.17,Paid,Wire
PM0002981,P000839,2024-08-04,1894.17,Paid,Card
PM0002982,P000839,2024-11-07,1894.17,Paid,Wire
PM0002983,P000839,2025-02-08,1894.17,Paid,Card
PM0002984,P000840,2023-07-09,328.1,Paid,Wire
PM0002985,P000840,2023-10-04,328.1,Paid,ACH
PM0002986,P000840,2023-12-31,328.1,Paid,Wire
PM0002987,P000840,2024-04-08,328.1,Paid,Card
PM0002988,P000841,2025-04-10,1201.54,Paid,Card
PM0002989,P000841,2025-07-12,1201.54,Paid,Card
PM0002990,P000841,2025-10-15,1201.54,Paid,Card
PM0002991,P000841,2025-12-31,1201.54,Paid,Wire
PM0002992,P000842,2024-09-04,429.76,Paid,Check
PM0002993,P000842,2024-11-21,429.76,Paid,ACH
PM0002994,P000842,2025-02-27,429.76,Paid,Wire
PM0002995,P000842,2025-05-30,429.76,Paid,Check
PM0002996,P000843,2023-01-22,784.29,Late,Card
PM0002997,P000843,2023-05-09,784.29,Paid,ACH
PM0002998,P000843,2023-07-31,784.29,Late,ACH
PM0002999,P000843,2023-10-30,784.29,Paid,Check
PM0003000,P000844,2024-12-02,1240.01,Paid,Wire
PM0003001,P000844,2025-02-14,1240.01,Paid,ACH
PM0003002,P000844,2025-05-28,1240.01,Failed,ACH
PM0003003,P000844,2025-08-19,1240.01,Paid,Wire
PM0003004,P000845,2024-07-21,466.76,Paid,Card
PM0003005,P000845,2024-10-15,466.76,Paid,Card
PM0003006,P000845,2025-04-30,466.76,Paid,Card
PM0003007,P000846,2024-01-17,822.35,Paid,Wire
PM0003008,P000846,2024-04-06,822.35,Paid,Wire
PM0003009,P000846,2024-07-07,822.35,Failed,Wire
PM0003010,P000846,2024-10-05,822.35,Paid,ACH
PM0003011,P000847,2023-08-21,352.75,Paid,Check
PM0003012,P000847,2023-12-01,352.75,Paid,ACH
PM0003013,P000847,2024-02-23,352.75,Paid,Card
PM0003014,P000847,2024-05-20,352.75,Paid,Wire
PM0003015,P000848,2024-12-11,420.54,Failed,Card
PM0003016,P000848,2025-06-16,420.54,Paid,Card
PM0003017,P000848,2025-09-12,420.54,Refunded,Check
PM0003018,P000849,2024-02-19,195.09,Paid,Check
PM0003019,P000849,2024-05-20,195.09,Paid,Card
PM0003020,P000849,2024-08-05,195.09,Paid,Check
PM0003021,P000849,2024-11-16,195.09,Paid,ACH
PM0003022,P000850,2025-02-24,423.11,Paid,Check
PM0003023,P000850,2025-05-21,423.11,Paid,Check
PM0003024,P000850,2025-08-16,423.11,Paid,ACH
PM0003025,P000850,2025-11-26,423.11,Paid,Card
PM0003026,P000851,2024-01-16,496.86,Paid,ACH
PM0003027,P000851,2024-07-27,496.86,Late,Wire
PM0003028,P000851,2024-10-29,496.86,Paid,Check
PM0003029,P000852,2024-02-02,1094.77,Paid,Check
PM0003030,P000852,2024-05-05,1094.77,Paid,ACH
PM0003031,P000852,2024-07-29,1094.77,Paid,Check
PM0003032,P000852,2024-10-24,1094.77,Paid,Check
PM0003033,P000853,2025-04-12,155.35,Paid,Check
PM0003034,P000853,2025-07-14,155.35,Paid,ACH
PM0003035,P000854,2023-10-02,1683.89,Paid,ACH
PM0003036,P000854,2024-01-05,1683.89,Paid,Check
PM0003037,P000854,2024-03-27,1683.89,Paid,Card
PM0003038,P000854,2024-06-23,1683.89,Paid,Check
PM0003039,P000855,2023-05-28,2089.74,Paid,Card
PM0003040,P000855,2023-09-12,2089.74,Paid,Check
PM0003041,P000855,2023-12-08,2089.74,Paid,ACH
PM0003042,P000855,2024-03-02,2089.74,Failed,Card
PM0003043,P000856,2024-08-23,244.88,Paid,Check
PM0003044,P000856,2024-11-22,244.88,Late,Card
PM0003045,P000856,2025-02-21,244.88,Failed,Wire
PM0003046,P000856,2025-05-18,244.88,Paid,Card
PM0003047,P000857,2023-08-28,1227.87,Paid,Wire
PM0003048,P000857,2023-11-23,1227.87,Paid,Card
PM0003049,P000857,2024-02-08,1227.87,Paid,Wire
PM0003050,P000857,2024-05-22,1227.87,Paid,Card
PM0003051,P000858,2025-04-17,231.09,Refunded,ACH
PM0003052,P000858,2025-07-02,231.09,Paid,Check
PM0003053,P000858,2025-10-17,231.09,Paid,Wire
PM0003054,P000859,2024-04-05,1589.87,Paid,Wire
PM0003055,P000859,2024-07-16,1589.87,Failed,Wire
PM0003056,P000859,2024-10-01,1589.87,Late,Wire
PM0003057,P000859,2025-01-02,1589.87,Refunded,Card
PM0003058,P000860,2024-02-28,156.69,Paid,Check
PM0003059,P000860,2024-09-13,156.69,Paid,Wire
PM0003060,P000860,2024-12-10,156.69,Paid,ACH
PM0003061,P000861,2023-04-08,831.15,Paid,Card
PM0003062,P000861,2023-07-04,831.15,Paid,Card
PM0003063,P000861,2023-10-04,831.15,Paid,Wire
PM0003064,P000861,2023-12-19,831.15,Paid,Check
PM0003065,P000862,2025-02-04,326.73,Paid,Card
PM0003066,P000862,2025-05-14,326.73,Paid,Check
PM0003067,P000862,2025-07-30,326.73,Paid,Check
PM0003068,P000863,2024-07-18,1807.15,Paid,Check
PM0003069,P000863,2024-10-01,1807.15,Paid,Wire
PM0003070,P000863,2025-01-06,1807.15,Paid,Card
PM0003071,P000863,2025-04-08,1807.15,Paid,Card
PM0003072,P000864,2024-09-13,2017.75,Failed,Card
PM0003073,P000864,2024-12-04,2017.75,Paid,Wire
PM0003074,P000864,2025-03-19,2017.75,Paid,Wire
PM0003075,P000865,2023-01-05,180.38,Paid,ACH
PM0003076,P000865,2023-04-08,180.38,Paid,Card
PM0003077,P000865,2023-07-18,180.38,Paid,Check
PM0003078,P000865,2023-10-01,180.38,Paid,Wire
PM0003079,P000866,2025-05-10,554.0,Late,Wire
PM0003080,P000866,2025-07-20,554.0,Failed,Wire
PM0003081,P000866,2025-10-24,554.0,Paid,Card
PM0003082,P000867,2025-05-25,411.35,Paid,Card
PM0003083,P000867,2025-08-20,411.35,Paid,Card
PM0003084,P000867,2025-11-13,411.35,Paid,Check
PM0003085,P000868,2024-11-10,213.43,Late,Wire
PM0003086,P000868,2025-02-15,213.43,Late,Check
PM0003087,P000868,2025-05-10,213.43,Paid,Card
PM0003088,P000868,2025-08-14,213.43,Paid,Card
PM0003089,P000869,2025-01-28,449.35,Paid,Wire
PM0003090,P000869,2025-05-02,449.35,Paid,ACH
PM0003091,P000869,2025-08-01,449.35,Refunded,Wire
PM0003092,P000869,2025-10-26,449.35,Paid,Card
PM0003093,P000870,2025-03-16,514.55,Paid,Wire
PM0003094,P000870,2025-06-14,514.55,Paid,Wire
PM0003095,P000870,2025-09-13,514.55,Paid,Check
PM0003096,P000871,2025-06-16,1119.91,Paid,Wire
PM0003097,P000871,2025-09-12,1119.91,Paid,Check
PM0003098,P000871,2025-12-15,1119.91,Paid,Wire
PM0003099,P000872,2025-03-22,2582.09,Paid,ACH
PM0003100,P000872,2025-06-23,2582.09,Paid,Wire
PM0003101,P000872,2025-12-16,2582.09,Paid,Card
PM0003102,P000873,2023-05-28,153.7,Paid,Check
PM0003103,P000873,2023-09-02,153.7,Paid,Card
PM0003104,P000873,2023-12-04,153.7,Paid,Check
PM0003105,P000873,2024-02-20,153.7,Paid,Card
PM0003106,P000874,2024-03-27,2075.04,Refunded,ACH
PM0003107,P000874,2024-06-25,2075.04,Paid,ACH
PM0003108,P000874,2024-09-17,2075.04,Paid,Check
PM0003109,P000875,2024-09-28,2626.09,Paid,ACH
PM0003110,P000875,2025-01-04,2626.09,Paid,Wire
PM0003111,P000875,2025-03-27,2626.09,Failed,Wire
PM0003112,P000875,2025-07-10,2626.09,Paid,Card
PM0003113,P000876,2023-11-10,367.25,Paid,Check
PM0003114,P000876,2024-01-23,367.25,Paid,ACH
PM0003115,P000876,2024-04-19,367.25,Paid,Wire
PM0003116,P000876,2024-07-23,367.25,Paid,Card
PM0003117,P000877,2023-01-08,539.67,Paid,ACH
PM0003118,P000877,2023-04-12,539.67,Paid,Wire
PM0003119,P000877,2023-07-13,539.67,Paid,ACH
PM0003120,P000877,2023-10-17,539.67,Paid,Check
PM0003121,P000878,2023-11-16,410.64,Paid,Check
PM0003122,P000878,2024-01-31,410.64,Paid,Card
PM0003123,P000878,2024-05-13,410.64,Paid,Card
PM0003124,P000878,2024-08-11,410.64,Paid,ACH
PM0003125,P000879,2024-02-22,1923.05,Paid,ACH
PM0003126,P000879,2024-05-16,1923.05,Paid,Check
PM0003127,P000879,2024-11-24,1923.05,Paid,Wire
PM0003128,P000880,2023-04-29,1535.5,Paid,Check
PM0003129,P000880,2023-08-02,1535.5,Paid,ACH
PM0003130,P000880,2023-11-06,1535.5,Failed,Card
PM0003131,P000881,2024-04-16,414.04,Paid,Check
PM0003132,P000881,2024-07-27,414.04,Paid,Wire
PM0003133,P000881,2024-10-18,414.04,Paid,Check
PM0003134,P000882,2024-04-15,319.25,Failed,Wire
PM0003135,P000882,2024-10-22,319.25,Paid,Wire
PM0003136,P000882,2025-01-10,319.25,Paid,ACH
PM0003137,P000883,2024-01-24,1352.66,Late,ACH
PM0003138,P000883,2024-04-06,1352.66,Paid,Check
PM0003139,P000883,2024-07-06,1352.66,Paid,Card
PM0003140,P000883,2024-10-16,1352.66,Paid,Wire
PM0003141,P000884,2024-08-19,1334.12,Paid,ACH
PM0003142,P000884,2024-11-11,1334.12,Paid,ACH
PM0003143,P000884,2025-02-20,1334.12,Paid,Wire
PM0003144,P000884,2025-05-20,1334.12,Paid,Card
PM0003145,P000885,2023-06-19,1516.79,Paid,Check
PM0003146,P000885,2023-09-27,1516.79,Paid,Card
PM0003147,P000885,2023-12-19,1516.79,Paid,Wire
PM0003148,P000885,2024-03-08,1516.79,Paid,Check
PM0003149,P000886,2023-10-24,403.08,Paid,Wire
PM0003150,P000886,2024-01-18,403.08,Paid,Wire
PM0003151,P000886,2024-05-02,403.08,Late,Wire
PM0003152,P000886,2024-07-31,403.08,Paid,Card
PM0003153,P000887,2025-04-12,950.2,Paid,Check
PM0003154,P000887,2025-06-28,950.2,Paid,ACH
PM0003155,P000887,2025-10-11,950.2,Paid,Card
PM0003156,P000888,2023-05-31,1508.63,Paid,Card
PM0003157,P000888,2023-08-16,1508.63,Paid,Check
PM0003158,P000888,2023-12-01,1508.63,Late,Card
PM0003159,P000888,2024-02-22,1508.63,Paid,Check
PM0003160,P000889,2025-04-27,1637.14,Paid,ACH
PM0003161,P000889,2025-07-22,1637.14,Paid,Card
PM0003162,P000890,2023-11-08,652.56,Paid,Check
PM0003163,P000890,2024-02-13,652.56,Paid,Check
PM0003164,P000890,2024-05-12,652.56,Late,Card
PM0003165,P000891,2024-08-06,591.26,Paid,Wire
PM0003166,P000891,2024-11-15,591.26,Paid,ACH
PM0003167,P000891,2025-02-01,591.26,Paid,ACH
PM0003168,P000891,2025-05-13,591.26,Paid,Wire
PM0003169,P000892,2023-10-29,630.79,Paid,Check
PM0003170,P000892,2024-02-05,630.79,Paid,Card
PM0003171,P000892,2024-04-17,630.79,Late,Card
PM0003172,P000892,2024-07-16,630.79,Failed,ACH
PM0003173,P000893,2024-03-22,2762.71,Paid,Check
PM0003174,P000893,2024-06-08,2762.71,Paid,ACH
PM0003175,P000893,2024-09-22,2762.71,Paid,Check
PM0003176,P000894,2024-09-22,773.37,Late,Wire
PM0003177,P000894,2025-01-04,773.37,Paid,ACH
PM0003178,P000894,2025-03-28,773.37,Paid,Card
PM0003179,P000895,2024-11-19,1341.39,Paid,Wire
PM0003180,P000895,2025-02-17,1341.39,Paid,Check
PM0003181,P000895,2025-06-05,1341.39,Paid,Card
PM0003182,P000895,2025-08-20,1341.39,Paid,ACH
PM0003183,P000896,2023-09-11,490.5,Paid,Wire
PM0003184,P000896,2023-11-23,490.5,Failed,Wire
PM0003185,P000896,2024-02-29,490.5,Paid,Wire
PM0003186,P000896,2024-06-03,490.5,Paid,Wire
PM0003187,P000897,2023-07-21,384.35,Paid,Check
PM0003188,P000897,2023-10-25,384.35,Paid,ACH
PM0003189,P000897,2024-01-11,384.35,Paid,Card
PM0003190,P000897,2024-04-10,384.35,Paid,ACH
PM0003191,P000898,2023-12-08,366.56,Paid,Wire
PM0003192,P000898,2024-03-10,366.56,Paid,Wire
PM0003193,P000898,2024-06-17,366.56,Paid,Wire
PM0003194,P000898,2024-09-21,366.56,Failed,ACH
PM0003195,P000899,2023-01-13,147.56,Paid,Check
PM0003196,P000899,2023-04-08,147.56,Paid,Card
PM0003197,P000899,2023-10-14,147.56,Paid,Card
PM0003198,P000900,2024-09-21,1667.56,Late,Wire
PM0003199,P000900,2024-12-15,1667.56,Paid,Check
PM0003200,P000900,2025-03-22,1667.56,Paid,ACH
PM0003201,P000901,2024-12-15,401.68,Paid,Card
PM0003202,P000901,2025-03-03,401.68,Paid,Check
PM0003203,P000901,2025-06-07,401.68,Paid,Card
PM0003204,P000901,2025-09-06,401.68,Paid,Check
PM0003205,P000902,2024-02-07,1308.79,Paid,Check
PM0003206,P000902,2024-05-11,1308.79,Paid,Check
PM0003207,P000902,2024-08-11,1308.79,Paid,Card
PM0003208,P000902,2024-10-22,1308.79,Paid,ACH
PM0003209,P000903,2023-06-11,723.6,Paid,ACH
PM0003210,P000903,2023-09-08,723.6,Late,Card
PM0003211,P000903,2023-12-14,723.6,Paid,Wire
PM0003212,P000903,2024-03-02,723.6,Paid,Card
PM0003213,P000904,2023-08-22,236.87,Paid,Wire
PM0003214,P000904,2023-11-22,236.87,Paid,Check
PM0003215,P000904,2024-02-02,236.87,Paid,Wire
PM0003216,P000904,2024-05-18,236.87,Paid,Wire
PM0003217,P000905,2024-05-04,1365.69,Paid,Wire
PM0003218,P000905,2024-11-15,1365.69,Paid,Card
PM0003219,P000905,2025-01-28,1365.69,Paid,Wire
PM0003220,P000906,2024-09-02,1857.52,Paid,ACH
PM0003221,P000906,2024-12-10,1857.52,Paid,Wire
PM0003222,P000906,2025-03-14,1857.52,Paid,ACH
PM0003223,P000906,2025-06-12,1857.52,Paid,Card
PM0003224,P000907,2024-06-11,2676.2,Paid,Check
PM0003225,P000907,2024-09-13,2676.2,Paid,Wire
PM0003226,P000907,2024-12-07,2676.2,Paid,ACH
PM0003227,P000907,2025-03-12,2676.2,Paid,Check
PM0003228,P000908,2025-01-11,251.79,Late,Card
PM0003229,P000908,2025-07-14,251.79,Paid,Check
PM0003230,P000908,2025-09-30,251.79,Paid,Check
PM0003231,P000909,2024-08-16,345.41,Paid,Wire
PM0003232,P000909,2024-10-27,345.41,Paid,ACH
PM0003233,P000909,2025-02-05,345.41,Paid,ACH
PM0003234,P000909,2025-05-12,345.41,Late,Check
PM0003235,P000910,2025-01-18,1155.85,Paid,ACH
PM0003236,P000910,2025-04-07,1155.85,Paid,Wire
PM0003237,P000910,2025-07-02,1155.85,Paid,Wire
PM0003238,P000911,2024-10-05,701.37,Paid,Check
PM0003239,P000911,2025-01-05,701.37,Paid,Wire
PM0003240,P000911,2025-03-22,701.37,Paid,Card
PM0003241,P000911,2025-07-01,701.37,Late,ACH
PM0003242,P000912,2023-08-19,2128.07,Paid,Wire
PM0003243,P000912,2023-11-13,2128.07,Late,ACH
PM0003244,P000912,2024-02-12,2128.07,Late,Check
PM0003245,P000912,2024-05-13,2128.07,Paid,Wire
PM0003246,P000913,2025-03-24,1082.17,Paid,Wire
PM0003247,P000913,2025-06-20,1082.17,Paid,Card
PM0003248,P000913,2025-09-28,1082.17,Paid,Card
PM0003249,P000913,2025-12-21,1082.17,Paid,Check
PM0003250,P000914,2024-01-31,367.65,Paid,Wire
PM0003251,P000914,2024-05-05,367.65,Paid,Wire
PM0003252,P000914,2024-07-19,367.65,Paid,ACH
PM0003253,P000914,2024-10-29,367.65,Paid,Card
PM0003254,P000915,2024-10-27,1481.91,Refunded,Check
PM0003255,P000915,2025-02-01,1481.91,Failed,Wire
PM0003256,P000915,2025-04-24,1481.91,Paid,Card
PM0003257,P000915,2025-07-19,1481.91,Paid,Card
PM0003258,P000916,2024-11-23,564.18,Paid,ACH
PM0003259,P000916,2025-02-14,564.18,Paid,Check
PM0003260,P000916,2025-08-14,564.18,Paid,Check
PM0003261,P000917,2023-10-20,258.34,Paid,Check
PM0003262,P000917,2024-01-16,258.34,Paid,ACH
PM0003263,P000917,2024-04-07,258.34,Paid,Card
PM0003264,P000917,2024-07-17,258.34,Paid,Card
PM0003265,P000918,2024-12-01,960.29,Paid,Check
PM0003266,P000918,2025-03-02,960.29,Failed,Wire
PM0003267,P000918,2025-05-29,960.29,Paid,Wire
PM0003268,P000918,2025-08-16,960.29,Paid,Check
PM0003269,P000919,2025-03-13,531.13,Paid,Check
PM0003270,P000919,2025-06-20,531.13,Paid,Card
PM0003271,P000919,2025-09-16,531.13,Paid,Card
PM0003272,P000919,2025-12-07,531.13,Paid,Check
PM0003273,P000920,2024-08-22,1658.13,Paid,ACH
PM0003274,P000920,2024-11-20,1658.13,Failed,ACH
PM0003275,P000920,2025-02-24,1658.13,Late,Card
PM0003276,P000920,2025-05-12,1658.13,Paid,Wire
PM0003277,P000921,2023-08-01,1275.77,Paid,Check
PM0003278,P000921,2023-10-23,1275.77,Paid,Check
PM0003279,P000921,2024-01-24,1275.77,Paid,Wire
PM0003280,P000922,2025-06-24,472.24,Late,Check
PM0003281,P000922,2025-09-25,472.24,Paid,Wire
PM0003282,P000922,2025-12-30,472.24,Paid,ACH
PM0003283,P000923,2023-07-16,852.93,Paid,Check
PM0003284,P000923,2023-10-12,852.93,Paid,Card
PM0003285,P000923,2024-01-07,852.93,Paid,ACH
PM0003286,P000923,2024-04-03,852.93,Failed,Check
PM0003287,P000924,2024-05-08,442.62,Paid,Card
PM0003288,P000924,2024-08-05,442.62,Paid,ACH
PM0003289,P000924,2024-10-31,442.62,Paid,Check
PM0003290,P000924,2025-01-29,442.62,Paid,Card
PM0003291,P000925,2023-09-26,409.51,Paid,Check
PM0003292,P000925,2023-12-27,409.51,Paid,Check
PM0003293,P000925,2024-03-26,409.51,Paid,Card
PM0003294,P000925,2024-06-21,409.51,Paid,Wire
PM0003295,P000926,2023-12-20,539.84,Paid,Check
PM0003296,P000926,2024-03-21,539.84,Paid,Wire
PM0003297,P000926,2024-07-04,539.84,Paid,Wire
PM0003298,P000926,2024-09-29,539.84,Paid,ACH
PM0003299,P000927,2025-02-01,799.75,Paid,Check
PM0003300,P000927,2025-05-21,799.75,Late,ACH
PM0003301,P000927,2025-08-09,799.75,Paid,Wire
PM0003302,P000927,2025-11-15,799.75,Paid,ACH
PM0003303,P000928,2024-08-22,2621.55,Refunded,Card
PM0003304,P000928,2024-11-03,2621.55,Paid,Check
PM0003305,P000928,2025-02-06,2621.55,Paid,Wire
PM0003306,P000928,2025-05-17,2621.55,Paid,Card
PM0003307,P000929,2023-04-16,1562.34,Paid,Wire
PM0003308,P000929,2023-07-08,1562.34,Paid,Card
PM0003309,P000929,2023-10-15,1562.34,Paid,ACH
PM0003310,P000930,2024-03-02,1366.21,Paid,ACH
PM0003311,P000930,2024-06-08,1366.21,Paid,Wire
PM0003312,P000930,2024-08-31,1366.21,Paid,Card
PM0003313,P000930,2024-11-22,1366.21,Failed,Wire
PM0003314,P000931,2023-05-06,2043.77,Paid,Card
PM0003315,P000931,2023-08-11,2043.77,Paid,ACH
PM0003316,P000931,2023-10-28,2043.77,Paid,ACH
PM0003317,P000931,2024-01-19,2043.77,Paid,Card
PM0003318,P000932,2025-06-26,315.4,Paid,Wire
PM0003319,P000932,2025-09-28,315.4,Paid,Card
PM0003320,P000932,2025-12-29,315.4,Paid,Wire
PM0003321,P000933,2023-02-22,488.46,Paid,Card
PM0003322,P000933,2023-05-24,488.46,Paid,Wire
PM0003323,P000933,2023-11-14,488.46,Paid,ACH
PM0003324,P000934,2025-01-09,1425.47,Paid,Wire
PM0003325,P000934,2025-04-16,1425.47,Paid,Check
PM0003326,P000934,2025-06-29,1425.47,Paid,Card
PM0003327,P000934,2025-09-29,1425.47,Paid,ACH
PM0003328,P000935,2025-03-11,714.3,Paid,Wire
PM0003329,P000935,2025-05-31,714.3,Paid,ACH
PM0003330,P000935,2025-09-10,714.3,Paid,ACH
PM0003331,P000935,2025-12-11,714.3,Paid,Card
PM0003332,P000936,2023-12-01,1235.08,Paid,Card
PM0003333,P000936,2024-02-17,1235.08,Paid,Card
PM0003334,P000936,2024-05-18,1235.08,Paid,Check
PM0003335,P000936,2024-08-20,1235.08,Paid,Check
PM0003336,P000937,2023-04-10,1202.64,Paid,Wire
PM0003337,P000937,2023-06-29,1202.64,Late,Card
PM0003338,P000937,2023-09-21,1202.64,Paid,ACH
PM0003339,P000937,2024-01-06,1202.64,Refunded,ACH
PM0003340,P000938,2025-06-01,235.87,Late,Card
PM0003341,P000938,2025-09-10,235.87,Paid,Check
PM0003342,P000938,2025-11-28,235.87,Paid,Card
PM0003343,P000939,2024-09-29,1573.93,Late,Check
PM0003344,P000939,2025-01-10,1573.93,Paid,ACH
PM0003345,P000939,2025-03-29,1573.93,Paid,Card
PM0003346,P000939,2025-07-01,1573.93,Paid,Wire
PM0003347,P000940,2024-03-31,409.87,Paid,Card
PM0003348,P000940,2024-06-29,409.87,Paid,Card
PM0003349,P000940,2024-10-07,409.87,Paid,Card
PM0003350,P000940,2025-01-01,409.87,Paid,Card
PM0003351,P000941,2023-07-14,1125.75,Paid,Wire
PM0003352,P000941,2024-01-28,1125.75,Paid,Check
PM0003353,P000941,2024-04-20,1125.75,Paid,Check
PM0003354,P000942,2023-01-14,1329.37,Paid,Card
PM0003355,P000942,2023-04-13,1329.37,Paid,ACH
PM0003356,P000942,2023-07-08,1329.37,Paid,Wire
PM0003357,P000942,2023-10-06,1329.37,Paid,Wire
PM0003358,P000943,2024-08-15,1912.02,Paid,Card
PM0003359,P000943,2024-11-17,1912.02,Paid,Wire
PM0003360,P000943,2025-02-12,1912.02,Paid,Check
PM0003361,P000943,2025-05-25,1912.02,Paid,Check
PM0003362,P000944,2024-02-14,295.77,Paid,ACH
PM0003363,P000944,2024-05-16,295.77,Paid,ACH
PM0003364,P000944,2024-08-09,295.77,Failed,Card
PM0003365,P000944,2024-11-03,295.77,Paid,Card
PM0003366,P000945,2024-09-26,317.94,Paid,ACH
PM0003367,P000945,2024-12-14,317.94,Paid,Wire
PM0003368,P000945,2025-03-20,317.94,Paid,Wire
PM0003369,P000945,2025-06-08,317.94,Paid,Wire
PM0003370,P000946,2024-02-21,1434.32,Failed,Check
PM0003371,P000946,2024-05-25,1434.32,Paid,ACH
PM0003372,P000947,2023-10-27,1518.77,Paid,Card
PM0003373,P000947,2024-01-24,1518.77,Paid,Wire
PM0003374,P000947,2024-04-26,1518.77,Paid,Check
PM0003375,P000947,2024-07-17,1518.77,Paid,Check
PM0003376,P000948,2024-05-11,362.04,Paid,Wire
PM0003377,P000948,2024-08-04,362.04,Paid,Card
PM0003378,P000948,2024-11-11,362.04,Paid,Wire
PM0003379,P000948,2025-01-29,362.04,Paid,Wire
PM0003380,P000949,2025-03-03,1642.68,Paid,Wire
PM0003381,P000949,2025-06-01,1642.68,Paid,Check
PM0003382,P000949,2025-08-30,1642.68,Paid,Wire
PM0003383,P000949,2025-11-20,1642.68,Late,Card
PM0003384,P000950,2023-07-22,250.26,Paid,Check
PM0003385,P000950,2023-11-06,250.26,Paid,Wire
PM0003386,P000950,2024-01-21,250.26,Paid,Wire
PM0003387,P000950,2024-04-30,250.26,Paid,Wire
PM0003388,P000951,2023-04-29,1184.66,Paid,Card
PM0003389,P000951,2023-07-31,1184.66,Paid,ACH
PM0003390,P000951,2023-10-20,1184.66,Paid,ACH
PM0003391,P000951,2024-01-19,1184.66,Paid,Check
PM0003392,P000952,2023-02-08,375.64,Paid,Wire
PM0003393,P000952,2023-05-24,375.64,Paid,Card
PM0003394,P000952,2023-11-14,375.64,Paid,Card
PM0003395,P000953,2025-04-06,1240.97,Paid,ACH
PM0003396,P000953,2025-06-30,1240.97,Paid,Card
PM0003397,P000953,2025-10-12,1240.97,Paid,Card
PM0003398,P000953,2025-12-31,1240.97,Paid,Check
PM0003399,P000954,2023-06-17,752.63,Paid,Card
PM0003400,P000954,2023-09-25,752.63,Refunded,Card
PM0003401,P000954,2023-12-23,752.63,Paid,Check
PM0003402,P000954,2024-03-21,752.63,Paid,Card
PM0003403,P000955,2024-12-25,700.26,Late,Check
PM0003404,P000955,2025-03-26,700.26,Paid,Wire
PM0003405,P000955,2025-06-12,700.26,Paid,Card
PM0003406,P000956,2024-09-10,261.96,Paid,ACH
PM0003407,P000956,2024-11-26,261.96,Paid,Wire
PM0003408,P000956,2025-02-28,261.96,Late,Check
PM0003409,P000956,2025-06-06,261.96,Paid,Wire
PM0003410,P000957,2024-10-28,518.27,Failed,ACH
PM0003411,P000957,2025-01-26,518.27,Paid,ACH
PM0003412,P000957,2025-04-13,518.27,Paid,Check
PM0003413,P000957,2025-07-25,518.27,Paid,Check
PM0003414,P000958,2025-07-02,1306.67,Paid,ACH
PM0003415,P000958,2025-09-24,1306.67,Paid,Check
PM0003416,P000958,2025-12-26,1306.67,Paid,Card
PM0003417,P000959,2023-06-11,1209.53,Paid,Wire
PM0003418,P000959,2023-09-04,1209.53,Paid,Wire
PM0003419,P000959,2023-11-24,1209.53,Late,ACH
PM0003420,P000959,2024-02-24,1209.53,Paid,Card
PM0003421,P000960,2025-07-14,1158.52,Paid,ACH
PM0003422,P000960,2025-09-22,1158.52,Paid,Wire
PM0003423,P000961,2025-03-23,1380.45,Paid,Card
PM0003424,P000961,2025-06-30,1380.45,Paid,Wire
PM0003425,P000961,2025-12-18,1380.45,Paid,Card
PM0003426,P000962,2024-03-26,510.14,Paid,ACH
PM0003427,P000962,2024-06-22,510.14,Failed,Card
PM0003428,P000962,2024-10-06,510.14,Paid,Card
PM0003429,P000962,2024-12-31,510.14,Paid,Check
PM0003430,P000963,2024-01-07,290.57,Paid,Check
PM0003431,P000963,2024-04-04,290.57,Paid,Wire
PM0003432,P000963,2024-07-06,290.57,Paid,Card
PM0003433,P000963,2024-10-01,290.57,Paid,ACH
PM0003434,P000964,2023-02-12,1148.82,Refunded,Check
PM0003435,P000964,2023-05-12,1148.82,Paid,Check
PM0003436,P000964,2023-08-12,1148.82,Paid,Card
PM0003437,P000964,2023-11-12,1148.82,Paid,Wire
PM0003438,P000965,2025-03-23,251.7,Paid,Card
PM0003439,P000965,2025-06-13,251.7,Paid,Card
PM0003440,P000965,2025-09-10,251.7,Paid,Wire
PM0003441,P000966,2023-09-01,1286.06,Refunded,Wire
PM0003442,P000966,2023-12-03,1286.06,Paid,Wire
PM0003443,P000966,2024-02-26,1286.06,Paid,Check
PM0003444,P000966,2024-05-27,1286.06,Paid,Card
PM0003445,P000967,2023-10-03,407.4,Failed,Check
PM0003446,P000967,2023-12-22,407.4,Paid,ACH
PM0003447,P000967,2024-03-17,407.4,Late,Wire
PM0003448,P000967,2024-07-03,407.4,Paid,Wire
PM0003449,P000968,2024-07-01,272.21,Paid,ACH
PM0003450,P000968,2025-01-03,272.21,Paid,Wire
PM0003451,P000968,2025-04-03,272.21,Paid,Check
PM0003452,P000969,2024-11-12,489.87,Paid,Card
PM0003453,P000969,2025-02-21,489.87,Paid,ACH
PM0003454,P000969,2025-05-21,489.87,Paid,Card
PM0003455,P000969,2025-08-01,489.87,Late,Check
PM0003456,P000970,2023-05-12,1085.47,Paid,ACH
PM0003457,P000970,2023-08-25,1085.47,Failed,Check
PM0003458,P000970,2023-11-14,1085.47,Paid,Wire
PM0003459,P000970,2024-02-11,1085.47,Paid,Check
PM0003460,P000971,2025-04-09,918.1,Paid,Check
PM0003461,P000971,2025-07-11,918.1,Paid,Check
PM0003462,P000971,2025-10-06,918.1,Paid,Wire
PM0003463,P000972,2024-10-08,1622.66,Late,Wire
PM0003464,P000972,2025-01-01,1622.66,Paid,ACH
PM0003465,P000972,2025-04-16,1622.66,Paid,Card
PM0003466,P000972,2025-07-13,1622.66,Paid,ACH
PM0003467,P000973,2024-12-17,400.51,Paid,Wire
PM0003468,P000973,2025-03-21,400.51,Paid,Card
PM0003469,P000973,2025-06-24,400.51,Paid,Wire
PM0003470,P000973,2025-09-18,400.51,Paid,Card
PM0003471,P000974,2023-10-26,250.72,Paid,Card
PM0003472,P000974,2024-05-08,250.72,Paid,Card
PM0003473,P000974,2024-07-26,250.72,Paid,ACH
PM0003474,P000975,2024-05-29,266.88,Paid,Check
PM0003475,P000975,2024-08-31,266.88,Paid,Card
PM0003476,P000975,2024-11-26,266.88,Paid,Check
PM0003477,P000975,2025-02-27,266.88,Refunded,Wire
PM0003478,P000976,2025-01-21,208.82,Refunded,Card
PM0003479,P000976,2025-04-30,208.82,Paid,Wire
PM0003480,P000976,2025-07-18,208.82,Late,Check
PM0003481,P000976,2025-10-25,208.82,Paid,Card
PM0003482,P000977,2024-04-09,447.55,Late,ACH
PM0003483,P000977,2024-07-08,447.55,Paid,Check
PM0003484,P000977,2024-12-28,447.55,Paid,Check
PM0003485,P000978,2023-08-28,1317.0,Late,Check
PM0003486,P000978,2023-11-28,1317.0,Paid,Card
PM0003487,P000978,2024-03-06,1317.0,Paid,Check
PM0003488,P000979,2023-09-09,1592.25,Paid,ACH
PM0003489,P000979,2023-12-06,1592.25,Paid,Card
PM0003490,P000979,2024-02-23,1592.25,Paid,Wire
PM0003491,P000979,2024-05-28,1592.25,Late,ACH
PM0003492,P000980,2024-08-24,1088.16,Paid,Card
PM0003493,P000980,2024-11-24,1088.16,Paid,Wire
PM0003494,P000980,2025-02-28,1088.16,Paid,Wire
PM0003495,P000980,2025-05-22,1088.16,Late,Card
PM0003496,P000981,2025-04-07,317.68,Paid,Check
PM0003497,P000981,2025-07-06,317.68,Paid,Wire
PM0003498,P000981,2025-12-19,317.68,Paid,Wire
PM0003499,P000982,2025-01-21,164.12,Paid,Check
PM0003500,P000982,2025-04-17,164.12,Paid,Wire
PM0003501,P000982,2025-07-27,164.12,Paid,Wire
PM0003502,P000982,2025-10-12,164.12,Paid,Check
PM0003503,P000983,2025-04-29,2584.72,Paid,Check
PM0003504,P000983,2025-08-04,2584.72,Paid,Check
PM0003505,P000983,2025-10-23,2584.72,Paid,Wire
PM0003506,P000984,2025-01-30,433.5,Paid,Card
PM0003507,P000984,2025-05-08,433.5,Paid,Check
PM0003508,P000984,2025-07-23,433.5,Paid,Check
PM0003509,P000984,2025-10-17,433.5,Late,Check
PM0003510,P000985,2025-03-11,682.33,Paid,Check
PM0003511,P000985,2025-06-12,682.33,Paid,Wire
PM0003512,P000985,2025-09-09,682.33,Paid,ACH
PM0003513,P000985,2025-12-06,682.33,Paid,ACH
PM0003514,P000986,2024-01-06,1337.96,Paid,Check
PM0003515,P000986,2024-04-12,1337.96,Paid,ACH
PM0003516,P000986,2024-07-16,1337.96,Paid,ACH
PM0003517,P000987,2024-03-27,469.49,Paid,Check
PM0003518,P000987,2024-06-27,469.49,Paid,Card
PM0003519,P000987,2025-01-02,469.49,Paid,ACH
PM0003520,P000988,2025-01-20,1534.27,Paid,Wire
PM0003521,P000988,2025-07-20,1534.27,Late,Check
PM0003522,P000988,2025-10-13,1534.27,Paid,Wire
PM0003523,P000989,2023-04-10,334.38,Paid,ACH
PM0003524,P000989,2023-07-15,334.38,Paid,ACH
PM0003525,P000989,2023-10-09,334.38,Paid,ACH
PM0003526,P000989,2024-01-02,334.38,Paid,Check
PM0003527,P000990,2024-05-29,1193.39,Paid,Card
PM0003528,P000990,2024-08-29,1193.39,Paid,Card
PM0003529,P000990,2024-11-15,1193.39,Paid,Check
PM0003530,P000990,2025-02-26,1193.39,Paid,Card
PM0003531,P000991,2023-12-02,1476.68,Paid,ACH
PM0003532,P000991,2024-03-09,1476.68,Paid,Card
PM0003533,P000991,2024-05-28,1476.68,Paid,Wire
PM0003534,P000992,2025-06-19,366.94,Paid,Check
PM0003535,P000992,2025-09-11,366.94,Paid,Wire
PM0003536,P000992,2025-12-14,366.94,Paid,Card
PM0003537,P000993,2023-12-27,2469.16,Paid,Check
PM0003538,P000993,2024-04-01,2469.16,Paid,Check
PM0003539,P000993,2024-06-29,2469.16,Paid,Card
PM0003540,P000993,2024-10-07,2469.16,Paid,Check
PM0003541,P000994,2024-07-31,1842.42,Paid,Card
PM0003542,P000994,2024-10-20,1842.42,Paid,Card
PM0003543,P000994,2025-01-09,1842.42,Paid,Check
PM0003544,P000994,2025-04-12,1842.42,Failed,Check
PM0003545,P000995,2025-01-19,964.93,Paid,ACH
PM0003546,P000995,2025-04-20,964.93,Paid,Wire
PM0003547,P000995,2025-07-09,964.93,Paid,Wire
PM0003548,P000995,2025-10-05,964.93,Paid,Card
PM0003549,P000996,2024-12-26,308.31,Late,ACH
PM0003550,P000996,2025-03-26,308.31,Paid,Check
PM0003551,P000996,2025-07-03,308.31,Paid,Check
PM0003552,P000996,2025-09-20,308.31,Paid,Check
PM0003553,P000997,2023-05-23,399.11,Paid,ACH
PM0003554,P000997,2023-08-26,399.11,Paid,ACH
PM0003555,P000997,2023-11-24,399.11,Paid,Wire
PM0003556,P000997,2024-02-19,399.11,Paid,Check
PM0003557,P000998,2024-11-05,499.34,Paid,Wire
PM0003558,P000998,2025-02-07,499.34,Paid,Check
PM0003559,P000998,2025-05-12,499.34,Paid,Check
PM0003560,P000998,2025-07-30,499.34,Paid,ACH
PM0003561,P000999,2024-10-29,542.9,Paid,Card
PM0003562,P000999,2025-01-29,542.9,Paid,Card
PM0003563,P000999,2025-04-16,542.9,Paid,Wire
PM0003564,P001000,2024-04-25,804.19,Paid,ACH
PM0003565,P001000,2024-08-05,804.19,Paid,Card
PM0003566,P001000,2024-10-27,804.19,Paid,ACH
PM0003567,P001000,2025-02-02,804.19,Paid,Card
PM0003568,P001001,2025-05-02,1710.69,Paid,Wire
PM0003569,P001001,2025-08-01,1710.69,Paid,ACH
PM0003570,P001001,2025-10-23,1710.69,Paid,ACH
PM0003571,P001002,2024-06-27,1729.86,Paid,Check
PM0003572,P001002,2024-09-23,1729.86,Paid,Check
PM0003573,P001002,2025-01-01,1729.86,Paid,Check
PM0003574,P001002,2025-03-20,1729.86,Late,Wire
PM0003575,P001003,2023-10-10,295.38,Paid,Card
PM0003576,P001003,2023-12-28,295.38,Paid,Check
PM0003577,P001003,2024-04-07,295.38,Paid,Card
PM0003578,P001003,2024-06-20,295.38,Paid,ACH
PM0003579,P001004,2023-04-01,427.94,Late,ACH
PM0003580,P001004,2023-07-09,427.94,Paid,Wire
PM0003581,P001004,2023-10-04,427.94,Paid,Card
PM0003582,P001004,2024-01-11,427.94,Paid,Card
PM0003583,P001005,2024-12-06,1047.31,Paid,Check
PM0003584,P001005,2025-03-07,1047.31,Paid,Wire
PM0003585,P001005,2025-06-13,1047.31,Paid,Check
PM0003586,P001005,2025-09-16,1047.31,Paid,Card
PM0003587,P001006,2025-06-14,344.94,Paid,Card
PM0003588,P001006,2025-12-18,344.94,Late,Card
PM0003589,P001007,2024-06-21,1113.1,Paid,ACH
PM0003590,P001007,2024-09-27,1113.1,Paid,Wire
PM0003591,P001007,2024-12-26,1113.1,Paid,ACH
PM0003592,P001007,2025-03-22,1113.1,Late,Check
PM0003593,P001008,2023-12-09,418.67,Paid,ACH
PM0003594,P001008,2024-03-09,418.67,Paid,Card
PM0003595,P001008,2024-06-05,418.67,Paid,Check
PM0003596,P001008,2024-08-23,418.67,Paid,Wire
PM0003597,P001009,2024-10-19,1570.69,Paid,Card
PM0003598,P001009,2025-01-28,1570.69,Paid,ACH
PM0003599,P001009,2025-04-22,1570.69,Paid,Check
PM0003600,P001009,2025-07-22,1570.69,Late,Check
PM0003601,P001010,2024-01-04,395.79,Paid,ACH
PM0003602,P001010,2024-03-26,395.79,Paid,Card
PM0003603,P001010,2024-06-29,395.79,Paid,Check
PM0003604,P001010,2024-09-17,395.79,Paid,Check
PM0003605,P001011,2023-08-20,1955.17,Paid,ACH
PM0003606,P001011,2023-11-21,1955.17,Paid,Wire
PM0003607,P001011,2024-02-09,1955.17,Paid,Wire
PM0003608,P001011,2024-05-13,1955.17,Paid,Wire
PM0003609,P001012,2023-11-09,148.62,Failed,Card
PM0003610,P001012,2024-05-04,148.62,Paid,Check
PM0003611,P001012,2024-07-24,148.62,Paid,Card
PM0003612,P001013,2024-06-04,346.14,Late,ACH
PM0003613,P001013,2024-09-02,346.14,Paid,Wire
PM0003614,P001013,2024-12-11,346.14,Paid,Check
PM0003615,P001013,2025-03-03,346.14,Paid,ACH
PM0003616,P001014,2025-06-04,2585.83,Paid,Card
PM0003617,P001014,2025-09-10,2585.83,Paid,Wire
PM0003618,P001014,2025-12-05,2585.83,Paid,ACH
PM0003619,P001015,2024-12-10,437.06,Paid,ACH
PM0003620,P001015,2025-03-14,437.06,Paid,Wire
PM0003621,P001015,2025-05-30,437.06,Paid,ACH
PM0003622,P001015,2025-09-01,437.06,Paid,ACH
PM0003623,P001016,2024-05-08,2688.98,Paid,Card
PM0003624,P001016,2024-11-09,2688.98,Paid,ACH
PM0003625,P001016,2025-01-28,2688.98,Paid,Wire
PM0003626,P001017,2024-07-02,745.05,Paid,Wire
PM0003627,P001017,2024-09-18,745.05,Paid,ACH
PM0003628,P001017,2024-12-10,745.05,Paid,Check
PM0003629,P001017,2025-03-20,745.05,Paid,ACH
PM0003630,P001018,2024-09-23,1703.77,Paid,ACH
PM0003631,P001018,2025-01-10,1703.77,Paid,ACH
PM0003632,P001018,2025-03-29,1703.77,Paid,ACH
PM0003633,P001018,2025-06-29,1703.77,Refunded,ACH
PM0003634,P001019,2023-08-31,231.24,Paid,ACH
PM0003635,P001019,2023-11-30,231.24,Paid,Card
PM0003636,P001019,2024-02-27,231.24,Paid,Card
PM0003637,P001020,2023-03-26,479.0,Paid,ACH
PM0003638,P001020,2023-07-04,479.0,Paid,Check
PM0003639,P001020,2023-09-22,479.0,Paid,Wire
PM0003640,P001020,2024-01-03,479.0,Paid,Card
PM0003641,P001021,2023-11-15,508.95,Failed,ACH
PM0003642,P001021,2024-02-22,508.95,Paid,Check
PM0003643,P001021,2024-05-17,508.95,Paid,Card
PM0003644,P001021,2024-08-09,508.95,Paid,ACH
PM0003645,P001022,2023-12-04,267.41,Paid,ACH
PM0003646,P001022,2024-03-07,267.41,Paid,Card
PM0003647,P001022,2024-06-01,267.41,Paid,Card
PM0003648,P001023,2025-09-18,163.69,Paid,ACH
PM0003649,P001024,2024-08-02,2295.8,Paid,Check
PM0003650,P001024,2024-11-10,2295.8,Paid,Wire
PM0003651,P001024,2025-02-09,2295.8,Paid,Check
PM0003652,P001024,2025-05-14,2295.8,Paid,ACH
PM0003653,P001025,2024-03-28,230.58,Paid,Card
PM0003654,P001025,2024-06-21,230.58,Paid,ACH
PM0003655,P001025,2024-12-29,230.58,Paid,ACH
PM0003656,P001026,2024-07-06,522.64,Paid,Wire
PM0003657,P001026,2024-10-10,522.64,Paid,Card
PM0003658,P001026,2025-01-08,522.64,Paid,Wire
PM0003659,P001026,2025-04-04,522.64,Paid,Card
PM0003660,P001027,2023-02-01,151.59,Late,Card
PM0003661,P001027,2023-04-30,151.59,Paid,Wire
PM0003662,P001027,2023-07-23,151.59,Paid,Card
PM0003663,P001027,2023-10-22,151.59,Paid,Check
PM0003664,P001028,2023-12-17,202.34,Paid,Wire
PM0003665,P001028,2024-03-08,202.34,Late,Wire
PM0003666,P001028,2024-06-13,202.34,Paid,Check
PM0003667,P001028,2024-08-27,202.34,Paid,Check
PM0003668,P001029,2024-06-11,367.19,Paid,Wire
PM0003669,P001029,2024-12-20,367.19,Late,Wire
PM0003670,P001029,2025-03-05,367.19,Late,Card
PM0003671,P001030,2025-03-08,2702.43,Paid,Wire
PM0003672,P001030,2025-06-01,2702.43,Paid,Wire
PM0003673,P001030,2025-09-15,2702.43,Paid,Wire
PM0003674,P001030,2025-12-11,2702.43,Paid,Card
PM0003675,P001031,2024-05-19,552.42,Paid,Check
PM0003676,P001031,2024-08-08,552.42,Paid,Card
PM0003677,P001031,2024-11-06,552.42,Paid,ACH
PM0003678,P001031,2025-02-05,552.42,Failed,ACH
PM0003679,P001032,2024-12-14,381.49,Paid,Wire
PM0003680,P001032,2025-06-21,381.49,Paid,Check
PM0003681,P001032,2025-09-11,381.49,Paid,Wire
PM0003682,P001033,2023-09-05,498.25,Paid,Check
PM0003683,P001033,2023-12-03,498.25,Paid,Card
PM0003684,P001033,2024-02-16,498.25,Paid,Wire
PM0003685,P001033,2024-05-26,498.25,Paid,Wire
PM0003686,P001034,2025-03-21,341.82,Paid,Check
PM0003687,P001034,2025-06-08,341.82,Paid,Wire
PM0003688,P001034,2025-09-08,341.82,Paid,Wire
PM0003689,P001034,2025-11-30,341.82,Paid,Check
PM0003690,P001035,2023-05-08,313.64,Paid,Check
PM0003691,P001035,2023-07-31,313.64,Paid,Check
PM0003692,P001035,2023-11-01,313.64,Paid,Check
PM0003693,P001035,2024-02-02,313.64,Paid,Check
PM0003694,P001036,2024-06-11,549.93,Paid,Wire
PM0003695,P001036,2024-09-16,549.93,Paid,ACH
PM0003696,P001036,2024-12-22,549.93,Paid,Check
PM0003697,P001036,2025-03-18,549.93,Paid,Card
PM0003698,P001037,2024-11-07,2457.01,Late,Check
PM0003699,P001037,2025-05-02,2457.01,Paid,Wire
PM0003700,P001037,2025-07-30,2457.01,Late,Wire
PM0003701,P001038,2023-06-24,1452.83,Paid,ACH
PM0003702,P001038,2023-09-23,1452.83,Paid,ACH
PM0003703,P001038,2023-12-26,1452.83,Paid,ACH
PM0003704,P001038,2024-03-25,1452.83,Paid,Wire
PM0003705,P001039,2024-07-29,487.74,Paid,ACH
PM0003706,P001039,2024-11-04,487.74,Paid,Check
PM0003707,P001039,2025-02-07,487.74,Paid,Wire
PM0003708,P001039,2025-04-30,487.74,Paid,Wire
PM0003709,P001040,2023-11-26,1771.31,Paid,Card
PM0003710,P001040,2024-02-21,1771.31,Paid,Check
PM0003711,P001040,2024-05-23,1771.31,Paid,ACH
PM0003712,P001040,2024-08-15,1771.31,Paid,Card
PM0003713,P001041,2023-05-29,349.07,Paid,Wire
PM0003714,P001041,2023-08-24,349.07,Paid,Wire
PM0003715,P001041,2023-11-09,349.07,Paid,ACH
PM0003716,P001041,2024-02-09,349.07,Paid,Card
PM0003717,P001042,2024-01-20,774.82,Paid,ACH
PM0003718,P001042,2024-04-16,774.82,Late,Check
PM0003719,P001042,2024-10-15,774.82,Paid,ACH
PM0003720,P001043,2023-05-12,717.76,Paid,ACH
PM0003721,P001043,2023-08-19,717.76,Paid,Wire
PM0003722,P001043,2023-11-09,717.76,Paid,Card
PM0003723,P001043,2024-02-03,717.76,Late,Wire
PM0003724,P001044,2024-10-19,170.88,Paid,ACH
PM0003725,P001044,2025-01-20,170.88,Paid,ACH
PM0003726,P001044,2025-04-29,170.88,Failed,Check
PM0003727,P001044,2025-07-11,170.88,Paid,Wire
PM0003728,P001045,2025-03-28,2752.64,Paid,ACH
PM0003729,P001045,2025-06-13,2752.64,Paid,ACH
PM0003730,P001045,2025-09-14,2752.64,Paid,ACH
PM0003731,P001045,2025-12-12,2752.64,Paid,Check
PM0003732,P001046,2023-05-31,2125.75,Paid,Check
PM0003733,P001046,2023-08-28,2125.75,Paid,ACH
PM0003734,P001046,2023-12-01,2125.75,Paid,Wire
PM0003735,P001046,2024-03-03,2125.75,Paid,ACH
PM0003736,P001047,2023-03-03,333.0,Paid,Wire
PM0003737,P001047,2023-06-06,333.0,Paid,ACH
PM0003738,P001047,2023-09-11,333.0,Paid,Card
PM0003739,P001047,2023-11-27,333.0,Paid,Card
PM0003740,P001048,2024-10-05,774.03,Paid,Check
PM0003741,P001048,2024-12-27,774.03,Paid,Card
PM0003742,P001048,2025-03-24,774.03,Paid,ACH
PM0003743,P001049,2025-06-04,1558.31,Paid,Card
PM0003744,P001049,2025-09-17,1558.31,Paid,Check
PM0003745,P001049,2025-12-08,1558.31,Paid,Check
PM0003746,P001050,2023-10-14,334.62,Paid,ACH
PM0003747,P001050,2024-01-02,334.62,Paid,Card
PM0003748,P001050,2024-03-29,334.62,Late,Wire
PM0003749,P001050,2024-06-22,334.62,Paid,Check
PM0003750,P001051,2023-03-01,1282.92,Paid,ACH
PM0003751,P001051,2023-06-05,1282.92,Paid,Wire
PM0003752,P001051,2023-09-07,1282.92,Paid,ACH
PM0003753,P001051,2023-11-16,1282.92,Paid,Wire
PM0003754,P001052,2024-05-20,714.87,Paid,Check
PM0003755,P001052,2024-08-19,714.87,Paid,Wire
PM0003756,P001052,2024-11-22,714.87,Paid,Wire
PM0003757,P001052,2025-02-11,714.87,Paid,Check
PM0003758,P001053,2024-03-26,1755.81,Paid,Card
PM0003759,P001053,2024-06-18,1755.81,Paid,Card
PM0003760,P001053,2024-09-18,1755.81,Paid,Card
PM0003761,P001053,2024-12-13,1755.81,Paid,ACH
PM0003762,P001054,2023-11-24,176.97,Paid,Card
PM0003763,P001054,2024-03-02,176.97,Paid,Check
PM0003764,P001054,2024-06-10,176.97,Failed,Check
PM0003765,P001054,2024-09-06,176.97,Paid,Check
PM0003766,P001055,2025-05-14,285.31,Paid,ACH
PM0003767,P001055,2025-08-15,285.31,Paid,ACH
PM0003768,P001055,2025-11-27,285.31,Paid,Wire
PM0003769,P001056,2024-01-05,641.32,Paid,Check
PM0003770,P001056,2024-04-04,641.32,Paid,Wire
PM0003771,P001056,2024-06-26,641.32,Paid,ACH
PM0003772,P001056,2024-09-25,641.32,Paid,Wire
PM0003773,P001057,2025-04-06,1359.39,Paid,ACH
PM0003774,P001057,2025-07-01,1359.39,Failed,Wire
PM0003775,P001057,2025-12-22,1359.39,Paid,Wire
PM0003776,P001058,2023-10-24,236.42,Paid,Check
PM0003777,P001058,2024-01-28,236.42,Paid,Wire
PM0003778,P001058,2024-04-21,236.42,Paid,Wire
PM0003779,P001058,2024-07-26,236.42,Paid,Wire
PM0003780,P001059,2025-09-17,401.13,Paid,ACH
PM0003781,P001059,2025-12-12,401.13,Paid,Card
PM0003782,P001060,2025-01-14,2682.36,Paid,ACH
PM0003783,P001060,2025-04-18,2682.36,Late,ACH
PM0003784,P001060,2025-07-16,2682.36,Paid,Check
PM0003785,P001060,2025-10-09,2682.36,Paid,Wire
PM0003786,P001061,2024-07-09,576.68,Paid,Check
PM0003787,P001061,2024-09-22,576.68,Paid,Wire
PM0003788,P001061,2024-12-28,576.68,Late,Card
PM0003789,P001061,2025-03-18,576.68,Paid,Wire
PM0003790,P001062,2024-02-16,2119.59,Paid,ACH
PM0003791,P001062,2024-05-30,2119.59,Paid,ACH
PM0003792,P001062,2024-08-13,2119.59,Failed,ACH
PM0003793,P001063,2023-10-10,516.73,Late,Check
PM0003794,P001063,2024-01-09,516.73,Paid,Check
PM0003795,P001063,2024-04-22,516.73,Paid,Card
PM0003796,P001063,2024-07-06,516.73,Paid,Card
PM0003797,P001064,2023-07-28,230.28,Paid,ACH
PM0003798,P001064,2024-01-19,230.28,Paid,ACH
PM0003799,P001064,2024-04-28,230.28,Paid,Card
PM0003800,P001065,2024-05-07,2259.11,Paid,Card
PM0003801,P001065,2024-08-14,2259.11,Paid,Card
PM0003802,P001065,2024-11-02,2259.11,Paid,Wire
PM0003803,P001065,2025-01-26,2259.11,Paid,Check
PM0003804,P001066,2023-11-01,624.47,Paid,Card
PM0003805,P001066,2024-01-24,624.47,Paid,Card
PM0003806,P001066,2024-04-29,624.47,Paid,Card
PM0003807,P001066,2024-07-23,624.47,Paid,Card
PM0003808,P001067,2024-06-30,921.97,Paid,ACH
PM0003809,P001067,2024-10-16,921.97,Paid,Wire
PM0003810,P001067,2024-12-30,921.97,Paid,Wire
PM0003811,P001067,2025-04-02,921.97,Paid,ACH
PM0003812,P001068,2023-12-25,364.08,Paid,Wire
PM0003813,P001068,2024-06-16,364.08,Paid,ACH
PM0003814,P001068,2024-09-01,364.08,Paid,Wire
PM0003815,P001069,2024-09-11,1151.26,Paid,ACH
PM0003816,P001069,2024-11-28,1151.26,Failed,ACH
PM0003817,P001069,2025-02-25,1151.26,Failed,Wire
PM0003818,P001069,2025-06-09,1151.26,Paid,Card
PM0003819,P001070,2024-10-02,241.74,Paid,Card
PM0003820,P001070,2024-12-18,241.74,Paid,ACH
PM0003821,P001070,2025-04-03,241.74,Late,Check
PM0003822,P001070,2025-06-26,241.74,Paid,Wire
PM0003823,P001071,2023-03-29,1811.14,Late,Wire
PM0003824,P001071,2023-06-26,1811.14,Paid,ACH
PM0003825,P001071,2023-09-14,1811.14,Paid,ACH
PM0003826,P001071,2023-12-08,1811.14,Paid,ACH
PM0003827,P001072,2025-06-20,352.57,Late,Wire
PM0003828,P001072,2025-10-07,352.57,Paid,Card
PM0003829,P001072,2025-12-25,352.57,Paid,Card
PM0003830,P001073,2025-07-29,1029.83,Paid,ACH
PM0003831,P001073,2025-11-01,1029.83,Paid,Check
PM0003832,P001074,2024-10-06,1821.69,Paid,Check
PM0003833,P001074,2025-01-03,1821.69,Paid,ACH
PM0003834,P001074,2025-04-09,1821.69,Paid,ACH
PM0003835,P001075,2024-02-07,264.22,Paid,Wire
PM0003836,P001075,2024-05-09,264.22,Paid,Card
PM0003837,P001075,2024-08-07,264.22,Failed,Check
PM0003838,P001076,2024-01-23,297.72,Paid,Check
PM0003839,P001076,2024-04-24,297.72,Paid,Wire
PM0003840,P001076,2024-07-24,297.72,Paid,Wire
PM0003841,P001076,2024-10-18,297.72,Paid,Wire
PM0003842,P001077,2024-10-12,1698.17,Paid,Wire
PM0003843,P001077,2025-03-28,1698.17,Paid,Card
PM0003844,P001077,2025-07-16,1698.17,Paid,Check
PM0003845,P001078,2024-11-10,699.46,Paid,ACH
PM0003846,P001078,2025-02-05,699.46,Late,Check
PM0003847,P001078,2025-05-20,699.46,Paid,Wire
PM0003848,P001078,2025-08-06,699.46,Paid,Card
PM0003849,P001079,2024-09-14,181.34,Paid,Check
PM0003850,P001079,2024-12-06,181.34,Paid,Check
PM0003851,P001079,2025-03-01,181.34,Paid,Check
PM0003852,P001079,2025-06-03,181.34,Paid,Check
PM0003853,P001080,2023-12-03,2656.11,Paid,Check
PM0003854,P001080,2024-03-10,2656.11,Paid,Check
PM0003855,P001080,2024-05-30,2656.11,Paid,Card
PM0003856,P001080,2024-08-27,2656.11,Failed,Card
PM0003857,P001081,2023-09-19,1320.63,Paid,Wire
PM0003858,P001081,2023-12-27,1320.63,Paid,Card
PM0003859,P001081,2024-03-13,1320.63,Paid,ACH
PM0003860,P001081,2024-06-24,1320.63,Paid,ACH
PM0003861,P001082,2025-04-04,386.12,Failed,Card
PM0003862,P001083,2025-03-24,766.17,Late,ACH
PM0003863,P001083,2025-06-18,766.17,Paid,Card
PM0003864,P001083,2025-09-18,766.17,Paid,ACH
PM0003865,P001083,2025-12-17,766.17,Late,ACH
PM0003866,P001084,2024-12-13,367.7,Paid,ACH
PM0003867,P001084,2025-03-25,367.7,Paid,Check
PM0003868,P001084,2025-06-27,367.7,Paid,Card
PM0003869,P001084,2025-09-09,367.7,Paid,Wire
PM0003870,P001085,2024-07-03,1085.21,Paid,Wire
PM0003871,P001085,2024-12-25,1085.21,Paid,Wire
PM0003872,P001086,2023-12-16,345.66,Paid,Check
PM0003873,P001086,2024-03-24,345.66,Paid,ACH
PM0003874,P001086,2024-06-07,345.66,Paid,Check
PM0003875,P001086,2024-09-16,345.66,Paid,ACH
PM0003876,P001087,2025-07-15,531.11,Paid,Wire
PM0003877,P001087,2025-10-18,531.11,Paid,ACH
PM0003878,P001088,2023-11-17,410.25,Refunded,Wire
PM0003879,P001088,2024-02-17,410.25,Paid,Card
PM0003880,P001088,2024-05-13,410.25,Paid,Wire
PM0003881,P001088,2024-08-10,410.25,Paid,Wire
PM0003882,P001089,2023-01-17,431.72,Paid,Check
PM0003883,P001089,2023-04-10,431.72,Paid,Card
PM0003884,P001089,2023-07-17,431.72,Paid,Card
PM0003885,P001089,2023-10-04,431.72,Paid,Check
PM0003886,P001090,2023-11-07,335.65,Paid,Wire
PM0003887,P001090,2024-02-07,335.65,Paid,Card
PM0003888,P001090,2024-04-30,335.65,Paid,Card
PM0003889,P001090,2024-08-04,335.65,Refunded,Card
PM0003890,P001091,2025-03-23,470.59,Paid,Card
PM0003891,P001091,2025-06-16,470.59,Paid,Wire
PM0003892,P001091,2025-09-07,470.59,Paid,Card
PM0003893,P001091,2025-12-09,470.59,Late,Wire
PM0003894,P001092,2025-02-01,380.5,Late,Wire
PM0003895,P001092,2025-04-24,380.5,Paid,Card
PM0003896,P001092,2025-07-29,380.5,Paid,Card
PM0003897,P001092,2025-10-19,380.5,Paid,Check
PM0003898,P001093,2024-07-09,382.12,Late,ACH
PM0003899,P001093,2024-10-05,382.12,Paid,ACH
PM0003900,P001093,2025-01-08,382.12,Paid,Check
PM0003901,P001093,2025-04-08,382.12,Paid,Wire
PM0003902,P001094,2024-04-20,1545.43,Paid,Card
PM0003903,P001094,2024-07-19,1545.43,Failed,ACH
PM0003904,P001094,2024-10-17,1545.43,Paid,Card
PM0003905,P001094,2025-01-05,1545.43,Paid,Wire
PM0003906,P001095,2023-09-01,370.21,Paid,Wire
PM0003907,P001095,2023-12-04,370.21,Paid,Wire
PM0003908,P001095,2024-02-28,370.21,Paid,Card
PM0003909,P001095,2024-06-01,370.21,Paid,Check
PM0003910,P001096,2023-08-15,291.73,Paid,Card
PM0003911,P001096,2023-11-13,291.73,Paid,Wire
PM0003912,P001096,2024-02-13,291.73,Failed,Card
PM0003913,P001096,2024-05-17,291.73,Paid,Check
PM0003914,P001097,2023-09-05,209.4,Paid,Check
PM0003915,P001097,2023-12-16,209.4,Paid,Check
PM0003916,P001097,2024-03-02,209.4,Late,ACH
PM0003917,P001097,2024-06-03,209.4,Paid,Wire
PM0003918,P001098,2024-03-20,199.49,Paid,Check
PM0003919,P001098,2024-06-17,199.49,Paid,Wire
PM0003920,P001098,2024-12-27,199.49,Paid,ACH
PM0003921,P001099,2025-06-10,990.65,Late,Card
PM0003922,P001099,2025-09-15,990.65,Paid,ACH
PM0003923,P001099,2025-12-25,990.65,Paid,ACH
PM0003924,P001100,2024-10-26,1535.36,Paid,Card
PM0003925,P001100,2025-01-28,1535.36,Paid,ACH
PM0003926,P001100,2025-04-27,1535.36,Paid,Card
PM0003927,P001101,2023-09-20,1070.35,Paid,Wire
PM0003928,P001101,2023-12-17,1070.35,Paid,Wire
PM0003929,P001101,2024-03-12,1070.35,Paid,ACH
PM0003930,P001101,2024-06-18,1070.35,Paid,Wire
PM0003931,P001102,2024-07-17,1219.12,Paid,ACH
PM0003932,P001102,2024-10-24,1219.12,Paid,Wire
PM0003933,P001102,2025-01-23,1219.12,Paid,Card
PM0003934,P001103,2024-08-27,747.97,Paid,ACH
PM0003935,P001103,2024-11-28,747.97,Paid,Card
PM0003936,P001103,2025-03-12,747.97,Refunded,Check
PM0003937,P001103,2025-05-29,747.97,Paid,Wire
PM0003938,P001104,2025-02-11,229.48,Late,Card
PM0003939,P001104,2025-05-13,229.48,Paid,ACH
PM0003940,P001104,2025-08-27,229.48,Paid,Card
PM0003941,P001104,2025-11-18,229.48,Paid,Wire
PM0003942,P001105,2023-07-04,713.49,Paid,ACH
PM0003943,P001105,2023-10-05,713.49,Paid,ACH
PM0003944,P001105,2023-12-30,713.49,Late,Check
PM0003945,P001105,2024-03-27,713.49,Paid,Card
PM0003946,P001106,2025-09-21,356.94,Paid,Wire
PM0003947,P001106,2025-12-07,356.94,Paid,ACH
PM0003948,P001107,2025-06-06,202.91,Late,Card
PM0003949,P001107,2025-08-31,202.91,Paid,ACH
PM0003950,P001107,2025-11-26,202.91,Paid,ACH
PM0003951,P001108,2023-10-13,1554.1,Paid,Card
PM0003952,P001108,2024-01-26,1554.1,Paid,ACH
PM0003953,P001108,2024-07-17,1554.1,Paid,ACH
PM0003954,P001109,2023-02-08,1552.67,Paid,Wire
PM0003955,P001109,2023-05-24,1552.67,Paid,Check
PM0003956,P001109,2023-08-08,1552.67,Paid,Check
PM0003957,P001110,2025-04-16,1209.14,Paid,Wire
PM0003958,P001110,2025-07-20,1209.14,Paid,ACH
PM0003959,P001110,2025-10-11,1209.14,Paid,Wire
PM0003960,P001111,2025-06-20,1675.3,Paid,Check
PM0003961,P001111,2025-09-21,1675.3,Paid,Card
PM0003962,P001112,2024-02-24,165.93,Paid,Wire
PM0003963,P001112,2024-05-23,165.93,Paid,Card
PM0003964,P001112,2024-08-20,165.93,Paid,Check
PM0003965,P001112,2024-12-01,165.93,Paid,Check
PM0003966,P001113,2023-03-21,406.55,Paid,Card
PM0003967,P001113,2023-06-19,406.55,Late,Check
PM0003968,P001113,2023-09-13,406.55,Late,Card
PM0003969,P001113,2023-12-09,406.55,Paid,Check
PM0003970,P001114,2024-04-08,1320.17,Paid,Card
PM0003971,P001114,2024-07-05,1320.17,Paid,Card
PM0003972,P001114,2024-10-17,1320.17,Refunded,Card
PM0003973,P001114,2025-01-12,1320.17,Paid,Card
PM0003974,P001115,2023-02-23,415.44,Paid,ACH
PM0003975,P001115,2023-05-18,415.44,Paid,ACH
PM0003976,P001115,2023-08-23,415.44,Paid,Check
PM0003977,P001115,2023-11-23,415.44,Paid,Card
PM0003978,P001116,2024-03-03,2582.94,Paid,Check
PM0003979,P001116,2024-06-07,2582.94,Late,Check
PM0003980,P001116,2024-09-05,2582.94,Paid,ACH
PM0003981,P001116,2024-12-02,2582.94,Paid,Check
PM0003982,P001117,2024-04-23,2652.32,Paid,Wire
PM0003983,P001117,2024-07-27,2652.32,Paid,Card
PM0003984,P001117,2024-10-16,2652.32,Late,ACH
PM0003985,P001118,2024-03-03,380.81,Paid,ACH
PM0003986,P001118,2024-08-17,380.81,Paid,ACH
PM0003987,P001118,2024-11-17,380.81,Paid,Wire
PM0003988,P001119,2024-02-28,1794.05,Paid,Wire
PM0003989,P001119,2024-05-16,1794.05,Late,ACH
PM0003990,P001119,2024-08-19,1794.05,Paid,ACH
PM0003991,P001120,2025-01-22,974.42,Paid,Card
PM0003992,P001120,2025-04-20,974.42,Paid,Card
PM0003993,P001120,2025-07-27,974.42,Paid,Wire
PM0003994,P001120,2025-11-03,974.42,Paid,Check
PM0003995,P001121,2024-11-03,430.3,Paid,Check
PM0003996,P001121,2025-02-04,430.3,Paid,Wire
PM0003997,P001121,2025-04-29,430.3,Paid,Check
PM0003998,P001121,2025-08-07,430.3,Failed,Card
PM0003999,P001122,2025-03-20,1796.98,Paid,Card
PM0004000,P001122,2025-07-04,1796.98,Paid,Card
PM0004001,P001122,2025-12-16,1796.98,Paid,Wire
PM0004002,P001123,2025-02-12,1678.66,Paid,Card
PM0004003,P001123,2025-05-27,1678.66,Paid,Card
PM0004004,P001123,2025-08-13,1678.66,Late,Check
PM0004005,P001123,2025-11-12,1678.66,Late,Check
PM0004006,P001124,2025-01-08,707.38,Paid,Wire
PM0004007,P001124,2025-04-04,707.38,Refunded,Wire
PM0004008,P001124,2025-07-07,707.38,Late,ACH
PM0004009,P001124,2025-10-15,707.38,Paid,ACH
PM0004010,P001125,2023-05-07,1452.02,Paid,Wire
PM0004011,P001125,2023-08-09,1452.02,Late,Wire
PM0004012,P001125,2023-11-05,1452.02,Paid,Wire
PM0004013,P001125,2024-01-30,1452.02,Paid,Wire
PM0004014,P001126,2024-11-24,240.41,Paid,ACH
PM0004015,P001126,2025-02-10,240.41,Late,ACH
PM0004016,P001126,2025-08-15,240.41,Paid,Card
PM0004017,P001127,2024-07-02,261.8,Paid,Wire
PM0004018,P001127,2024-10-12,261.8,Late,ACH
PM0004019,P001127,2025-01-02,261.8,Paid,Check
PM0004020,P001127,2025-04-04,261.8,Paid,ACH
PM0004021,P001128,2023-11-10,379.75,Paid,Card
PM0004022,P001128,2024-01-26,379.75,Paid,Wire
PM0004023,P001128,2024-04-20,379.75,Paid,Card
PM0004024,P001128,2024-08-04,379.75,Paid,ACH
PM0004025,P001129,2024-04-02,530.39,Paid,Card
PM0004026,P001129,2024-06-22,530.39,Paid,Card
PM0004027,P001129,2024-09-22,530.39,Paid,ACH
PM0004028,P001129,2024-12-31,530.39,Paid,Wire
PM0004029,P001130,2025-03-25,804.45,Failed,Card
PM0004030,P001130,2025-07-11,804.45,Failed,Check
PM0004031,P001130,2025-10-05,804.45,Paid,ACH
PM0004032,P001130,2025-12-28,804.45,Paid,ACH
PM0004033,P001131,2023-10-06,662.06,Paid,ACH
PM0004034,P001131,2024-01-10,662.06,Paid,Card
PM0004035,P001131,2024-04-13,662.06,Paid,ACH
PM0004036,P001131,2024-07-03,662.06,Failed,Wire
PM0004037,P001132,2023-12-10,336.69,Paid,ACH
PM0004038,P001132,2024-03-04,336.69,Paid,ACH
PM0004039,P001132,2024-06-08,336.69,Paid,ACH
PM0004040,P001132,2024-08-26,336.69,Paid,Wire
PM0004041,P001133,2025-03-11,2729.14,Paid,Card
PM0004042,P001133,2025-05-30,2729.14,Paid,Wire
PM0004043,P001133,2025-12-04,2729.14,Paid,Card
PM0004044,P001134,2023-04-27,704.14,Paid,Card
PM0004045,P001134,2023-10-31,704.14,Paid,ACH
PM0004046,P001134,2024-01-19,704.14,Paid,ACH
PM0004047,P001135,2023-10-22,445.76,Paid,Wire
PM0004048,P001135,2024-01-20,445.76,Paid,Check
PM0004049,P001135,2024-05-01,445.76,Late,ACH
PM0004050,P001135,2024-07-27,445.76,Failed,ACH
PM0004051,P001136,2025-02-09,278.46,Paid,Check
PM0004052,P001136,2025-04-25,278.46,Refunded,Card
PM0004053,P001136,2025-08-01,278.46,Paid,ACH
PM0004054,P001137,2023-03-15,221.93,Paid,Card
PM0004055,P001137,2023-06-15,221.93,Paid,ACH
PM0004056,P001137,2023-09-24,221.93,Paid,Card
PM0004057,P001137,2023-12-21,221.93,Late,ACH
PM0004058,P001138,2024-12-26,2459.38,Paid,Check
PM0004059,P001138,2025-03-24,2459.38,Late,Wire
PM0004060,P001138,2025-06-13,2459.38,Paid,Check
PM0004061,P001139,2023-01-12,426.79,Paid,ACH
PM0004062,P001139,2023-04-01,426.79,Refunded,Wire
PM0004063,P001139,2023-07-04,426.79,Paid,Wire
PM0004064,P001139,2023-10-04,426.79,Paid,Card
PM0004065,P001140,2023-09-07,1274.1,Paid,Wire
PM0004066,P001140,2023-12-19,1274.1,Paid,Wire
PM0004067,P001140,2024-03-09,1274.1,Paid,ACH
PM0004068,P001140,2024-06-06,1274.1,Paid,Check
PM0004069,P001141,2023-04-18,372.48,Paid,Card
PM0004070,P001141,2023-07-21,372.48,Paid,Check
PM0004071,P001141,2023-10-09,372.48,Paid,ACH
PM0004072,P001141,2024-01-01,372.48,Paid,Wire
PM0004073,P001142,2024-05-22,1841.18,Paid,ACH
PM0004074,P001142,2024-08-25,1841.18,Paid,Wire
PM0004075,P001142,2024-11-18,1841.18,Failed,Wire
PM0004076,P001142,2025-02-13,1841.18,Paid,Wire
PM0004077,P001143,2023-09-13,2546.64,Paid,Card
PM0004078,P001143,2024-03-02,2546.64,Paid,Check
PM0004079,P001143,2024-06-01,2546.64,Paid,Wire
PM0004080,P001144,2023-12-10,557.75,Paid,Card
PM0004081,P001144,2024-02-25,557.75,Paid,Check
PM0004082,P001144,2024-05-28,557.75,Paid,Check
PM0004083,P001144,2024-09-08,557.75,Late,Check
PM0004084,P001145,2023-01-30,1056.37,Paid,Wire
PM0004085,P001145,2023-04-27,1056.37,Paid,Check
PM0004086,P001145,2023-07-30,1056.37,Paid,ACH
PM0004087,P001145,2023-10-31,1056.37,Paid,Wire
PM0004088,P001146,2023-08-27,2562.58,Paid,ACH
PM0004089,P001146,2023-12-03,2562.58,Failed,Card
PM0004090,P001146,2024-03-09,2562.58,Paid,ACH
PM0004091,P001147,2023-06-12,414.64,Paid,ACH
PM0004092,P001147,2023-09-25,414.64,Paid,ACH
PM0004093,P001147,2023-12-21,414.64,Paid,Card
PM0004094,P001147,2024-03-26,414.64,Paid,Check
PM0004095,P001148,2024-07-11,783.37,Paid,ACH
PM0004096,P001148,2024-10-13,783.37,Paid,Card
PM0004097,P001148,2025-01-16,783.37,Paid,Card
PM0004098,P001148,2025-04-01,783.37,Paid,Check
PM0004099,P001149,2024-12-14,1862.32,Paid,Card
PM0004100,P001149,2025-03-22,1862.32,Paid,Wire
PM0004101,P001149,2025-06-13,1862.32,Paid,Wire
PM0004102,P001149,2025-09-11,1862.32,Paid,Wire
PM0004103,P001150,2023-11-30,291.03,Paid,Check
PM0004104,P001150,2024-02-26,291.03,Late,Wire
PM0004105,P001150,2024-05-24,291.03,Paid,Check
PM0004106,P001150,2024-09-03,291.03,Failed,Wire
PM0004107,P001151,2025-04-29,1526.58,Paid,ACH
PM0004108,P001151,2025-08-03,1526.58,Paid,Card
PM0004109,P001151,2025-10-19,1526.58,Paid,Check
PM0004110,P001152,2023-12-18,538.56,Paid,Check
PM0004111,P001152,2024-03-05,538.56,Paid,Check
PM0004112,P001152,2024-06-07,538.56,Paid,Wire
PM0004113,P001152,2024-09-07,538.56,Paid,Check
PM0004114,P001153,2025-03-14,449.76,Paid,Check
PM0004115,P001153,2025-06-27,449.76,Paid,Card
PM0004116,P001153,2025-09-11,449.76,Paid,Wire
PM0004117,P001153,2025-12-26,449.76,Paid,Wire
PM0004118,P001154,2025-06-04,1567.45,Paid,Wire
PM0004119,P001154,2025-12-03,1567.45,Paid,Card
PM0004120,P001155,2023-12-07,241.7,Paid,Card
PM0004121,P001155,2024-03-02,241.7,Paid,Card
PM0004122,P001155,2024-06-17,241.7,Late,ACH
PM0004123,P001155,2024-09-05,241.7,Failed,Card
PM0004124,P001156,2023-07-01,1216.54,Paid,Check
PM0004125,P001156,2023-09-13,1216.54,Paid,Check
PM0004126,P001156,2023-12-29,1216.54,Paid,Card
PM0004127,P001157,2025-01-27,1995.25,Paid,Wire
PM0004128,P001157,2025-05-04,1995.25,Failed,Card
PM0004129,P001157,2025-07-29,1995.25,Paid,Card
PM0004130,P001157,2025-10-15,1995.25,Paid,Wire
PM0004131,P001158,2023-08-15,783.27,Paid,Wire
PM0004132,P001158,2023-11-10,783.27,Paid,Wire
PM0004133,P001158,2024-02-13,783.27,Paid,ACH
PM0004134,P001159,2023-08-27,563.45,Paid,Wire
PM0004135,P001159,2023-12-06,563.45,Paid,Card
PM0004136,P001159,2024-03-03,563.45,Paid,Check
PM0004137,P001159,2024-05-24,563.45,Paid,ACH
PM0004138,P001160,2024-09-08,214.4,Paid,Card
PM0004139,P001160,2024-12-07,214.4,Paid,ACH
PM0004140,P001160,2025-03-09,214.4,Paid,Card
PM0004141,P001161,2023-10-24,334.83,Paid,ACH
PM0004142,P001161,2024-01-05,334.83,Paid,ACH
PM0004143,P001161,2024-04-03,334.83,Paid,Wire
PM0004144,P001162,2023-08-02,2234.17,Paid,Wire
PM0004145,P001162,2023-11-15,2234.17,Paid,Check
PM0004146,P001162,2024-01-30,2234.17,Paid,Card
PM0004147,P001162,2024-05-02,2234.17,Paid,Wire
PM0004148,P001163,2023-07-24,1239.95,Failed,Wire
PM0004149,P001163,2023-10-13,1239.95,Paid,Check
PM0004150,P001163,2024-01-12,1239.95,Paid,Wire
PM0004151,P001163,2024-04-04,1239.95,Paid,ACH
PM0004152,P001164,2023-09-25,368.11,Paid,Card
PM0004153,P001164,2023-12-16,368.11,Paid,ACH
PM0004154,P001164,2024-03-24,368.11,Paid,ACH
PM0004155,P001164,2024-06-15,368.11,Refunded,ACH
PM0004156,P001165,2023-03-02,378.67,Late,Wire
PM0004157,P001165,2023-09-18,378.67,Paid,Wire
PM0004158,P001165,2023-12-08,378.67,Paid,Card
PM0004159,P001166,2023-03-17,364.85,Paid,Check
PM0004160,P001166,2023-06-26,364.85,Paid,ACH
PM0004161,P001166,2023-09-19,364.85,Paid,Wire
PM0004162,P001166,2023-12-14,364.85,Paid,ACH
PM0004163,P001167,2025-03-03,2531.37,Paid,Card
PM0004164,P001167,2025-05-29,2531.37,Refunded,Wire
PM0004165,P001167,2025-08-27,2531.37,Paid,Check
PM0004166,P001167,2025-11-28,2531.37,Paid,Check
PM0004167,P001168,2024-06-12,381.47,Late,Wire
PM0004168,P001168,2024-09-13,381.47,Paid,ACH
PM0004169,P001168,2024-12-28,381.47,Late,Check
PM0004170,P001169,2024-11-23,314.34,Paid,Card
PM0004171,P001169,2025-02-20,314.34,Paid,Wire
PM0004172,P001169,2025-05-23,314.34,Paid,Card
PM0004173,P001169,2025-08-15,314.34,Paid,Wire
PM0004174,P001170,2025-03-24,2509.62,Paid,Card
PM0004175,P001170,2025-06-09,2509.62,Paid,ACH
PM0004176,P001170,2025-09-08,2509.62,Paid,Card
PM0004177,P001171,2023-08-02,253.49,Paid,ACH
PM0004178,P001171,2023-10-20,253.49,Paid,Wire
PM0004179,P001171,2024-01-26,253.49,Paid,ACH
PM0004180,P001172,2024-03-30,356.38,Paid,Card
PM0004181,P001172,2024-07-07,356.38,Failed,ACH
PM0004182,P001172,2024-09-27,356.38,Paid,Card
PM0004183,P001173,2023-11-29,1792.15,Paid,ACH
PM0004184,P001173,2024-02-23,1792.15,Paid,Check
PM0004185,P001173,2024-05-13,1792.15,Paid,Wire
PM0004186,P001173,2024-08-26,1792.15,Paid,ACH
PM0004187,P001174,2023-12-16,2632.24,Paid,Wire
PM0004188,P001174,2024-03-03,2632.24,Paid,Card
PM0004189,P001174,2024-06-12,2632.24,Paid,Card
PM0004190,P001175,2023-10-22,405.09,Paid,Card
PM0004191,P001175,2024-04-22,405.09,Failed,Check
PM0004192,P001175,2024-07-12,405.09,Paid,Wire
PM0004193,P001176,2024-02-17,847.79,Paid,Check
PM0004194,P001176,2024-05-14,847.79,Paid,Wire
PM0004195,P001176,2024-08-18,847.79,Paid,ACH
PM0004196,P001176,2024-11-15,847.79,Paid,Wire
PM0004197,P001177,2024-12-07,319.43,Paid,ACH
PM0004198,P001177,2025-03-09,319.43,Paid,Wire
PM0004199,P001177,2025-05-25,319.43,Paid,Check
PM0004200,P001177,2025-09-09,319.43,Paid,Check
PM0004201,P001178,2023-06-26,795.09,Paid,Check
PM0004202,P001178,2023-12-28,795.09,Paid,ACH
PM0004203,P001178,2024-03-24,795.09,Paid,ACH
PM0004204,P001179,2025-06-27,1346.0,Paid,Wire
PM0004205,P001179,2025-10-03,1346.0,Late,Wire
PM0004206,P001180,2023-10-19,1727.45,Paid,Card
PM0004207,P001180,2024-01-23,1727.45,Paid,Check
PM0004208,P001180,2024-04-17,1727.45,Paid,Wire
PM0004209,P001180,2024-07-11,1727.45,Paid,ACH
PM0004210,P001181,2025-05-07,1260.96,Paid,ACH
PM0004211,P001181,2025-07-28,1260.96,Paid,Check
PM0004212,P001182,2025-01-09,1418.9,Paid,Wire
PM0004213,P001182,2025-04-07,1418.9,Paid,Wire
PM0004214,P001182,2025-07-07,1418.9,Late,Card
PM0004215,P001183,2025-06-22,1929.77,Paid,ACH
PM0004216,P001183,2025-09-01,1929.77,Late,Card
PM0004217,P001183,2025-12-11,1929.77,Paid,Wire
PM0004218,P001184,2023-06-29,243.6,Late,Card
PM0004219,P001184,2023-10-08,243.6,Paid,Wire
PM0004220,P001184,2024-03-24,243.6,Paid,Wire
PM0004221,P001185,2023-04-24,690.33,Paid,ACH
PM0004222,P001185,2024-01-06,690.33,Late,Wire
PM0004223,P001186,2023-03-13,1769.06,Paid,Check
PM0004224,P001186,2023-06-15,1769.06,Paid,ACH
PM0004225,P001186,2023-09-09,1769.06,Paid,ACH
PM0004226,P001186,2023-12-04,1769.06,Paid,ACH
PM0004227,P001187,2024-11-21,368.47,Paid,Wire
PM0004228,P001187,2025-02-24,368.47,Paid,Card
PM0004229,P001187,2025-05-21,368.47,Late,Card
PM0004230,P001187,2025-08-15,368.47,Paid,ACH
PM0004231,P001188,2023-05-23,560.7,Paid,ACH
PM0004232,P001188,2023-11-24,560.7,Paid,Check
PM0004233,P001188,2024-02-13,560.7,Paid,ACH
PM0004234,P001189,2024-01-06,793.19,Paid,ACH
PM0004235,P001189,2024-04-02,793.19,Late,Wire
PM0004236,P001189,2024-07-01,793.19,Paid,ACH
PM0004237,P001189,2024-09-29,793.19,Refunded,Check
PM0004238,P001190,2024-07-28,2115.98,Paid,Card
PM0004239,P001190,2024-10-27,2115.98,Late,Wire
PM0004240,P001190,2025-01-31,2115.98,Paid,ACH
PM0004241,P001191,2024-12-19,483.79,Paid,Wire
PM0004242,P001191,2025-03-10,483.79,Paid,Wire
PM0004243,P001191,2025-06-15,483.79,Paid,ACH
PM0004244,P001191,2025-08-31,483.79,Paid,Wire
PM0004245,P001192,2025-01-29,256.89,Paid,Wire
PM0004246,P001192,2025-07-31,256.89,Paid,ACH
PM0004247,P001192,2025-10-31,256.89,Paid,Wire
PM0004248,P001193,2023-09-07,498.59,Paid,Check
PM0004249,P001193,2023-11-27,498.59,Paid,Wire
PM0004250,P001193,2024-03-08,498.59,Paid,Wire
PM0004251,P001193,2024-05-31,498.59,Paid,Check
PM0004252,P001194,2024-08-18,743.71,Paid,ACH
PM0004253,P001194,2024-11-26,743.71,Paid,ACH
PM0004254,P001194,2025-02-25,743.71,Paid,ACH
PM0004255,P001194,2025-05-23,743.71,Paid,Wire
PM0004256,P001195,2024-04-13,1369.44,Late,Card
PM0004257,P001195,2024-07-05,1369.44,Paid,Wire
PM0004258,P001195,2024-10-15,1369.44,Paid,Wire
PM0004259,P001196,2023-11-08,331.39,Paid,Wire
PM0004260,P001196,2024-05-08,331.39,Paid,Card
PM0004261,P001196,2024-08-14,331.39,Paid,Check
PM0004262,P001197,2024-03-18,550.8,Paid,ACH
PM0004263,P001197,2024-06-30,550.8,Paid,ACH
PM0004264,P001197,2024-09-27,550.8,Late,Card
PM0004265,P001197,2024-12-14,550.8,Paid,ACH
PM0004266,P001198,2024-10-30,380.06,Paid,Wire
PM0004267,P001198,2025-02-04,380.06,Paid,Wire
PM0004268,P001198,2025-05-08,380.06,Failed,Check
PM0004269,P001198,2025-07-25,380.06,Paid,ACH
PM0004270,P001199,2023-04-09,227.41,Paid,Wire
PM0004271,P001199,2023-07-03,227.41,Paid,Card
PM0004272,P001199,2023-09-27,227.41,Paid,Card
PM0004273,P001199,2024-01-04,227.41,Paid,Check
PM0004274,P001200,2023-02-06,302.23,Paid,Check
PM0004275,P001200,2023-04-20,302.23,Failed,Check
PM0004276,P001200,2023-08-02,302.23,Paid,ACH
PM0004277,P001200,2023-10-17,302.23,Paid,Card
PM0004278,P001201,2023-09-18,368.25,Paid,Wire
PM0004279,P001201,2024-01-02,368.25,Paid,Card
PM0004280,P001201,2024-04-02,368.25,Paid,Check
PM0004281,P001201,2024-07-02,368.25,Paid,ACH
PM0004282,P001202,2024-04-29,2128.15,Paid,Check
PM0004283,P001202,2024-08-11,2128.15,Paid,Check
PM0004284,P001202,2024-10-21,2128.15,Failed,Wire
PM0004285,P001203,2024-09-28,294.8,Paid,ACH
PM0004286,P001203,2024-12-29,294.8,Paid,Card
PM0004287,P001203,2025-04-10,294.8,Paid,Wire
PM0004288,P001203,2025-06-24,294.8,Paid,ACH
PM0004289,P001204,2023-06-04,636.75,Paid,Wire
PM0004290,P001204,2023-08-24,636.75,Paid,ACH
PM0004291,P001204,2023-12-01,636.75,Paid,Check
PM0004292,P001204,2024-02-17,636.75,Paid,ACH
PM0004293,P001205,2024-06-17,1904.91,Paid,Card
PM0004294,P001205,2024-09-16,1904.91,Paid,ACH
PM0004295,P001205,2024-12-06,1904.91,Refunded,ACH
PM0004296,P001205,2025-03-13,1904.91,Paid,Card
PM0004297,P001206,2025-05-25,471.11,Paid,ACH
PM0004298,P001206,2025-08-12,471.11,Paid,Wire
PM0004299,P001206,2025-11-19,471.11,Paid,Wire
PM0004300,P001207,2023-06-22,213.08,Paid,ACH
PM0004301,P001207,2023-09-23,213.08,Paid,Check
PM0004302,P001207,2023-12-27,213.08,Paid,Check
PM0004303,P001207,2024-03-09,213.08,Late,Check
PM0004304,P001208,2024-07-11,437.25,Paid,ACH
PM0004305,P001208,2024-10-09,437.25,Paid,Card
PM0004306,P001208,2025-03-30,437.25,Paid,Check
PM0004307,P001209,2023-10-05,1380.1,Paid,Check
PM0004308,P001209,2023-12-25,1380.1,Paid,Card
PM0004309,P001209,2024-04-09,1380.1,Paid,Card
PM0004310,P001209,2024-07-09,1380.1,Paid,ACH
PM0004311,P001210,2024-08-27,1040.84,Paid,ACH
PM0004312,P001210,2024-12-02,1040.84,Paid,Check
PM0004313,P001210,2025-03-11,1040.84,Failed,Card
PM0004314,P001210,2025-06-02,1040.84,Paid,Check
PM0004315,P001211,2025-06-25,1284.89,Paid,Check
PM0004316,P001211,2025-12-23,1284.89,Paid,ACH
PM0004317,P001212,2024-09-18,345.02,Paid,ACH
PM0004318,P001212,2024-12-21,345.02,Paid,Check
PM0004319,P001212,2025-03-23,345.02,Paid,Check
PM0004320,P001212,2025-06-09,345.02,Paid,Wire
PM0004321,P001213,2024-03-16,465.17,Paid,Wire
PM0004322,P001213,2024-06-18,465.17,Paid,Card
PM0004323,P001213,2024-09-11,465.17,Paid,ACH
PM0004324,P001213,2024-12-09,465.17,Late,ACH
PM0004325,P001214,2025-06-09,1054.42,Failed,Card
PM0004326,P001214,2025-08-31,1054.42,Paid,Check
PM0004327,P001214,2025-12-10,1054.42,Paid,Check
PM0004328,P001215,2024-03-04,487.96,Failed,Wire
PM0004329,P001215,2024-05-23,487.96,Paid,Check
PM0004330,P001215,2024-09-02,487.96,Late,ACH
PM0004331,P001215,2024-11-16,487.96,Paid,Check
PM0004332,P001216,2023-02-08,1390.12,Paid,Card
PM0004333,P001216,2023-05-06,1390.12,Paid,ACH
PM0004334,P001216,2023-08-04,1390.12,Late,Wire
PM0004335,P001216,2023-11-08,1390.12,Paid,ACH
PM0004336,P001217,2025-07-11,735.71,Paid,Check
PM0004337,P001217,2025-10-08,735.71,Paid,Card
PM0004338,P001217,2025-12-28,735.71,Paid,Check
PM0004339,P001218,2024-08-04,278.07,Paid,ACH
PM0004340,P001218,2024-11-04,278.07,Paid,ACH
PM0004341,P001218,2025-01-21,278.07,Paid,Card
PM0004342,P001218,2025-04-14,278.07,Paid,Card
PM0004343,P001219,2024-01-27,773.6,Paid,Wire
PM0004344,P001219,2024-04-12,773.6,Paid,Wire
PM0004345,P001219,2024-07-11,773.6,Paid,Check
PM0004346,P001219,2024-10-12,773.6,Paid,Wire
PM0004347,P001220,2025-01-22,1571.83,Paid,ACH
PM0004348,P001220,2025-04-16,1571.83,Paid,Wire
PM0004349,P001220,2025-10-04,1571.83,Failed,Check
PM0004350,P001221,2024-09-15,462.2,Paid,Wire
PM0004351,P001221,2024-12-05,462.2,Paid,Wire
PM0004352,P001221,2025-03-21,462.2,Paid,ACH
PM0004353,P001221,2025-06-03,462.2,Paid,Check
PM0004354,P001222,2024-04-02,221.45,Failed,Check
PM0004355,P001222,2024-06-29,221.45,Paid,Wire
PM0004356,P001222,2024-09-21,221.45,Paid,Card
PM0004357,P001222,2024-12-29,221.45,Late,Check
PM0004358,P001223,2023-11-09,158.24,Paid,ACH
PM0004359,P001223,2024-01-18,158.24,Paid,Check
PM0004360,P001223,2024-04-26,158.24,Paid,Wire
PM0004361,P001223,2024-07-19,158.24,Late,ACH
PM0004362,P001224,2024-05-23,427.02,Paid,Wire
PM0004363,P001224,2024-08-23,427.02,Paid,ACH
PM0004364,P001224,2024-11-05,427.02,Paid,Check
PM0004365,P001224,2025-02-04,427.02,Late,Check
PM0004366,P001225,2025-01-23,257.38,Paid,Wire
PM0004367,P001225,2025-04-25,257.38,Paid,Wire
PM0004368,P001225,2025-07-24,257.38,Paid,Check
PM0004369,P001225,2025-10-23,257.38,Paid,Card
PM0004370,P001226,2024-03-18,1790.87,Paid,Card
PM0004371,P001226,2024-06-09,1790.87,Paid,Check
PM0004372,P001226,2024-09-09,1790.87,Paid,Wire
PM0004373,P001226,2024-12-13,1790.87,Late,Check
PM0004374,P001227,2024-12-23,633.88,Paid,ACH
PM0004375,P001227,2025-03-31,633.88,Paid,Card
PM0004376,P001227,2025-06-24,633.88,Paid,ACH
PM0004377,P001227,2025-09-15,633.88,Paid,Card
PM0004378,P001228,2023-11-12,709.65,Paid,Check
PM0004379,P001228,2024-05-19,709.65,Paid,ACH
PM0004380,P001228,2024-08-08,709.65,Paid,Card
PM0004381,P001229,2025-06-16,1392.81,Late,Check
PM0004382,P001229,2025-09-20,1392.81,Paid,ACH
PM0004383,P001229,2025-12-28,1392.81,Paid,Card
PM0004384,P001230,2024-03-04,2110.42,Late,Card
PM0004385,P001230,2024-05-22,2110.42,Paid,ACH
PM0004386,P001230,2024-08-25,2110.42,Paid,ACH
PM0004387,P001230,2024-12-06,2110.42,Paid,Check
PM0004388,P001231,2023-04-29,196.86,Paid,ACH
PM0004389,P001231,2023-10-21,196.86,Paid,Card
PM0004390,P001232,2024-08-29,2105.49,Paid,Check
PM0004391,P001232,2024-11-25,2105.49,Paid,Card
PM0004392,P001232,2025-02-20,2105.49,Paid,Card
PM0004393,P001233,2023-11-12,1877.82,Paid,ACH
PM0004394,P001233,2024-02-05,1877.82,Paid,ACH
PM0004395,P001233,2024-05-18,1877.82,Paid,Card
PM0004396,P001233,2024-08-05,1877.82,Paid,Card
PM0004397,P001234,2025-04-24,2338.95,Paid,ACH
PM0004398,P001234,2025-07-20,2338.95,Paid,Card
PM0004399,P001234,2025-10-18,2338.95,Paid,Wire
PM0004400,P001235,2024-10-21,436.75,Paid,Check
PM0004401,P001235,2025-01-20,436.75,Paid,Card
PM0004402,P001235,2025-07-27,436.75,Paid,Wire
PM0004403,P001236,2023-07-29,952.63,Paid,Wire
PM0004404,P001236,2023-11-07,952.63,Paid,Card
PM0004405,P001236,2024-01-27,952.63,Paid,Card
PM0004406,P001236,2024-05-02,952.63,Paid,Wire
PM0004407,P001237,2025-01-02,2632.37,Paid,Check
PM0004408,P001237,2025-03-29,2632.37,Paid,Wire
PM0004409,P001237,2025-09-28,2632.37,Paid,Card
PM0004410,P001238,2025-03-19,1310.85,Paid,Card
PM0004411,P001238,2025-06-30,1310.85,Paid,Wire
PM0004412,P001238,2025-09-13,1310.85,Paid,Wire
PM0004413,P001238,2025-12-23,1310.85,Paid,Check
PM0004414,P001239,2025-04-25,426.43,Paid,Wire
PM0004415,P001239,2025-10-20,426.43,Paid,Wire
PM0004416,P001240,2023-05-03,1422.19,Paid,Check
PM0004417,P001240,2023-08-06,1422.19,Paid,Wire
PM0004418,P001240,2023-11-14,1422.19,Refunded,Check
PM0004419,P001240,2024-02-07,1422.19,Late,Check
PM0004420,P001241,2023-08-23,505.5,Paid,Card
PM0004421,P001241,2023-11-28,505.5,Paid,Wire
PM0004422,P001241,2024-02-11,505.5,Paid,ACH
PM0004423,P001241,2024-05-26,505.5,Paid,Wire
PM0004424,P001242,2024-04-10,167.49,Paid,Check
PM0004425,P001242,2024-06-30,167.49,Paid,Card
PM0004426,P001242,2024-10-05,167.49,Paid,Check
PM0004427,P001243,2024-12-24,1315.37,Paid,ACH
PM0004428,P001243,2025-03-17,1315.37,Paid,Wire
PM0004429,P001243,2025-06-16,1315.37,Paid,Check
PM0004430,P001244,2024-04-28,2221.67,Paid,ACH
PM0004431,P001244,2024-08-09,2221.67,Paid,Wire
PM0004432,P001244,2024-10-19,2221.67,Paid,Wire
PM0004433,P001244,2025-01-22,2221.67,Paid,Check
PM0004434,P001245,2023-11-05,186.03,Paid,ACH
PM0004435,P001245,2024-01-31,186.03,Paid,ACH
PM0004436,P001245,2024-04-30,186.03,Paid,Wire
PM0004437,P001245,2024-08-15,186.03,Paid,Card
PM0004438,P001246,2025-01-04,349.98,Paid,ACH
PM0004439,P001246,2025-04-06,349.98,Paid,ACH
PM0004440,P001246,2025-07-04,349.98,Refunded,Card
PM0004441,P001246,2025-09-22,349.98,Paid,Card
PM0004442,P001247,2023-11-23,1722.88,Paid,Card
PM0004443,P001247,2024-03-03,1722.88,Late,Check
PM0004444,P001247,2024-05-14,1722.88,Paid,ACH
PM0004445,P001247,2024-08-23,1722.88,Paid,Check
PM0004446,P001248,2025-03-31,290.23,Paid,Check
PM0004447,P001248,2025-06-18,290.23,Failed,ACH
PM0004448,P001248,2025-09-26,290.23,Paid,Check
PM0004449,P001248,2025-12-22,290.23,Paid,Card
PM0004450,P001249,2024-07-02,1398.9,Paid,Check
PM0004451,P001249,2024-09-26,1398.9,Refunded,Card
PM0004452,P001249,2025-01-02,1398.9,Paid,Wire
PM0004453,P001249,2025-03-31,1398.9,Paid,Wire
PM0004454,P001250,2024-01-30,2774.23,Paid,Card
PM0004455,P001250,2024-05-01,2774.23,Paid,Check
PM0004456,P001250,2024-07-23,2774.23,Paid,ACH
PM0004457,P001250,2024-10-21,2774.23,Paid,Wire
PM0004458,P001251,2023-08-23,2229.41,Paid,Wire
PM0004459,P001251,2023-11-26,2229.41,Paid,Check
PM0004460,P001251,2024-02-21,2229.41,Paid,Card
PM0004461,P001251,2024-05-19,2229.41,Paid,Wire
PM0004462,P001252,2024-01-30,325.17,Paid,ACH
PM0004463,P001252,2024-04-22,325.17,Paid,Card
PM0004464,P001252,2024-08-03,325.17,Paid,Card
PM0004465,P001252,2024-10-29,325.17,Paid,Card
PM0004466,P001253,2024-01-01,734.09,Paid,ACH
PM0004467,P001253,2024-03-29,734.09,Refunded,Wire
PM0004468,P001253,2024-07-09,734.09,Paid,ACH
PM0004469,P001253,2024-09-30,734.09,Late,Wire
PM0004470,P001254,2023-01-26,316.81,Paid,Card
PM0004471,P001254,2023-05-11,316.81,Late,ACH
PM0004472,P001254,2023-08-10,316.81,Paid,Wire
PM0004473,P001254,2023-11-11,316.81,Paid,Check
PM0004474,P001255,2023-11-28,919.85,Paid,Check
PM0004475,P001255,2024-02-25,919.85,Paid,Card
PM0004476,P001255,2024-06-07,919.85,Paid,Wire
PM0004477,P001255,2024-08-23,919.85,Paid,ACH
PM0004478,P001256,2024-09-23,1686.31,Late,ACH
PM0004479,P001256,2024-12-24,1686.31,Paid,Check
PM0004480,P001256,2025-03-30,1686.31,Paid,Card
PM0004481,P001256,2025-06-19,1686.31,Paid,Check
PM0004482,P001257,2024-07-07,410.31,Paid,Check
PM0004483,P001257,2024-12-23,410.31,Paid,Wire
PM0004484,P001257,2025-04-06,410.31,Paid,Check
PM0004485,P001258,2023-07-26,351.81,Paid,Card
PM0004486,P001258,2023-11-09,351.81,Paid,Card
PM0004487,P001258,2024-02-01,351.81,Paid,Wire
PM0004488,P001258,2024-04-25,351.81,Late,Card
PM0004489,P001259,2023-06-25,168.73,Paid,Check
PM0004490,P001259,2023-09-23,168.73,Paid,Card
PM0004491,P001259,2024-03-17,168.73,Paid,Check
PM0004492,P001260,2023-11-16,1574.68,Paid,Wire
PM0004493,P001260,2024-02-07,1574.68,Paid,Card
PM0004494,P001260,2024-05-24,1574.68,Paid,Card
PM0004495,P001260,2024-08-08,1574.68,Late,Check
PM0004496,P001261,2023-04-07,617.89,Paid,ACH
PM0004497,P001261,2023-06-29,617.89,Paid,Check
PM0004498,P001261,2024-01-01,617.89,Paid,Check
PM0004499,P001262,2023-10-26,1424.86,Failed,ACH
PM0004500,P001262,2024-02-09,1424.86,Paid,Wire
PM0004501,P001262,2024-05-12,1424.86,Paid,Card
PM0004502,P001262,2024-07-28,1424.86,Paid,Check
PM0004503,P001263,2023-05-19,390.46,Paid,Card
PM0004504,P001263,2023-08-18,390.46,Paid,Check
PM0004505,P001263,2023-11-12,390.46,Paid,Wire
PM0004506,P001263,2024-02-25,390.46,Paid,Wire
PM0004507,P001264,2024-11-05,536.03,Paid,Card
PM0004508,P001264,2025-01-27,536.03,Paid,ACH
PM0004509,P001264,2025-05-09,536.03,Paid,Check
PM0004510,P001264,2025-07-29,536.03,Paid,Card
PM0004511,P001265,2023-10-05,1131.33,Late,ACH
PM0004512,P001265,2024-01-08,1131.33,Paid,Card
PM0004513,P001265,2024-04-09,1131.33,Paid,Wire
PM0004514,P001265,2024-07-01,1131.33,Paid,Card
PM0004515,P001266,2025-01-11,752.97,Paid,ACH
PM0004516,P001266,2025-03-24,752.97,Paid,Card
PM0004517,P001266,2025-06-24,752.97,Paid,ACH
PM0004518,P001266,2025-09-26,752.97,Paid,Card
PM0004519,P001267,2023-06-06,323.98,Paid,Wire
PM0004520,P001267,2023-09-09,323.98,Paid,Card
PM0004521,P001267,2023-12-14,323.98,Paid,Wire
PM0004522,P001267,2024-03-02,323.98,Paid,Card
PM0004523,P001268,2023-07-13,755.29,Late,ACH
PM0004524,P001268,2023-10-21,755.29,Paid,Wire
PM0004525,P001268,2024-01-11,755.29,Paid,Card
PM0004526,P001268,2024-04-28,755.29,Paid,Check
PM0004527,P001269,2025-05-06,239.53,Paid,Card
PM0004528,P001269,2025-08-09,239.53,Paid,Check
PM0004529,P001269,2025-11-08,239.53,Paid,Wire
PM0004530,P001270,2024-09-17,345.27,Paid,Card
PM0004531,P001270,2024-12-15,345.27,Paid,Wire
PM0004532,P001270,2025-03-12,345.27,Paid,Wire
PM0004533,P001270,2025-06-25,345.27,Paid,Card
PM0004534,P001271,2025-02-26,1123.87,Failed,ACH
PM0004535,P001271,2025-05-21,1123.87,Paid,Wire
PM0004536,P001271,2025-08-13,1123.87,Paid,ACH
PM0004537,P001271,2025-11-21,1123.87,Paid,Check
PM0004538,P001272,2024-08-28,387.83,Paid,ACH
PM0004539,P001272,2025-03-02,387.83,Paid,Check
PM0004540,P001272,2025-06-08,387.83,Paid,Wire
PM0004541,P001273,2023-09-20,396.25,Paid,Check
PM0004542,P001273,2023-12-16,396.25,Paid,Check
PM0004543,P001273,2024-03-07,396.25,Paid,Card
PM0004544,P001273,2024-06-05,396.25,Paid,ACH
PM0004545,P001274,2024-01-09,1483.92,Paid,Wire
PM0004546,P001274,2024-03-20,1483.92,Paid,Check
PM0004547,P001274,2024-09-17,1483.92,Paid,Check
PM0004548,P001275,2024-06-29,1109.08,Paid,Card
PM0004549,P001275,2024-09-10,1109.08,Paid,Wire
PM0004550,P001275,2024-12-22,1109.08,Paid,Card
PM0004551,P001275,2025-03-19,1109.08,Paid,ACH
PM0004552,P001276,2023-09-29,909.77,Paid,Card
PM0004553,P001277,2024-06-01,1322.2,Paid,Check
PM0004554,P001277,2024-08-20,1322.2,Paid,ACH
PM0004555,P001277,2024-11-28,1322.2,Paid,ACH
PM0004556,P001277,2025-02-12,1322.2,Paid,Check
PM0004557,P001278,2023-12-17,444.76,Paid,ACH
PM0004558,P001278,2024-03-09,444.76,Paid,Wire
PM0004559,P001278,2024-09-20,444.76,Paid,Check
PM0004560,P001279,2023-11-06,538.75,Late,Check
PM0004561,P001279,2024-01-29,538.75,Paid,Wire
PM0004562,P001279,2024-04-24,538.75,Paid,ACH
PM0004563,P001279,2024-07-14,538.75,Paid,Check
PM0004564,P001280,2023-04-09,541.85,Paid,Wire
PM0004565,P001280,2023-07-12,541.85,Failed,Card
PM0004566,P001280,2023-09-21,541.85,Paid,Check
PM0004567,P001280,2023-12-21,541.85,Paid,Card
PM0004568,P001281,2023-03-21,897.65,Paid,Check
PM0004569,P001281,2023-06-07,897.65,Paid,ACH
PM0004570,P001281,2023-09-18,897.65,Late,ACH
PM0004571,P001281,2023-12-03,897.65,Paid,ACH
PM0004572,P001282,2024-11-16,262.7,Paid,ACH
PM0004573,P001282,2025-02-27,262.7,Paid,Card
PM0004574,P001282,2025-05-31,262.7,Paid,Card
PM0004575,P001282,2025-08-14,262.7,Paid,Wire
PM0004576,P001283,2024-01-27,1127.06,Paid,Wire
PM0004577,P001283,2024-04-28,1127.06,Paid,Wire
PM0004578,P001283,2024-08-01,1127.06,Paid,Wire
PM0004579,P001283,2024-11-03,1127.06,Paid,ACH
PM0004580,P001284,2023-12-17,452.72,Paid,ACH
PM0004581,P001284,2024-03-14,452.72,Paid,Wire
PM0004582,P001284,2024-06-08,452.72,Paid,Wire
PM0004583,P001284,2024-09-18,452.72,Paid,Card
PM0004584,P001285,2025-03-20,366.93,Paid,Card
PM0004585,P001285,2025-06-26,366.93,Paid,Check
PM0004586,P001285,2025-09-23,366.93,Paid,Wire
PM0004587,P001285,2025-12-25,366.93,Paid,Check
PM0004588,P001286,2024-02-27,1777.45,Paid,Wire
PM0004589,P001286,2024-05-11,1777.45,Failed,Wire
PM0004590,P001286,2024-08-20,1777.45,Paid,Wire
PM0004591,P001286,2024-11-16,1777.45,Late,Wire
PM0004592,P001287,2023-05-10,402.85,Paid,Wire
PM0004593,P001287,2023-08-06,402.85,Paid,Check
PM0004594,P001287,2023-11-10,402.85,Paid,Card
PM0004595,P001287,2024-01-27,402.85,Paid,Wire
PM0004596,P001288,2025-04-14,1482.95,Paid,Wire
PM0004597,P001288,2025-07-20,1482.95,Paid,Card
PM0004598,P001288,2025-10-14,1482.95,Refunded,Wire
PM0004599,P001289,2023-04-15,927.82,Paid,Card
PM0004600,P001289,2023-07-20,927.82,Paid,Wire
PM0004601,P001289,2024-01-05,927.82,Paid,Check
PM0004602,P001290,2023-02-21,668.07,Late,Check
PM0004603,P001290,2023-05-06,668.07,Failed,Wire
PM0004604,P001290,2023-08-19,668.07,Paid,Wire
PM0004605,P001290,2023-11-22,668.07,Paid,Check
PM0004606,P001291,2023-12-18,215.37,Paid,Check
PM0004607,P001291,2024-03-13,215.37,Paid,Wire
PM0004608,P001291,2024-06-08,215.37,Paid,Card
PM0004609,P001291,2024-09-03,215.37,Paid,Wire
PM0004610,P001292,2024-10-25,161.99,Paid,Check
PM0004611,P001292,2025-02-05,161.99,Paid,ACH
PM0004612,P001292,2025-05-05,161.99,Paid,Check
PM0004613,P001292,2025-08-08,161.99,Paid,Card
PM0004614,P001293,2025-01-08,155.3,Paid,Card
PM0004615,P001293,2025-04-19,155.3,Paid,ACH
PM0004616,P001293,2025-07-04,155.3,Paid,Wire
PM0004617,P001293,2025-10-09,155.3,Paid,ACH
PM0004618,P001294,2024-10-28,1749.22,Paid,Check
PM0004619,P001294,2025-01-23,1749.22,Paid,Wire
PM0004620,P001294,2025-04-28,1749.22,Paid,ACH
PM0004621,P001295,2023-02-18,669.52,Paid,Check
PM0004622,P001295,2023-06-02,669.52,Paid,Card
PM0004623,P001295,2023-08-19,669.52,Paid,ACH
PM0004624,P001295,2023-11-16,669.52,Paid,Check
PM0004625,P001296,2023-05-07,683.23,Paid,Card
PM0004626,P001296,2023-08-02,683.23,Paid,Wire
PM0004627,P001296,2023-10-22,683.23,Paid,Check
PM0004628,P001296,2024-01-17,683.23,Paid,Wire
PM0004629,P001297,2023-11-04,321.47,Paid,Wire
PM0004630,P001297,2024-02-14,321.47,Paid,Check
PM0004631,P001297,2024-05-09,321.47,Paid,Wire
PM0004632,P001297,2024-07-28,321.47,Paid,Check
PM0004633,P001298,2023-07-20,241.84,Paid,Card
PM0004634,P001298,2023-10-13,241.84,Paid,Check
PM0004635,P001298,2024-01-20,241.84,Paid,Check
PM0004636,P001299,2023-03-25,153.61,Paid,Card
PM0004637,P001299,2023-06-23,153.61,Paid,Wire
PM0004638,P001299,2023-10-02,153.61,Late,ACH
PM0004639,P001300,2024-03-13,234.31,Paid,ACH
PM0004640,P001300,2024-06-05,234.31,Paid,Check
PM0004641,P001300,2024-09-11,234.31,Paid,Wire
PM0004642,P001300,2024-12-08,234.31,Paid,Card
PM0004643,P001301,2024-11-20,695.67,Paid,Wire
PM0004644,P001301,2025-02-03,695.67,Paid,ACH
PM0004645,P001301,2025-05-12,695.67,Paid,ACH
PM0004646,P001301,2025-08-05,695.67,Paid,Card
PM0004647,P001302,2025-06-19,2512.32,Paid,Card
PM0004648,P001302,2025-09-26,2512.32,Refunded,Card
PM0004649,P001302,2025-12-18,2512.32,Paid,ACH
PM0004650,P001303,2024-07-31,1318.8,Paid,Card
PM0004651,P001303,2024-11-15,1318.8,Paid,Wire
PM0004652,P001303,2025-02-05,1318.8,Paid,Card
PM0004653,P001304,2023-08-22,1592.24,Paid,Card
PM0004654,P001304,2023-11-27,1592.24,Paid,Check
PM0004655,P001304,2024-02-25,1592.24,Paid,ACH
PM0004656,P001305,2024-05-29,416.98,Paid,Wire
PM0004657,P001305,2024-08-28,416.98,Paid,Wire
PM0004658,P001305,2024-11-26,416.98,Paid,Check
PM0004659,P001305,2025-02-07,416.98,Late,Card
PM0004660,P001306,2023-01-28,1704.42,Paid,Check
PM0004661,P001306,2023-04-24,1704.42,Paid,Card
PM0004662,P001306,2023-07-11,1704.42,Paid,Card
PM0004663,P001306,2023-10-25,1704.42,Paid,Wire
PM0004664,P001307,2023-08-27,1189.75,Paid,Card
PM0004665,P001307,2023-11-25,1189.75,Paid,Wire
PM0004666,P001307,2024-02-15,1189.75,Paid,Check
PM0004667,P001307,2024-05-28,1189.75,Paid,Wire
PM0004668,P001308,2023-06-05,540.12,Paid,Wire
PM0004669,P001308,2023-09-10,540.12,Paid,ACH
PM0004670,P001308,2023-11-30,540.12,Late,Check
PM0004671,P001308,2024-02-25,540.12,Paid,Check
PM0004672,P001309,2023-10-18,1083.68,Paid,Card
PM0004673,P001309,2024-01-27,1083.68,Paid,Check
PM0004674,P001309,2024-04-19,1083.68,Paid,ACH
PM0004675,P001309,2024-07-21,1083.68,Paid,Wire
PM0004676,P001310,2024-08-18,1868.92,Paid,ACH
PM0004677,P001310,2024-11-14,1868.92,Late,Card
PM0004678,P001310,2025-02-03,1868.92,Paid,Check
PM0004679,P001310,2025-05-09,1868.92,Paid,Check
PM0004680,P001311,2024-09-20,789.81,Paid,ACH
PM0004681,P001311,2024-12-22,789.81,Late,ACH
PM0004682,P001311,2025-03-14,789.81,Late,Wire
PM0004683,P001311,2025-06-09,789.81,Paid,Check
PM0004684,P001312,2024-10-13,692.0,Paid,Card
PM0004685,P001312,2025-01-19,692.0,Paid,Check
PM0004686,P001312,2025-04-07,692.0,Paid,Wire
PM0004687,P001312,2025-07-11,692.0,Paid,ACH
PM0004688,P001313,2023-03-22,901.46,Paid,Card
PM0004689,P001313,2023-06-15,901.46,Paid,Wire
PM0004690,P001313,2023-09-26,901.46,Paid,ACH
PM0004691,P001313,2023-12-28,901.46,Late,Wire
PM0004692,P001314,2025-02-13,1196.69,Paid,Card
PM0004693,P001314,2025-05-19,1196.69,Paid,Card
PM0004694,P001314,2025-08-22,1196.69,Failed,Wire
PM0004695,P001314,2025-11-19,1196.69,Paid,Check
PM0004696,P001315,2023-05-03,776.26,Paid,Card
PM0004697,P001315,2023-07-24,776.26,Paid,Check
PM0004698,P001315,2023-11-02,776.26,Refunded,ACH
PM0004699,P001315,2024-01-18,776.26,Paid,Check
PM0004700,P001316,2024-09-20,1913.65,Paid,Check
PM0004701,P001316,2024-12-10,1913.65,Paid,ACH
PM0004702,P001316,2025-03-16,1913.65,Paid,ACH
PM0004703,P001317,2024-03-28,348.08,Late,Wire
PM0004704,P001317,2024-07-05,348.08,Paid,Card
PM0004705,P001317,2024-09-24,348.08,Paid,Card
PM0004706,P001317,2024-12-18,348.08,Paid,ACH
PM0004707,P001318,2023-11-06,275.24,Paid,Card
PM0004708,P001318,2024-02-01,275.24,Paid,Wire
PM0004709,P001318,2024-04-18,275.24,Paid,ACH
PM0004710,P001318,2024-08-02,275.24,Paid,Check
PM0004711,P001319,2024-07-24,2114.09,Paid,Card
PM0004712,P001319,2024-10-10,2114.09,Paid,Check
PM0004713,P001319,2025-04-06,2114.09,Paid,Wire
PM0004714,P001320,2023-01-08,289.85,Paid,ACH
PM0004715,P001320,2023-03-30,289.85,Paid,Card
PM0004716,P001320,2023-07-14,289.85,Paid,Check
PM0004717,P001321,2025-07-13,594.46,Paid,Wire
PM0004718,P001321,2025-10-04,594.46,Failed,Wire
PM0004719,P001321,2025-12-26,594.46,Paid,Wire
PM0004720,P001322,2023-12-05,387.21,Paid,ACH
PM0004721,P001322,2024-02-26,387.21,Paid,ACH
PM0004722,P001322,2024-05-30,387.21,Late,ACH
PM0004723,P001322,2024-08-19,387.21,Paid,Check
PM0004724,P001323,2024-08-24,475.93,Paid,ACH
PM0004725,P001323,2024-12-11,475.93,Paid,Wire
PM0004726,P001323,2025-02-22,475.93,Failed,Wire
PM0004727,P001323,2025-05-23,475.93,Paid,Card
PM0004728,P001324,2024-09-09,298.11,Paid,Check
PM0004729,P001324,2024-12-01,298.11,Paid,Card
PM0004730,P001324,2025-03-13,298.11,Paid,ACH
PM0004731,P001324,2025-06-02,298.11,Paid,Wire
PM0004732,P001325,2025-02-25,1220.03,Paid,Wire
PM0004733,P001325,2025-06-06,1220.03,Paid,ACH
PM0004734,P001325,2025-09-04,1220.03,Late,Wire
PM0004735,P001325,2025-12-07,1220.03,Paid,Card
PM0004736,P001326,2025-04-05,323.49,Paid,Card
PM0004737,P001326,2025-07-13,323.49,Paid,Check
PM0004738,P001326,2025-10-03,323.49,Paid,ACH
PM0004739,P001327,2025-05-21,1818.09,Paid,Wire
PM0004740,P001327,2025-08-14,1818.09,Paid,Card
PM0004741,P001327,2025-11-14,1818.09,Late,Wire
PM0004742,P001328,2025-03-23,414.23,Paid,ACH
PM0004743,P001328,2025-07-01,414.23,Paid,Check
PM0004744,P001328,2025-09-18,414.23,Paid,ACH
PM0004745,P001329,2023-10-29,248.58,Paid,ACH
PM0004746,P001329,2024-01-28,248.58,Paid,Check
PM0004747,P001329,2024-05-05,248.58,Paid,ACH
PM0004748,P001329,2024-07-31,248.58,Refunded,Wire
PM0004749,P001330,2023-07-02,555.3,Paid,ACH
PM0004750,P001330,2023-10-03,555.3,Paid,Wire
PM0004751,P001330,2024-04-11,555.3,Late,Check
PM0004752,P001331,2024-09-18,319.03,Paid,Check
PM0004753,P001331,2024-12-28,319.03,Paid,Wire
PM0004754,P001331,2025-03-23,319.03,Paid,Wire
PM0004755,P001331,2025-06-30,319.03,Paid,Card
PM0004756,P001332,2024-04-13,298.92,Paid,ACH
PM0004757,P001332,2024-12-25,298.92,Paid,ACH
PM0004758,P001333,2025-05-09,1450.99,Paid,ACH
PM0004759,P001333,2025-08-19,1450.99,Paid,Check
PM0004760,P001333,2025-11-01,1450.99,Paid,Check
PM0004761,P001334,2024-06-12,1355.7,Paid,ACH
PM0004762,P001334,2024-09-13,1355.7,Paid,Card
PM0004763,P001334,2024-12-07,1355.7,Paid,Check
PM0004764,P001334,2025-03-09,1355.7,Paid,Card
PM0004765,P001335,2024-06-30,2502.34,Paid,Card
PM0004766,P001335,2024-09-22,2502.34,Paid,Check
PM0004767,P001335,2025-03-18,2502.34,Paid,Wire
PM0004768,P001336,2025-03-12,2300.34,Late,Card
PM0004769,P001336,2025-06-06,2300.34,Paid,Check
PM0004770,P001336,2025-08-24,2300.34,Paid,ACH
PM0004771,P001336,2025-12-04,2300.34,Late,Wire
PM0004772,P001337,2025-02-21,467.3,Paid,Wire
PM0004773,P001337,2025-05-14,467.3,Paid,Card
PM0004774,P001338,2023-07-29,447.6,Paid,Wire
PM0004775,P001338,2023-10-16,447.6,Paid,Wire
PM0004776,P001338,2024-01-13,447.6,Paid,Wire
PM0004777,P001338,2024-04-15,447.6,Paid,Card
PM0004778,P001339,2023-04-20,1539.65,Paid,ACH
PM0004779,P001339,2023-07-15,1539.65,Paid,Check
PM0004780,P001339,2023-10-10,1539.65,Paid,Check
PM0004781,P001339,2024-01-11,1539.65,Paid,Card
PM0004782,P001340,2023-04-03,1164.8,Paid,Check
PM0004783,P001340,2023-07-18,1164.8,Paid,ACH
PM0004784,P001340,2024-01-11,1164.8,Paid,Wire
PM0004785,P001341,2023-03-23,492.08,Failed,Card
PM0004786,P001341,2023-07-11,492.08,Paid,Check
PM0004787,P001341,2023-09-30,492.08,Paid,ACH
PM0004788,P001341,2024-01-03,492.08,Paid,ACH
PM0004789,P001342,2023-10-16,1997.76,Late,Wire
PM0004790,P001342,2023-12-29,1997.76,Paid,Check
PM0004791,P001342,2024-07-13,1997.76,Paid,Check
PM0004792,P001343,2024-07-09,1378.74,Paid,ACH
PM0004793,P001343,2024-12-31,1378.74,Paid,ACH
PM0004794,P001344,2023-10-17,402.26,Refunded,Wire
PM0004795,P001344,2024-01-12,402.26,Paid,Check
PM0004796,P001344,2024-04-05,402.26,Late,Wire
PM0004797,P001344,2024-07-11,402.26,Paid,Card
PM0004798,P001345,2025-03-22,649.05,Paid,Check
PM0004799,P001345,2025-06-14,649.05,Paid,Card
PM0004800,P001345,2025-09-06,649.05,Paid,ACH
PM0004801,P001346,2024-10-10,1423.84,Paid,Check
PM0004802,P001346,2025-01-19,1423.84,Paid,ACH
PM0004803,P001346,2025-04-05,1423.84,Paid,Check
PM0004804,P001346,2025-07-07,1423.84,Paid,Card
PM0004805,P001347,2023-03-05,223.45,Paid,Wire
PM0004806,P001347,2023-05-31,223.45,Paid,ACH
PM0004807,P001347,2023-09-02,223.45,Paid,ACH
PM0004808,P001347,2023-11-24,223.45,Paid,Check
PM0004809,P001348,2023-09-28,1524.52,Paid,Card
PM0004810,P001348,2023-12-28,1524.52,Paid,Check
PM0004811,P001348,2024-04-02,1524.52,Paid,ACH
PM0004812,P001348,2024-06-29,1524.52,Paid,Card
PM0004813,P001349,2024-01-03,416.1,Paid,Card
PM0004814,P001349,2024-04-10,416.1,Paid,ACH
PM0004815,P001349,2024-07-07,416.1,Paid,ACH
PM0004816,P001349,2024-10-05,416.1,Paid,Card
PM0004817,P001350,2024-06-28,1047.62,Failed,ACH
PM0004818,P001350,2024-10-01,1047.62,Paid,Wire
PM0004819,P001350,2024-12-23,1047.62,Paid,Wire
PM0004820,P001350,2025-03-13,1047.62,Paid,Card
PM0004821,P001351,2023-08-25,1119.13,Late,Check
PM0004822,P001351,2023-12-04,1119.13,Failed,Check
PM0004823,P001351,2024-05-15,1119.13,Paid,ACH
PM0004824,P001352,2023-02-21,2754.39,Paid,Card
PM0004825,P001352,2023-05-25,2754.39,Paid,ACH
PM0004826,P001352,2023-08-25,2754.39,Paid,Wire
PM0004827,P001353,2025-05-13,294.25,Paid,Card
PM0004828,P001353,2025-08-10,294.25,Paid,ACH
PM0004829,P001353,2025-11-03,294.25,Paid,Wire
PM0004830,P001354,2024-04-07,1881.65,Paid,Card
PM0004831,P001354,2024-07-10,1881.65,Refunded,Check
PM0004832,P001354,2024-10-08,1881.65,Paid,ACH
PM0004833,P001354,2024-12-31,1881.65,Paid,ACH
PM0004834,P001355,2025-01-28,374.96,Paid,Card
PM0004835,P001355,2025-04-27,374.96,Failed,Wire
PM0004836,P001355,2025-08-09,374.96,Paid,Check
PM0004837,P001355,2025-10-22,374.96,Failed,Card
PM0004838,P001356,2025-02-08,534.33,Paid,Card
PM0004839,P001356,2025-05-11,534.33,Failed,ACH
PM0004840,P001356,2025-07-23,534.33,Paid,ACH
PM0004841,P001356,2025-11-04,534.33,Late,Card
PM0004842,P001357,2024-10-20,386.25,Paid,Check
PM0004843,P001357,2025-01-26,386.25,Paid,Wire
PM0004844,P001357,2025-04-16,386.25,Paid,Wire
PM0004845,P001357,2025-07-16,386.25,Late,Check
PM0004846,P001358,2024-06-06,1614.45,Paid,ACH
PM0004847,P001358,2024-08-22,1614.45,Paid,Check
PM0004848,P001358,2024-11-24,1614.45,Failed,Card
PM0004849,P001358,2025-02-14,1614.45,Paid,ACH
PM0004850,P001359,2025-01-30,281.45,Paid,ACH
PM0004851,P001359,2025-05-08,281.45,Paid,ACH
PM0004852,P001359,2025-08-15,281.45,Paid,Check
PM0004853,P001359,2025-10-30,281.45,Paid,Card
PM0004854,P001360,2025-03-17,322.04,Paid,ACH
PM0004855,P001360,2025-06-13,322.04,Refunded,Card
PM0004856,P001360,2025-09-06,322.04,Paid,ACH
PM0004857,P001360,2025-12-15,322.04,Paid,Check
PM0004858,P001361,2024-03-08,263.92,Paid,Card
PM0004859,P001361,2024-06-21,263.92,Paid,Check
PM0004860,P001361,2024-09-19,263.92,Paid,ACH
PM0004861,P001361,2024-12-19,263.92,Paid,Card
PM0004862,P001362,2024-01-12,1375.55,Paid,Check
PM0004863,P001362,2024-04-01,1375.55,Paid,Card
PM0004864,P001362,2024-07-12,1375.55,Paid,Wire
PM0004865,P001362,2024-10-12,1375.55,Paid,Wire
PM0004866,P001363,2025-01-23,1742.74,Paid,Card
PM0004867,P001363,2025-04-13,1742.74,Paid,Check
PM0004868,P001363,2025-10-10,1742.74,Paid,Check
PM0004869,P001364,2023-06-28,384.71,Paid,Card
PM0004870,P001364,2023-09-28,384.71,Paid,Wire
PM0004871,P001364,2024-01-08,384.71,Paid,Check
PM0004872,P001364,2024-04-06,384.71,Paid,ACH
PM0004873,P001365,2023-04-13,2736.55,Paid,Wire
PM0004874,P001365,2023-06-26,2736.55,Paid,Card
PM0004875,P001365,2023-10-07,2736.55,Paid,Check
PM0004876,P001365,2023-12-23,2736.55,Late,Wire
PM0004877,P001366,2024-05-10,1581.1,Paid,Wire
PM0004878,P001366,2024-07-27,1581.1,Late,Card
PM0004879,P001366,2025-01-25,1581.1,Refunded,Check
PM0004880,P001367,2024-09-15,393.74,Paid,Card
PM0004881,P001367,2024-12-07,393.74,Paid,Wire
PM0004882,P001367,2025-03-06,393.74,Paid,ACH
PM0004883,P001368,2023-11-27,1076.57,Paid,Wire
PM0004884,P001368,2024-02-15,1076.57,Paid,ACH
PM0004885,P001368,2024-08-27,1076.57,Paid,Card
PM0004886,P001369,2025-01-08,2154.68,Paid,ACH
PM0004887,P001369,2025-03-29,2154.68,Paid,Card
PM0004888,P001369,2025-07-06,2154.68,Paid,ACH
PM0004889,P001369,2025-10-05,2154.68,Paid,Check
PM0004890,P001370,2023-10-07,361.96,Paid,Wire
PM0004891,P001370,2023-12-24,361.96,Paid,ACH
PM0004892,P001370,2024-04-09,361.96,Paid,Card
PM0004893,P001370,2024-07-08,361.96,Paid,Check
PM0004894,P001371,2023-08-13,314.94,Failed,ACH
PM0004895,P001371,2023-11-01,314.94,Paid,Wire
PM0004896,P001371,2024-01-29,314.94,Paid,Wire
PM0004897,P001371,2024-04-28,314.94,Paid,ACH
PM0004898,P001372,2024-07-26,1063.84,Late,Wire
PM0004899,P001372,2024-11-07,1063.84,Paid,Check
PM0004900,P001372,2025-01-18,1063.84,Paid,Card
PM0004901,P001372,2025-04-21,1063.84,Paid,ACH
PM0004902,P001373,2023-05-20,412.62,Paid,Check
PM0004903,P001373,2023-09-04,412.62,Paid,Check
PM0004904,P001373,2023-11-22,412.62,Paid,ACH
PM0004905,P001373,2024-02-20,412.62,Late,Check
PM0004906,P001374,2025-01-09,1053.61,Paid,Card
PM0004907,P001374,2025-04-15,1053.61,Paid,Wire
PM0004908,P001374,2025-07-11,1053.61,Paid,Wire
PM0004909,P001375,2023-03-10,452.63,Paid,Card
PM0004910,P001375,2023-06-06,452.63,Paid,Check
PM0004911,P001375,2023-08-30,452.63,Paid,ACH
PM0004912,P001375,2023-11-26,452.63,Failed,Card
PM0004913,P001376,2024-02-03,1643.26,Failed,Card
PM0004914,P001376,2024-04-22,1643.26,Paid,Check
PM0004915,P001376,2024-07-20,1643.26,Paid,Wire
PM0004916,P001376,2024-10-18,1643.26,Paid,Wire
PM0004917,P001377,2023-11-24,1685.22,Paid,Wire
PM0004918,P001377,2024-05-11,1685.22,Paid,Card
PM0004919,P001377,2024-08-14,1685.22,Refunded,Wire
PM0004920,P001378,2025-03-21,1534.93,Paid,Wire
PM0004921,P001378,2025-06-07,1534.93,Late,Wire
PM0004922,P001378,2025-09-06,1534.93,Paid,Wire
PM0004923,P001379,2025-02-05,1632.27,Paid,Wire
PM0004924,P001379,2025-05-06,1632.27,Paid,Wire
PM0004925,P001379,2025-08-04,1632.27,Paid,Card
PM0004926,P001379,2025-11-18,1632.27,Failed,Check
PM0004927,P001380,2024-09-24,358.85,Paid,ACH
PM0004928,P001380,2024-12-11,358.85,Paid,ACH
PM0004929,P001380,2025-03-27,358.85,Paid,Check
PM0004930,P001380,2025-06-14,358.85,Paid,Check
PM0004931,P001381,2024-03-26,362.17,Paid,ACH
PM0004932,P001381,2024-07-01,362.17,Paid,Check
PM0004933,P001381,2024-10-01,362.17,Paid,Wire
PM0004934,P001381,2025-01-03,362.17,Paid,Wire
PM0004935,P001382,2024-06-28,1481.56,Paid,Card
PM0004936,P001382,2024-09-24,1481.56,Paid,Check
PM0004937,P001382,2024-12-26,1481.56,Paid,Wire
PM0004938,P001383,2024-05-05,492.16,Paid,ACH
PM0004939,P001383,2024-08-08,492.16,Paid,Card
PM0004940,P001383,2024-10-25,492.16,Paid,Wire
PM0004941,P001383,2025-01-23,492.16,Paid,Check
PM0004942,P001384,2024-03-29,2344.39,Paid,Check
PM0004943,P001384,2024-07-12,2344.39,Paid,Wire
PM0004944,P001384,2024-10-04,2344.39,Paid,ACH
PM0004945,P001384,2025-01-06,2344.39,Paid,Card
PM0004946,P001385,2025-06-19,832.01,Paid,Check
PM0004947,P001385,2025-09-18,832.01,Paid,ACH
PM0004948,P001385,2025-12-29,832.01,Paid,Card
PM0004949,P001386,2023-12-11,408.35,Paid,ACH
PM0004950,P001386,2024-03-06,408.35,Paid,ACH
PM0004951,P001386,2024-06-09,408.35,Paid,ACH
PM0004952,P001386,2024-08-21,408.35,Paid,Check
PM0004953,P001387,2023-08-08,544.85,Paid,Card
PM0004954,P001387,2023-10-23,544.85,Paid,Wire
PM0004955,P001387,2024-01-31,544.85,Late,ACH
PM0004956,P001387,2024-04-20,544.85,Paid,Card
PM0004957,P001388,2024-12-03,374.33,Paid,ACH
PM0004958,P001388,2025-03-05,374.33,Paid,Check
PM0004959,P001388,2025-06-02,374.33,Paid,Card
PM0004960,P001388,2025-09-01,374.33,Paid,Check
PM0004961,P001389,2023-12-05,1386.85,Paid,Wire
PM0004962,P001389,2024-02-21,1386.85,Failed,ACH
PM0004963,P001389,2024-05-24,1386.85,Paid,Check
PM0004964,P001390,2024-08-24,1249.62,Paid,Check
PM0004965,P001390,2024-11-13,1249.62,Paid,Card
PM0004966,P001390,2025-02-24,1249.62,Paid,Check
PM0004967,P001390,2025-05-11,1249.62,Refunded,Check
PM0004968,P001391,2024-06-26,217.23,Failed,Card
PM0004969,P001391,2024-10-04,217.23,Paid,Card
PM0004970,P001391,2024-12-25,217.23,Paid,Card
PM0004971,P001391,2025-03-19,217.23,Paid,Wire
PM0004972,P001392,2023-12-21,992.45,Paid,Card
PM0004973,P001392,2024-03-11,992.45,Paid,Card
PM0004974,P001392,2024-06-17,992.45,Paid,Card
PM0004975,P001392,2024-09-17,992.45,Failed,ACH
PM0004976,P001393,2024-10-03,299.11,Paid,Check
PM0004977,P001393,2025-01-04,299.11,Paid,Card
PM0004978,P001393,2025-04-08,299.11,Paid,ACH
PM0004979,P001393,2025-07-12,299.11,Paid,Wire
PM0004980,P001394,2023-09-23,449.06,Paid,Wire
PM0004981,P001394,2023-12-18,449.06,Paid,ACH
PM0004982,P001394,2024-03-12,449.06,Paid,Check
PM0004983,P001394,2024-06-24,449.06,Paid,Card
PM0004984,P001395,2024-05-28,330.78,Paid,Check
PM0004985,P001395,2024-08-19,330.78,Paid,Wire
PM0004986,P001395,2024-11-06,330.78,Late,Check
PM0004987,P001396,2024-07-12,302.29,Paid,Wire
PM0004988,P001396,2025-01-15,302.29,Paid,ACH
PM0004989,P001396,2025-04-15,302.29,Paid,Check
PM0004990,P001397,2025-04-18,308.62,Paid,Card
PM0004991,P001397,2025-07-22,308.62,Paid,Wire
PM0004992,P001397,2025-11-01,308.62,Paid,Check
PM0004993,P001398,2024-08-28,1361.4,Paid,Wire
PM0004994,P001398,2024-12-04,1361.4,Paid,Wire
PM0004995,P001398,2025-05-15,1361.4,Late,Check
PM0004996,P001399,2024-09-08,1881.56,Late,ACH
PM0004997,P001399,2024-11-21,1881.56,Late,Wire
PM0004998,P001399,2025-02-22,1881.56,Late,ACH
PM0004999,P001399,2025-05-26,1881.56,Paid,Card
PM0005000,P001400,2025-01-16,585.25,Paid,Card
PM0005001,P001400,2025-04-21,585.25,Paid,Card
PM0005002,P001400,2025-07-23,585.25,Paid,Check
PM0005003,P001400,2025-10-11,585.25,Failed,Wire
PM0005004,P001401,2023-04-06,552.81,Paid,Card
PM0005005,P001401,2023-07-09,552.81,Late,Check
PM0005006,P001401,2023-10-12,552.81,Paid,Card
PM0005007,P001401,2024-01-08,552.81,Paid,Card
PM0005008,P001402,2024-03-04,346.89,Paid,ACH
PM0005009,P001402,2024-05-26,346.89,Paid,Card
PM0005010,P001402,2024-08-17,346.89,Paid,ACH
PM0005011,P001402,2024-11-24,346.89,Late,Check
PM0005012,P001403,2024-12-20,645.55,Paid,Check
PM0005013,P001403,2025-03-29,645.55,Paid,ACH
PM0005014,P001403,2025-06-11,645.55,Paid,Wire
PM0005015,P001403,2025-09-15,645.55,Paid,Check
PM0005016,P001404,2023-11-26,961.71,Paid,ACH
PM0005017,P001404,2024-03-09,961.71,Late,Check
PM0005018,P001404,2024-06-09,961.71,Paid,Wire
PM0005019,P001404,2024-08-25,961.71,Paid,ACH
PM0005020,P001405,2024-07-04,1510.22,Paid,Check
PM0005021,P001405,2024-10-01,1510.22,Late,ACH
PM0005022,P001405,2024-12-23,1510.22,Paid,Check
PM0005023,P001406,2025-05-06,1335.76,Failed,Card
PM0005024,P001407,2023-06-19,282.07,Failed,ACH
PM0005025,P001407,2023-09-02,282.07,Paid,Check
PM0005026,P001407,2023-11-28,282.07,Paid,Check
PM0005027,P001407,2024-03-12,282.07,Paid,ACH
PM0005028,P001408,2024-06-05,482.38,Refunded,Wire
PM0005029,P001408,2024-08-18,482.38,Paid,ACH
PM0005030,P001408,2024-11-17,482.38,Paid,ACH
PM0005031,P001408,2025-02-12,482.38,Paid,Wire
PM0005032,P001409,2024-12-30,542.15,Paid,Card
PM0005033,P001409,2025-04-04,542.15,Paid,ACH
PM0005034,P001409,2025-06-30,542.15,Paid,ACH
PM0005035,P001409,2025-10-06,542.15,Paid,Card
PM0005036,P001410,2025-03-27,543.86,Paid,Check
PM0005037,P001410,2025-06-26,543.86,Paid,ACH
PM0005038,P001410,2025-10-06,543.86,Paid,Check
PM0005039,P001410,2025-12-26,543.86,Paid,ACH
PM0005040,P001411,2023-04-12,1491.68,Paid,Wire
PM0005041,P001411,2023-07-01,1491.68,Paid,ACH
PM0005042,P001411,2023-10-17,1491.68,Paid,ACH
PM0005043,P001411,2024-01-04,1491.68,Paid,Wire
PM0005044,P001412,2023-12-16,2018.34,Paid,Wire
PM0005045,P001412,2024-03-11,2018.34,Paid,Card
PM0005046,P001412,2024-06-16,2018.34,Paid,Wire
PM0005047,P001412,2024-09-09,2018.34,Late,Card
PM0005048,P001413,2024-01-08,673.01,Paid,Card
PM0005049,P001413,2024-03-23,673.01,Paid,Wire
PM0005050,P001413,2024-06-30,673.01,Paid,Wire
PM0005051,P001414,2024-08-10,534.69,Paid,Check
PM0005052,P001414,2024-11-05,534.69,Paid,Wire
PM0005053,P001414,2025-02-12,534.69,Paid,ACH
PM0005054,P001414,2025-05-12,534.69,Paid,Check
PM0005055,P001415,2024-09-29,1468.64,Paid,ACH
PM0005056,P001415,2024-12-15,1468.64,Paid,Wire
PM0005057,P001415,2025-03-21,1468.64,Paid,Card
PM0005058,P001416,2023-07-16,275.23,Paid,Check
PM0005059,P001416,2024-04-01,275.23,Paid,ACH
PM0005060,P001417,2023-09-05,283.62,Paid,Card
PM0005061,P001417,2023-12-01,283.62,Paid,ACH
PM0005062,P001417,2024-02-21,283.62,Paid,Wire
PM0005063,P001417,2024-05-23,283.62,Paid,Wire
PM0005064,P001418,2023-08-26,2398.78,Paid,Card
PM0005065,P001418,2023-11-10,2398.78,Failed,ACH
PM0005066,P001418,2024-05-06,2398.78,Paid,ACH
PM0005067,P001419,2025-06-20,2571.54,Paid,Check
PM0005068,P001419,2025-09-16,2571.54,Late,Card
PM0005069,P001419,2025-12-19,2571.54,Paid,Check
PM0005070,P001420,2025-01-07,331.38,Late,Check
PM0005071,P001420,2025-04-14,331.38,Paid,Card
PM0005072,P001420,2025-06-24,331.38,Paid,Check
PM0005073,P001420,2025-10-08,331.38,Paid,Check
PM0005074,P001421,2024-12-16,309.44,Paid,ACH
PM0005075,P001421,2025-03-03,309.44,Paid,Card
PM0005076,P001422,2024-11-14,1653.79,Paid,Card
PM0005077,P001422,2025-02-09,1653.79,Late,Wire
PM0005078,P001422,2025-05-02,1653.79,Paid,Card
PM0005079,P001423,2023-03-20,298.81,Paid,Wire
PM0005080,P001423,2023-06-18,298.81,Late,Wire
PM0005081,P001423,2023-09-03,298.81,Paid,Card
PM0005082,P001423,2023-11-30,298.81,Paid,Card
PM0005083,P001424,2025-01-11,383.56,Paid,Card
PM0005084,P001424,2025-04-13,383.56,Paid,Check
PM0005085,P001424,2025-07-10,383.56,Paid,Card
PM0005086,P001424,2025-10-04,383.56,Paid,Wire
PM0005087,P001425,2023-03-02,530.6,Paid,ACH
PM0005088,P001425,2023-06-05,530.6,Late,Card
PM0005089,P001425,2023-09-01,530.6,Paid,ACH
PM0005090,P001425,2023-11-19,530.6,Paid,ACH
PM0005091,P001426,2025-05-28,275.54,Paid,Check
PM0005092,P001426,2025-08-21,275.54,Paid,Wire
PM0005093,P001426,2025-11-13,275.54,Paid,Check
PM0005094,P001427,2024-11-20,707.64,Late,Wire
PM0005095,P001427,2025-02-15,707.64,Paid,ACH
PM0005096,P001427,2025-08-02,707.64,Paid,Check
PM0005097,P001428,2025-06-04,1409.79,Paid,ACH
PM0005098,P001428,2025-09-05,1409.79,Paid,Card
PM0005099,P001428,2025-12-10,1409.79,Paid,Card
PM0005100,P001429,2023-06-21,148.47,Paid,Check
PM0005101,P001429,2023-09-21,148.47,Paid,ACH
PM0005102,P001429,2023-12-16,148.47,Paid,Wire
PM0005103,P001429,2024-03-16,148.47,Paid,Card
PM0005104,P001430,2023-10-10,1378.98,Paid,Wire
PM0005105,P001430,2024-01-22,1378.98,Paid,Wire
PM0005106,P001430,2024-04-08,1378.98,Paid,Wire
PM0005107,P001431,2025-02-10,517.03,Paid,Card
PM0005108,P001431,2025-05-11,517.03,Paid,Check
PM0005109,P001431,2025-08-19,517.03,Late,Check
PM0005110,P001431,2025-11-25,517.03,Paid,Check
PM0005111,P001432,2023-09-17,972.08,Paid,Card
PM0005112,P001432,2024-02-27,972.08,Paid,Check
PM0005113,P001432,2024-06-04,972.08,Late,ACH
PM0005114,P001433,2023-03-22,185.72,Paid,ACH
PM0005115,P001433,2023-06-12,185.72,Paid,Wire
PM0005116,P001433,2023-09-13,185.72,Paid,Wire
PM0005117,P001433,2023-12-08,185.72,Paid,ACH
PM0005118,P001434,2024-03-12,1751.21,Paid,Card
PM0005119,P001434,2024-06-17,1751.21,Paid,Wire
PM0005120,P001434,2024-09-24,1751.21,Paid,Wire
PM0005121,P001434,2024-12-11,1751.21,Late,Check
PM0005122,P001435,2024-12-25,1351.7,Paid,Card
PM0005123,P001435,2025-03-11,1351.7,Paid,ACH
PM0005124,P001435,2025-06-12,1351.7,Failed,Check
PM0005125,P001435,2025-09-08,1351.7,Paid,Wire
PM0005126,P001436,2025-04-22,2009.09,Paid,ACH
PM0005127,P001436,2025-07-06,2009.09,Paid,Card
PM0005128,P001436,2025-10-02,2009.09,Paid,Wire
PM0005129,P001437,2024-10-13,201.43,Paid,Wire
PM0005130,P001437,2025-01-28,201.43,Paid,Wire
PM0005131,P001437,2025-04-23,201.43,Paid,Wire
PM0005132,P001437,2025-07-07,201.43,Paid,Wire
PM0005133,P001438,2024-06-06,2274.83,Paid,Check
PM0005134,P001438,2024-09-01,2274.83,Paid,ACH
PM0005135,P001438,2024-12-02,2274.83,Paid,Card
PM0005136,P001438,2025-02-28,2274.83,Paid,Wire
PM0005137,P001439,2024-03-08,379.7,Paid,Wire
PM0005138,P001439,2024-06-25,379.7,Paid,Check
PM0005139,P001439,2024-09-11,379.7,Paid,Check
PM0005140,P001440,2024-07-01,247.3,Paid,Card
PM0005141,P001440,2024-12-22,247.3,Paid,Wire
PM0005142,P001440,2025-03-29,247.3,Paid,Wire
PM0005143,P001441,2024-09-20,190.63,Paid,Check
PM0005144,P001441,2024-12-29,190.63,Paid,Card
PM0005145,P001441,2025-03-16,190.63,Late,ACH
PM0005146,P001441,2025-06-23,190.63,Paid,Wire
PM0005147,P001442,2023-06-24,301.76,Paid,Wire
PM0005148,P001442,2023-09-23,301.76,Paid,Wire
PM0005149,P001442,2023-12-21,301.76,Paid,ACH
PM0005150,P001442,2024-03-19,301.76,Paid,ACH
PM0005151,P001443,2024-09-18,189.5,Paid,ACH
PM0005152,P001443,2024-12-16,189.5,Paid,Wire
PM0005153,P001443,2025-04-05,189.5,Refunded,Card
PM0005154,P001443,2025-06-17,189.5,Paid,Wire
PM0005155,P001444,2025-03-02,728.72,Paid,Card
PM0005156,P001444,2025-06-10,728.72,Paid,ACH
PM0005157,P001444,2025-09-08,728.72,Failed,Wire
PM0005158,P001444,2025-12-05,728.72,Paid,Wire
PM0005159,P001445,2025-03-14,1487.4,Paid,Card
PM0005160,P001445,2025-06-11,1487.4,Paid,Check
PM0005161,P001445,2025-09-09,1487.4,Paid,Wire
PM0005162,P001445,2025-12-20,1487.4,Paid,ACH
PM0005163,P001446,2024-02-26,499.07,Paid,Wire
PM0005164,P001446,2024-05-21,499.07,Paid,ACH
PM0005165,P001446,2024-08-22,499.07,Paid,Check
PM0005166,P001446,2024-11-06,499.07,Paid,Check
PM0005167,P001447,2023-05-07,2211.98,Paid,Card
PM0005168,P001447,2023-08-03,2211.98,Paid,ACH
PM0005169,P001447,2023-10-25,2211.98,Paid,Card
PM0005170,P001447,2024-01-31,2211.98,Paid,Card
PM0005171,P001448,2023-06-24,723.26,Paid,ACH
PM0005172,P001448,2023-09-28,723.26,Paid,Check
PM0005173,P001448,2023-12-24,723.26,Paid,Wire
PM0005174,P001448,2024-03-18,723.26,Late,Wire
PM0005175,P001449,2025-04-07,161.8,Paid,ACH
PM0005176,P001449,2025-10-12,161.8,Paid,Card
PM0005177,P001449,2025-12-24,161.8,Paid,ACH
PM0005178,P001450,2023-06-19,801.12,Paid,ACH
PM0005179,P001450,2023-09-18,801.12,Paid,Wire
PM0005180,P001450,2023-12-05,801.12,Paid,Card
PM0005181,P001450,2024-03-05,801.12,Paid,Check
PM0005182,P001451,2024-08-16,310.0,Paid,Wire
PM0005183,P001451,2024-11-02,310.0,Paid,Card
PM0005184,P001451,2025-02-12,310.0,Paid,Card
PM0005185,P001451,2025-05-09,310.0,Paid,ACH
PM0005186,P001452,2024-12-20,1904.47,Paid,ACH
PM0005187,P001452,2025-03-26,1904.47,Paid,Card
PM0005188,P001452,2025-06-27,1904.47,Paid,ACH
PM0005189,P001453,2024-08-18,1132.57,Paid,Check
PM0005190,P001453,2024-10-30,1132.57,Paid,Check
PM0005191,P001453,2025-01-31,1132.57,Refunded,Wire
PM0005192,P001453,2025-04-30,1132.57,Paid,Check
PM0005193,P001454,2023-05-09,1522.14,Paid,ACH
PM0005194,P001454,2023-11-22,1522.14,Paid,Wire
PM0005195,P001454,2024-02-05,1522.14,Paid,ACH
PM0005196,P001455,2024-06-13,295.32,Paid,Check
PM0005197,P001455,2024-08-31,295.32,Paid,ACH
PM0005198,P001455,2024-11-29,295.32,Paid,ACH
PM0005199,P001455,2025-03-13,295.32,Paid,Wire
PM0005200,P001456,2024-03-02,317.27,Paid,Card
PM0005201,P001456,2024-06-05,317.27,Paid,Wire
PM0005202,P001456,2024-08-27,317.27,Paid,Card
PM0005203,P001456,2024-11-28,317.27,Paid,ACH
PM0005204,P001457,2023-12-19,278.34,Paid,Card
PM0005205,P001457,2024-03-21,278.34,Paid,Wire
PM0005206,P001457,2024-06-15,278.34,Paid,Check
PM0005207,P001458,2024-05-08,265.3,Paid,Check
PM0005208,P001458,2024-08-07,265.3,Paid,Wire
PM0005209,P001458,2024-11-16,265.3,Paid,Check
PM0005210,P001458,2025-02-02,265.3,Paid,Card
PM0005211,P001459,2024-10-22,1027.05,Paid,ACH
PM0005212,P001459,2025-02-04,1027.05,Paid,Check
PM0005213,P001459,2025-04-16,1027.05,Paid,Card
PM0005214,P001459,2025-07-30,1027.05,Paid,Wire
PM0005215,P001460,2023-12-20,329.64,Paid,ACH
PM0005216,P001460,2024-04-02,329.64,Paid,Wire
PM0005217,P001460,2024-06-23,329.64,Paid,Wire
PM0005218,P001460,2024-09-24,329.64,Late,Check
PM0005219,P001461,2023-10-08,409.98,Paid,Check
PM0005220,P001461,2024-01-13,409.98,Refunded,Card
PM0005221,P001461,2024-04-09,409.98,Paid,Wire
PM0005222,P001461,2024-07-18,409.98,Paid,ACH
PM0005223,P001462,2024-05-25,230.6,Paid,Check
PM0005224,P001462,2024-09-03,230.6,Paid,Wire
PM0005225,P001462,2024-11-22,230.6,Paid,Card
PM0005226,P001462,2025-02-14,230.6,Paid,Card
PM0005227,P001463,2024-02-22,1498.23,Paid,Wire
PM0005228,P001463,2024-05-16,1498.23,Paid,Check
PM0005229,P001463,2024-08-23,1498.23,Paid,Wire
PM0005230,P001463,2024-11-18,1498.23,Paid,Card
PM0005231,P001464,2025-06-28,264.13,Paid,ACH
PM0005232,P001464,2025-10-02,264.13,Paid,Wire
PM0005233,P001465,2024-02-18,781.99,Failed,Check
PM0005234,P001465,2024-05-21,781.99,Paid,Wire
PM0005235,P001465,2024-07-31,781.99,Paid,Wire
PM0005236,P001465,2024-11-17,781.99,Late,ACH
PM0005237,P001466,2024-10-27,2293.3,Paid,Card
PM0005238,P001466,2025-02-09,2293.3,Paid,Check
PM0005239,P001466,2025-04-29,2293.3,Paid,Wire
PM0005240,P001466,2025-08-10,2293.3,Paid,Check
PM0005241,P001467,2024-07-28,1677.73,Paid,Card
PM0005242,P001467,2024-10-13,1677.73,Paid,Card
PM0005243,P001467,2025-04-20,1677.73,Paid,Card
PM0005244,P001468,2023-06-03,1314.38,Paid,Card
PM0005245,P001468,2023-09-10,1314.38,Paid,Card
PM0005246,P001468,2023-12-01,1314.38,Paid,Check
PM0005247,P001468,2024-03-07,1314.38,Paid,Card
PM0005248,P001469,2023-03-27,1000.99,Paid,Check
PM0005249,P001469,2023-09-11,1000.99,Paid,ACH
PM0005250,P001470,2023-12-04,526.04,Paid,ACH
PM0005251,P001470,2024-02-26,526.04,Paid,Wire
PM0005252,P001470,2024-06-01,526.04,Paid,Wire
PM0005253,P001471,2023-02-10,321.75,Paid,ACH
PM0005254,P001471,2023-08-27,321.75,Paid,Wire
PM0005255,P001471,2023-11-22,321.75,Late,Card
PM0005256,P001472,2024-11-16,191.24,Late,Check
PM0005257,P001472,2025-02-19,191.24,Late,Check
PM0005258,P001472,2025-05-29,191.24,Paid,ACH
PM0005259,P001472,2025-09-01,191.24,Paid,ACH
PM0005260,P001473,2024-02-27,510.3,Paid,Wire
PM0005261,P001473,2024-06-05,510.3,Paid,Card
PM0005262,P001473,2024-09-04,510.3,Paid,Card
PM0005263,P001473,2024-12-04,510.3,Paid,Card
PM0005264,P001474,2023-11-16,337.29,Paid,ACH
PM0005265,P001474,2024-02-26,337.29,Failed,ACH
PM0005266,P001474,2024-05-26,337.29,Paid,Wire
PM0005267,P001475,2024-05-25,1357.12,Paid,Wire
PM0005268,P001475,2024-09-03,1357.12,Failed,ACH
PM0005269,P001475,2024-11-15,1357.12,Paid,ACH
PM0005270,P001476,2024-02-04,435.67,Refunded,Card
PM0005271,P001476,2024-05-15,435.67,Paid,Card
PM0005272,P001476,2024-08-16,435.67,Paid,Card
PM0005273,P001476,2024-11-10,435.67,Paid,Check
PM0005274,P001477,2025-04-29,347.76,Paid,Card
PM0005275,P001477,2025-08-09,347.76,Paid,Card
PM0005276,P001477,2025-11-11,347.76,Paid,Check
PM0005277,P001478,2025-03-13,514.19,Paid,Check
PM0005278,P001478,2025-06-01,514.19,Failed,Check
PM0005279,P001478,2025-09-17,514.19,Paid,Wire
PM0005280,P001478,2025-11-29,514.19,Paid,Check
PM0005281,P001479,2023-09-24,1782.3,Paid,ACH
PM0005282,P001479,2024-01-06,1782.3,Paid,Card
PM0005283,P001479,2024-04-09,1782.3,Failed,Card
PM0005284,P001479,2024-06-20,1782.3,Paid,Check
PM0005285,P001480,2024-10-26,644.78,Paid,ACH
PM0005286,P001480,2025-04-19,644.78,Failed,Wire
PM0005287,P001481,2023-03-03,340.18,Paid,ACH
PM0005288,P001481,2023-05-30,340.18,Paid,Card
PM0005289,P001481,2023-08-31,340.18,Paid,Card
PM0005290,P001482,2023-01-06,393.96,Paid,Card
PM0005291,P001482,2023-04-05,393.96,Paid,Check
PM0005292,P001482,2023-07-13,393.96,Paid,Check
PM0005293,P001482,2023-09-26,393.96,Paid,Card
PM0005294,P001483,2024-01-28,1527.89,Paid,Card
PM0005295,P001483,2024-04-22,1527.89,Paid,Check
PM0005296,P001483,2024-07-24,1527.89,Paid,Wire
PM0005297,P001484,2024-11-27,1072.13,Paid,ACH
PM0005298,P001484,2025-03-07,1072.13,Paid,Wire
PM0005299,P001484,2025-06-03,1072.13,Paid,Wire
PM0005300,P001484,2025-08-26,1072.13,Refunded,Check
PM0005301,P001485,2025-05-31,1700.89,Paid,ACH
PM0005302,P001485,2025-09-10,1700.89,Paid,Card
PM0005303,P001485,2025-12-02,1700.89,Paid,Card
PM0005304,P001486,2025-04-15,1066.91,Paid,Wire
PM0005305,P001486,2025-07-03,1066.91,Paid,Card
PM0005306,P001486,2025-10-16,1066.91,Failed,ACH
PM0005307,P001487,2023-07-15,385.39,Paid,ACH
PM0005308,P001487,2023-10-12,385.39,Paid,Wire
PM0005309,P001487,2024-01-13,385.39,Paid,Card
PM0005310,P001487,2024-04-15,385.39,Paid,Wire
PM0005311,P001488,2024-09-06,796.2,Late,ACH
PM0005312,P001488,2024-12-08,796.2,Paid,Wire
PM0005313,P001488,2025-03-01,796.2,Paid,ACH
PM0005314,P001489,2024-12-20,630.93,Paid,ACH
PM0005315,P001489,2025-03-23,630.93,Paid,Card
PM0005316,P001489,2025-06-26,630.93,Paid,Card
PM0005317,P001490,2025-06-06,439.51,Paid,ACH
PM0005318,P001490,2025-08-17,439.51,Paid,Check
PM0005319,P001490,2025-12-03,439.51,Paid,ACH
PM0005320,P001491,2023-03-07,346.4,Paid,Wire
PM0005321,P001491,2023-06-07,346.4,Paid,Card
PM0005322,P001491,2023-11-30,346.4,Paid,Check
PM0005323,P001492,2024-04-09,2678.06,Refunded,Check
PM0005324,P001492,2024-07-15,2678.06,Paid,Wire
PM0005325,P001492,2024-10-02,2678.06,Paid,Wire
PM0005326,P001492,2025-01-17,2678.06,Paid,ACH
PM0005327,P001493,2024-09-11,409.81,Paid,Card
PM0005328,P001493,2024-12-18,409.81,Paid,Card
PM0005329,P001493,2025-03-24,409.81,Paid,ACH
PM0005330,P001493,2025-06-11,409.81,Paid,Card
PM0005331,P001494,2023-07-24,146.66,Paid,Wire
PM0005332,P001494,2023-11-02,146.66,Paid,Check
PM0005333,P001494,2024-02-06,146.66,Paid,Card
PM0005334,P001494,2024-04-29,146.66,Paid,Card
PM0005335,P001495,2023-12-02,2594.29,Paid,ACH
PM0005336,P001495,2024-02-29,2594.29,Paid,Check
PM0005337,P001495,2024-05-17,2594.29,Paid,Check
PM0005338,P001495,2024-08-26,2594.29,Paid,Card
PM0005339,P001496,2024-10-18,527.0,Paid,Card
PM0005340,P001496,2025-01-06,527.0,Paid,ACH
PM0005341,P001496,2025-03-30,527.0,Paid,Card
PM0005342,P001496,2025-06-28,527.0,Paid,Wire
PM0005343,P001497,2024-08-23,311.63,Paid,Check
PM0005344,P001497,2024-11-26,311.63,Paid,Check
PM0005345,P001497,2025-05-19,311.63,Paid,Check
PM0005346,P001498,2023-12-01,590.08,Late,Card
PM0005347,P001498,2024-03-08,590.08,Paid,Wire
PM0005348,P001498,2024-08-27,590.08,Paid,Check
PM0005349,P001499,2023-07-22,1652.19,Late,Wire
PM0005350,P001499,2023-10-23,1652.19,Paid,Card
PM0005351,P001499,2024-01-06,1652.19,Paid,ACH
PM0005352,P001499,2024-04-03,1652.19,Paid,Wire
PM0005353,P001500,2024-10-17,196.75,Failed,Check
PM0005354,P001500,2025-01-13,196.75,Paid,Card
PM0005355,P001500,2025-04-21,196.75,Late,ACH
PM0005356,P001500,2025-07-25,196.75,Paid,ACH
PM0005357,P001501,2023-03-20,829.75,Paid,Wire
PM0005358,P001501,2023-06-06,829.75,Paid,Card
PM0005359,P001501,2023-09-08,829.75,Paid,Card
PM0005360,P001501,2023-12-15,829.75,Paid,Card
PM0005361,P001502,2024-05-01,1143.85,Paid,Card
PM0005362,P001502,2024-08-01,1143.85,Paid,Card
PM0005363,P001502,2024-11-01,1143.85,Paid,Card
PM0005364,P001502,2025-01-21,1143.85,Paid,Wire
PM0005365,P001503,2025-07-07,1227.78,Paid,ACH
PM0005366,P001503,2025-09-22,1227.78,Paid,Card
PM0005367,P001503,2025-12-31,1227.78,Paid,Wire
PM0005368,P001504,2025-07-11,393.48,Paid,Card
PM0005369,P001504,2025-09-28,393.48,Paid,Check
PM0005370,P001504,2025-12-22,393.48,Paid,Wire
PM0005371,P001505,2025-02-20,344.77,Paid,ACH
PM0005372,P001505,2025-05-22,344.77,Paid,ACH
PM0005373,P001505,2025-08-11,344.77,Paid,Card
PM0005374,P001505,2025-11-08,344.77,Late,Card
PM0005375,P001506,2025-05-19,228.5,Paid,Wire
PM0005376,P001506,2025-08-04,228.5,Failed,Check
PM0005377,P001506,2025-11-09,228.5,Paid,ACH
PM0005378,P001507,2024-11-24,463.07,Paid,Check
PM0005379,P001507,2025-03-06,463.07,Paid,Wire
PM0005380,P001507,2025-06-07,463.07,Paid,Wire
PM0005381,P001507,2025-08-31,463.07,Paid,ACH
PM0005382,P001508,2024-01-14,1179.29,Paid,Wire
PM0005383,P001508,2024-04-24,1179.29,Paid,Check
PM0005384,P001508,2024-07-23,1179.29,Paid,Check
PM0005385,P001508,2024-10-07,1179.29,Paid,Wire
PM0005386,P001509,2025-02-20,1912.32,Paid,ACH
PM0005387,P001509,2025-05-25,1912.32,Paid,Card
PM0005388,P001509,2025-08-27,1912.32,Paid,Card
PM0005389,P001509,2025-11-18,1912.32,Paid,Wire
PM0005390,P001510,2023-10-10,264.12,Paid,Card
PM0005391,P001510,2023-12-30,264.12,Paid,Card
PM0005392,P001510,2024-03-27,264.12,Paid,ACH
PM0005393,P001510,2024-06-21,264.12,Paid,ACH
PM0005394,P001511,2025-03-21,1043.41,Paid,Wire
PM0005395,P001511,2025-06-09,1043.41,Paid,Wire
PM0005396,P001511,2025-09-17,1043.41,Paid,ACH
PM0005397,P001511,2025-12-01,1043.41,Paid,Check
PM0005398,P001512,2023-03-03,1677.81,Paid,Check
PM0005399,P001512,2023-09-07,1677.81,Paid,Check
PM0005400,P001512,2023-12-14,1677.81,Late,Wire
PM0005401,P001513,2023-12-24,458.97,Paid,Card
PM0005402,P001513,2024-04-10,458.97,Paid,Wire
PM0005403,P001513,2024-07-09,458.97,Paid,Check
PM0005404,P001513,2024-09-27,458.97,Paid,Check
PM0005405,P001514,2024-07-13,441.58,Paid,Card
PM0005406,P001514,2024-09-26,441.58,Paid,Card
PM0005407,P001514,2024-12-28,441.58,Paid,ACH
PM0005408,P001514,2025-03-28,441.58,Paid,Wire
PM0005409,P001515,2024-10-24,1001.15,Paid,Check
PM0005410,P001515,2025-01-03,1001.15,Paid,Check
PM0005411,P001515,2025-04-17,1001.15,Late,Card
PM0005412,P001515,2025-07-17,1001.15,Paid,Check
PM0005413,P001516,2024-04-20,1193.39,Paid,Check
PM0005414,P001516,2024-08-01,1193.39,Paid,Card
PM0005415,P001516,2024-10-15,1193.39,Paid,Card
PM0005416,P001516,2025-01-15,1193.39,Paid,Check
PM0005417,P001517,2023-02-05,295.37,Paid,Check
PM0005418,P001517,2023-05-11,295.37,Paid,ACH
PM0005419,P001517,2023-10-22,295.37,Late,Card
PM0005420,P001518,2024-01-10,1655.02,Late,ACH
PM0005421,P001518,2024-04-05,1655.02,Paid,Check
PM0005422,P001518,2024-07-07,1655.02,Paid,ACH
PM0005423,P001518,2024-10-01,1655.02,Refunded,Check
PM0005424,P001519,2024-02-06,407.1,Paid,ACH
PM0005425,P001519,2024-04-29,407.1,Paid,Check
PM0005426,P001519,2024-08-07,407.1,Paid,Wire
PM0005427,P001520,2023-08-11,325.42,Paid,ACH
PM0005428,P001520,2023-11-14,325.42,Paid,Wire
PM0005429,P001520,2024-02-21,325.42,Paid,Card
PM0005430,P001520,2024-05-23,325.42,Paid,Card
PM0005431,P001521,2024-11-09,765.41,Paid,ACH
PM0005432,P001521,2025-01-19,765.41,Paid,Check
PM0005433,P001521,2025-04-25,765.41,Paid,ACH
PM0005434,P001521,2025-07-30,765.41,Paid,Wire
PM0005435,P001522,2023-03-23,1769.05,Paid,Wire
PM0005436,P001522,2023-06-18,1769.05,Paid,ACH
PM0005437,P001522,2023-09-08,1769.05,Paid,Wire
PM0005438,P001522,2023-12-26,1769.05,Paid,ACH
PM0005439,P001523,2023-11-25,1248.77,Late,Check
PM0005440,P001523,2024-03-09,1248.77,Paid,Wire
PM0005441,P001523,2024-05-26,1248.77,Paid,Wire
PM0005442,P001523,2024-09-05,1248.77,Late,Wire
PM0005443,P001524,2023-03-20,978.0,Paid,Check
PM0005444,P001524,2023-06-15,978.0,Paid,ACH
PM0005445,P001524,2023-09-10,978.0,Paid,ACH
PM0005446,P001525,2023-10-28,453.1,Paid,Check
PM0005447,P001525,2024-02-09,453.1,Paid,Check
PM0005448,P001525,2024-04-21,453.1,Paid,Check
PM0005449,P001526,2024-05-22,738.77,Paid,Card
PM0005450,P001526,2024-08-20,738.77,Paid,Wire
PM0005451,P001526,2024-11-23,738.77,Paid,ACH
PM0005452,P001526,2025-02-26,738.77,Paid,Wire
PM0005453,P001527,2023-07-21,1737.86,Paid,Wire
PM0005454,P001527,2023-10-12,1737.86,Paid,Check
PM0005455,P001527,2024-01-18,1737.86,Paid,Card
PM0005456,P001528,2023-07-24,1014.07,Paid,ACH
PM0005457,P001528,2023-10-24,1014.07,Paid,Wire
PM0005458,P001528,2024-01-25,1014.07,Paid,Wire
PM0005459,P001528,2024-04-16,1014.07,Paid,ACH
PM0005460,P001529,2023-11-11,315.19,Paid,Wire
PM0005461,P001529,2024-05-05,315.19,Paid,ACH
PM0005462,P001529,2024-08-10,315.19,Paid,ACH
PM0005463,P001530,2024-08-02,879.76,Paid,Wire
PM0005464,P001530,2024-11-13,879.76,Paid,Wire
PM0005465,P001531,2024-11-11,1447.98,Paid,Card
PM0005466,P001531,2025-02-17,1447.98,Paid,Card
PM0005467,P001531,2025-05-22,1447.98,Paid,Card
PM0005468,P001531,2025-08-21,1447.98,Paid,Card
PM0005469,P001532,2025-01-14,638.91,Paid,Card
PM0005470,P001532,2025-04-18,638.91,Failed,ACH
PM0005471,P001532,2025-07-11,638.91,Paid,Card
PM0005472,P001532,2025-10-13,638.91,Paid,Wire
PM0005473,P001533,2025-06-18,217.05,Paid,Check
PM0005474,P001533,2025-09-18,217.05,Paid,Card
PM0005475,P001533,2025-12-10,217.05,Paid,ACH
PM0005476,P001534,2024-11-24,583.91,Paid,ACH
PM0005477,P001534,2025-05-21,583.91,Paid,Card
PM0005478,P001534,2025-08-20,583.91,Paid,Wire
PM0005479,P001535,2023-04-21,829.42,Paid,ACH
PM0005480,P001535,2023-07-19,829.42,Paid,ACH
PM0005481,P001535,2023-11-02,829.42,Paid,ACH
PM0005482,P001536,2023-12-14,242.71,Paid,Check
PM0005483,P001536,2024-02-26,242.71,Paid,ACH
PM0005484,P001536,2024-06-05,242.71,Paid,ACH
PM0005485,P001537,2025-03-27,454.76,Paid,Wire
PM0005486,P001537,2025-06-21,454.76,Paid,Check
PM0005487,P001537,2025-09-19,454.76,Paid,Wire
PM0005488,P001538,2023-01-26,470.32,Paid,Wire
PM0005489,P001538,2023-04-26,470.32,Paid,ACH
PM0005490,P001538,2023-07-29,470.32,Paid,Card
PM0005491,P001538,2023-10-19,470.32,Paid,Check
PM0005492,P001539,2023-06-17,366.14,Paid,Card
PM0005493,P001539,2023-09-11,366.14,Paid,Card
PM0005494,P001539,2023-12-24,366.14,Paid,Check
PM0005495,P001539,2024-03-24,366.14,Paid,ACH
PM0005496,P001540,2024-01-07,343.98,Paid,Check
PM0005497,P001540,2024-03-31,343.98,Paid,Check
PM0005498,P001540,2024-07-09,343.98,Paid,Wire
PM0005499,P001540,2024-10-09,343.98,Paid,Card
PM0005500,P001541,2025-06-20,338.5,Paid,ACH
PM0005501,P001541,2025-10-04,338.5,Paid,ACH
PM0005502,P001542,2025-01-29,435.19,Paid,Card
PM0005503,P001542,2025-04-30,435.19,Paid,Check
PM0005504,P001542,2025-08-16,435.19,Paid,Check
PM0005505,P001542,2025-11-02,435.19,Paid,ACH
PM0005506,P001543,2023-05-03,1128.67,Paid,ACH
PM0005507,P001543,2023-07-18,1128.67,Paid,ACH
PM0005508,P001543,2023-10-19,1128.67,Paid,Card
PM0005509,P001543,2024-01-26,1128.67,Paid,Card
PM0005510,P001544,2023-10-29,397.76,Paid,Card
PM0005511,P001544,2024-01-23,397.76,Paid,ACH
PM0005512,P001544,2024-05-03,397.76,Paid,Card
PM0005513,P001544,2024-07-27,397.76,Failed,ACH
PM0005514,P001545,2023-07-04,218.99,Paid,Check
PM0005515,P001545,2023-10-07,218.99,Paid,ACH
PM0005516,P001545,2023-12-25,218.99,Paid,Check
PM0005517,P001545,2024-04-04,218.99,Late,ACH
PM0005518,P001546,2024-12-29,346.8,Paid,Wire
PM0005519,P001546,2025-04-05,346.8,Paid,Wire
PM0005520,P001546,2025-07-06,346.8,Paid,Check
PM0005521,P001547,2023-08-13,1042.76,Paid,Check
PM0005522,P001547,2023-11-10,1042.76,Failed,Check
PM0005523,P001547,2024-01-24,1042.76,Paid,Wire
PM0005524,P001548,2024-05-16,1397.38,Paid,Card
PM0005525,P001548,2024-08-20,1397.38,Paid,ACH
PM0005526,P001548,2024-10-29,1397.38,Paid,ACH
PM0005527,P001548,2025-01-31,1397.38,Paid,Wire
PM0005528,P001549,2025-03-01,770.07,Paid,ACH
PM0005529,P001549,2025-05-25,770.07,Paid,Wire
PM0005530,P001549,2025-08-30,770.07,Paid,Card
PM0005531,P001549,2025-11-18,770.07,Paid,Card
PM0005532,P001550,2023-07-15,249.63,Paid,Wire
PM0005533,P001550,2023-10-23,249.63,Paid,ACH
PM0005534,P001550,2024-01-08,249.63,Late,Card
PM0005535,P001550,2024-04-08,249.63,Paid,Wire
PM0005536,P001551,2025-04-13,828.37,Paid,ACH
PM0005537,P001551,2025-07-27,828.37,Paid,Check
PM0005538,P001551,2025-10-14,828.37,Paid,Card
PM0005539,P001552,2023-10-18,2273.72,Paid,Card
PM0005540,P001552,2024-04-14,2273.72,Paid,Wire
PM0005541,P001552,2024-07-20,2273.72,Paid,Card
PM0005542,P001553,2025-03-15,2688.93,Paid,Card
PM0005543,P001553,2025-06-14,2688.93,Paid,Check
PM0005544,P001553,2025-09-16,2688.93,Paid,Wire
PM0005545,P001553,2025-11-28,2688.93,Paid,Check
PM0005546,P001554,2024-09-19,503.51,Failed,Card
PM0005547,P001554,2024-12-09,503.51,Paid,Card
PM0005548,P001554,2025-03-10,503.51,Paid,Card
PM0005549,P001554,2025-06-07,503.51,Paid,Card
PM0005550,P001555,2023-11-24,2085.76,Paid,Card
PM0005551,P001555,2024-02-28,2085.76,Paid,Check
PM0005552,P001555,2024-05-20,2085.76,Paid,Card
PM0005553,P001555,2024-08-25,2085.76,Paid,ACH
PM0005554,P001556,2025-02-05,335.31,Paid,ACH
PM0005555,P001556,2025-04-20,335.31,Paid,Card
PM0005556,P001556,2025-10-21,335.31,Paid,Card
PM0005557,P001557,2023-08-08,1876.7,Paid,Check
PM0005558,P001557,2023-10-22,1876.7,Failed,ACH
PM0005559,P001557,2024-02-05,1876.7,Paid,Wire
PM0005560,P001557,2024-04-23,1876.7,Paid,Check
PM0005561,P001558,2023-10-20,496.87,Paid,ACH
PM0005562,P001558,2024-01-10,496.87,Paid,Wire
PM0005563,P001558,2024-04-04,496.87,Paid,Card
PM0005564,P001558,2024-06-27,496.87,Paid,Card
PM0005565,P001559,2023-02-16,1067.04,Paid,Card
PM0005566,P001559,2023-05-19,1067.04,Paid,Check
PM0005567,P001559,2023-08-01,1067.04,Paid,Check
PM0005568,P001559,2023-11-01,1067.04,Paid,Check
PM0005569,P001560,2023-06-23,341.28,Paid,Wire
PM0005570,P001560,2023-12-10,341.28,Paid,Card
PM0005571,P001560,2024-03-14,341.28,Paid,Check
PM0005572,P001561,2025-04-27,253.87,Paid,Card
PM0005573,P001561,2025-07-24,253.87,Paid,Check
PM0005574,P001561,2025-10-23,253.87,Failed,Wire
PM0005575,P001562,2023-08-23,368.97,Paid,Wire
PM0005576,P001562,2023-11-21,368.97,Paid,ACH
PM0005577,P001562,2024-02-20,368.97,Paid,Card
PM0005578,P001562,2024-05-19,368.97,Paid,Check
PM0005579,P001563,2023-11-24,1509.06,Paid,Check
PM0005580,P001563,2024-02-18,1509.06,Paid,Check
PM0005581,P001563,2024-05-15,1509.06,Paid,Card
PM0005582,P001563,2024-08-22,1509.06,Refunded,ACH
PM0005583,P001564,2023-06-24,2078.99,Paid,Card
PM0005584,P001564,2023-09-05,2078.99,Paid,Card
PM0005585,P001564,2023-12-08,2078.99,Refunded,Wire
PM0005586,P001565,2025-01-25,325.73,Late,Card
PM0005587,P001565,2025-05-07,325.73,Paid,ACH
PM0005588,P001565,2025-07-26,325.73,Paid,Card
PM0005589,P001565,2025-11-03,325.73,Paid,ACH
PM0005590,P001566,2023-08-11,249.23,Paid,ACH
PM0005591,P001566,2023-11-10,249.23,Paid,Card
PM0005592,P001566,2024-02-10,249.23,Failed,Check
PM0005593,P001567,2024-08-20,2419.5,Paid,Card
PM0005594,P001567,2024-11-23,2419.5,Paid,Wire
PM0005595,P001567,2025-02-14,2419.5,Paid,Wire
PM0005596,P001567,2025-05-06,2419.5,Paid,ACH
PM0005597,P001568,2024-02-04,2738.86,Paid,Check
PM0005598,P001568,2024-05-09,2738.86,Paid,ACH
PM0005599,P001568,2024-08-04,2738.86,Paid,Check
PM0005600,P001568,2024-10-21,2738.86,Paid,Check
PM0005601,P001569,2024-03-11,182.55,Paid,Check
PM0005602,P001570,2023-01-10,274.24,Late,Card
PM0005603,P001570,2023-04-14,274.24,Paid,Card
PM0005604,P001570,2023-06-28,274.24,Paid,ACH
PM0005605,P001570,2023-09-28,274.24,Paid,Card
PM0005606,P001571,2024-02-15,245.68,Paid,Card
PM0005607,P001571,2024-05-11,245.68,Paid,Card
PM0005608,P001571,2024-08-24,245.68,Paid,Check
PM0005609,P001571,2024-11-11,245.68,Paid,Card
PM0005610,P001572,2024-07-30,788.89,Paid,Card
PM0005611,P001572,2024-10-20,788.89,Paid,Card
PM0005612,P001572,2025-01-27,788.89,Paid,ACH
PM0005613,P001572,2025-04-15,788.89,Paid,Card
PM0005614,P001573,2024-12-06,1634.59,Paid,Card
PM0005615,P001573,2025-02-17,1634.59,Paid,Card
PM0005616,P001573,2025-06-03,1634.59,Paid,Wire
PM0005617,P001573,2025-08-23,1634.59,Paid,Check
PM0005618,P001574,2025-03-17,617.62,Paid,Card
PM0005619,P001574,2025-06-15,617.62,Paid,Card
PM0005620,P001574,2025-09-10,617.62,Paid,Card
PM0005621,P001574,2025-12-06,617.62,Paid,ACH
PM0005622,P001575,2025-02-27,176.64,Paid,Check
PM0005623,P001575,2025-05-30,176.64,Late,ACH
PM0005624,P001575,2025-08-25,176.64,Failed,Card
PM0005625,P001575,2025-12-04,176.64,Paid,Wire
PM0005626,P001576,2023-06-10,241.4,Paid,Check
PM0005627,P001576,2023-09-04,241.4,Paid,ACH
PM0005628,P001576,2023-12-06,241.4,Late,Wire
PM0005629,P001576,2024-03-02,241.4,Paid,Card
PM0005630,P001577,2025-06-25,1222.23,Paid,Wire
PM0005631,P001577,2025-12-21,1222.23,Paid,Check
PM0005632,P001578,2023-04-20,385.81,Paid,Wire
PM0005633,P001578,2023-07-21,385.81,Paid,Card
PM0005634,P001578,2023-10-06,385.81,Paid,ACH
PM0005635,P001578,2024-01-23,385.81,Paid,Check
PM0005636,P001579,2023-05-20,736.18,Paid,Check
PM0005637,P001579,2023-08-11,736.18,Refunded,Card
PM0005638,P001579,2023-11-15,736.18,Paid,Check
PM0005639,P001580,2024-02-22,376.86,Paid,Card
PM0005640,P001580,2024-06-03,376.86,Paid,Card
PM0005641,P001581,2024-08-24,316.48,Paid,ACH
PM0005642,P001581,2024-11-14,316.48,Paid,Card
PM0005643,P001581,2025-02-10,316.48,Paid,ACH
PM0005644,P001581,2025-05-21,316.48,Paid,ACH
PM0005645,P001582,2025-03-31,1582.0,Paid,Check
PM0005646,P001582,2025-06-19,1582.0,Paid,Check
PM0005647,P001582,2025-09-10,1582.0,Paid,ACH
PM0005648,P001582,2025-12-21,1582.0,Paid,Card
PM0005649,P001583,2024-04-09,197.4,Paid,Wire
PM0005650,P001583,2024-07-02,197.4,Paid,Wire
PM0005651,P001583,2024-10-01,197.4,Paid,Check
PM0005652,P001584,2024-08-19,669.15,Paid,Card
PM0005653,P001584,2024-12-02,669.15,Paid,Card
PM0005654,P001584,2025-02-19,669.15,Paid,Wire
PM0005655,P001584,2025-05-20,669.15,Failed,Check
PM0005656,P001585,2023-12-15,552.42,Paid,Wire
PM0005657,P001585,2024-03-21,552.42,Paid,Card
PM0005658,P001585,2024-06-22,552.42,Paid,Card
PM0005659,P001585,2024-09-11,552.42,Paid,ACH
PM0005660,P001586,2023-02-18,249.98,Paid,Wire
PM0005661,P001586,2023-08-30,249.98,Late,ACH
PM0005662,P001586,2023-11-10,249.98,Paid,ACH
PM0005663,P001587,2025-04-30,1617.43,Paid,Check
PM0005664,P001587,2025-08-04,1617.43,Paid,Card
PM0005665,P001587,2025-11-04,1617.43,Paid,ACH
PM0005666,P001588,2025-06-15,490.04,Late,Wire
PM0005667,P001588,2025-09-03,490.04,Paid,ACH
PM0005668,P001588,2025-12-02,490.04,Paid,Wire
PM0005669,P001589,2024-05-14,2162.88,Paid,Card
PM0005670,P001589,2024-08-13,2162.88,Paid,Card
PM0005671,P001589,2024-11-13,2162.88,Late,Card
PM0005672,P001589,2025-02-03,2162.88,Paid,ACH
PM0005673,P001590,2023-10-23,1694.88,Failed,ACH
PM0005674,P001590,2024-01-16,1694.88,Paid,Card
PM0005675,P001590,2024-04-01,1694.88,Paid,Check
PM0005676,P001590,2024-07-09,1694.88,Paid,ACH
PM0005677,P001591,2023-01-30,1062.72,Paid,ACH
PM0005678,P001591,2023-04-29,1062.72,Paid,Card
PM0005679,P001591,2023-07-16,1062.72,Paid,Check
PM0005680,P001591,2023-10-23,1062.72,Paid,Wire
PM0005681,P001592,2025-01-31,385.56,Paid,Card
PM0005682,P001592,2025-05-10,385.56,Paid,Wire
PM0005683,P001592,2025-07-26,385.56,Paid,Check
PM0005684,P001592,2025-11-11,385.56,Paid,ACH
PM0005685,P001593,2024-10-07,227.38,Paid,Wire
PM0005686,P001593,2025-01-04,227.38,Paid,Check
PM0005687,P001593,2025-04-05,227.38,Paid,Card
PM0005688,P001593,2025-06-21,227.38,Paid,Card
PM0005689,P001594,2025-04-19,291.37,Paid,Check
PM0005690,P001594,2025-07-30,291.37,Late,ACH
PM0005691,P001594,2025-10-26,291.37,Paid,Wire
PM0005692,P001595,2024-12-15,512.53,Paid,Wire
PM0005693,P001595,2025-03-08,512.53,Paid,Wire
PM0005694,P001595,2025-06-10,512.53,Paid,ACH
PM0005695,P001595,2025-09-10,512.53,Paid,ACH
PM0005696,P001596,2023-05-19,1413.84,Paid,Card
PM0005697,P001596,2023-08-21,1413.84,Paid,Check
PM0005698,P001596,2023-11-21,1413.84,Paid,Card
PM0005699,P001596,2024-02-11,1413.84,Paid,Check
PM0005700,P001597,2024-04-07,267.63,Paid,Wire
PM0005701,P001597,2024-07-09,267.63,Paid,ACH
PM0005702,P001597,2024-12-28,267.63,Paid,Card
PM0005703,P001598,2024-07-01,359.29,Paid,ACH
PM0005704,P001598,2025-01-11,359.29,Paid,Wire
PM0005705,P001599,2023-08-17,970.6,Paid,ACH
PM0005706,P001599,2023-11-19,970.6,Paid,Card
PM0005707,P001599,2024-02-17,970.6,Paid,ACH
PM0005708,P001600,2025-02-19,2123.47,Paid,Wire
PM0005709,P001600,2025-05-06,2123.47,Paid,Card
PM0005710,P001600,2025-08-14,2123.47,Paid,Wire
PM0005711,P001600,2025-11-01,2123.47,Paid,Wire
PM0005712,P001601,2024-11-11,814.49,Paid,ACH
PM0005713,P001601,2025-02-10,814.49,Paid,Card
PM0005714,P001601,2025-05-30,814.49,Paid,Card
PM0005715,P001602,2025-01-30,308.26,Paid,Card
PM0005716,P001602,2025-07-19,308.26,Paid,Check
PM0005717,P001602,2025-10-30,308.26,Paid,ACH
PM0005718,P001603,2024-03-04,1791.61,Paid,Card
PM0005719,P001603,2024-06-15,1791.61,Late,ACH
PM0005720,P001603,2024-09-10,1791.61,Paid,ACH
PM0005721,P001603,2024-11-30,1791.61,Paid,ACH
PM0005722,P001604,2023-07-24,1544.88,Late,Card
PM0005723,P001604,2023-10-21,1544.88,Late,ACH
PM0005724,P001604,2024-01-16,1544.88,Paid,Check
PM0005725,P001605,2023-05-13,285.96,Paid,Wire
PM0005726,P001605,2023-08-03,285.96,Paid,Check
PM0005727,P001605,2023-11-15,285.96,Paid,Check
PM0005728,P001605,2024-02-01,285.96,Paid,Wire
PM0005729,P001606,2023-09-22,323.52,Paid,Card
PM0005730,P001606,2024-01-09,323.52,Paid,Card
PM0005731,P001606,2024-03-20,323.52,Paid,Check
PM0005732,P001607,2023-10-02,385.67,Paid,Card
PM0005733,P001607,2024-01-09,385.67,Paid,Card
PM0005734,P001607,2024-06-29,385.67,Paid,Card
PM0005735,P001608,2025-06-25,1181.02,Paid,ACH
PM0005736,P001608,2025-09-08,1181.02,Paid,ACH
PM0005737,P001608,2025-12-21,1181.02,Late,ACH
PM0005738,P001609,2025-06-17,345.24,Paid,Check
PM0005739,P001609,2025-09-04,345.24,Paid,Check
PM0005740,P001609,2025-12-12,345.24,Paid,Wire
PM0005741,P001610,2023-09-17,624.55,Paid,ACH
PM0005742,P001610,2023-12-23,624.55,Paid,Check
PM0005743,P001610,2024-03-26,624.55,Paid,Check
PM0005744,P001610,2024-06-30,624.55,Late,ACH
PM0005745,P001611,2023-11-26,180.84,Paid,ACH
PM0005746,P001611,2024-02-24,180.84,Paid,Wire
PM0005747,P001611,2024-06-05,180.84,Paid,Wire
PM0005748,P001611,2024-08-27,180.84,Paid,Wire
PM0005749,P001612,2024-03-08,447.82,Paid,Check
PM0005750,P001612,2024-06-17,447.82,Paid,Check
PM0005751,P001612,2024-09-01,447.82,Paid,Card
PM0005752,P001612,2024-12-19,447.82,Paid,Card
PM0005753,P001613,2023-12-27,1768.52,Paid,Check
PM0005754,P001613,2024-04-02,1768.52,Paid,ACH
PM0005755,P001613,2024-06-18,1768.52,Paid,ACH
PM0005756,P001613,2024-09-18,1768.52,Paid,Wire
PM0005757,P001614,2024-02-04,2003.92,Late,Check
PM0005758,P001614,2024-05-11,2003.92,Paid,Check
PM0005759,P001614,2024-08-17,2003.92,Paid,Check
PM0005760,P001615,2024-05-19,489.36,Late,Wire
PM0005761,P001615,2024-08-11,489.36,Paid,ACH
PM0005762,P001615,2024-11-02,489.36,Paid,Check
PM0005763,P001615,2025-01-30,489.36,Paid,Card
PM0005764,P001616,2024-08-02,1697.52,Paid,Wire
PM0005765,P001616,2024-10-17,1697.52,Paid,Card
PM0005766,P001616,2025-01-21,1697.52,Late,Wire
PM0005767,P001616,2025-04-21,1697.52,Paid,ACH
PM0005768,P001617,2023-10-24,472.31,Paid,Card
PM0005769,P001617,2024-01-11,472.31,Failed,Card
PM0005770,P001617,2024-04-12,472.31,Paid,ACH
PM0005771,P001617,2024-07-20,472.31,Late,Wire
PM0005772,P001618,2024-01-28,1336.96,Paid,ACH
PM0005773,P001618,2024-04-22,1336.96,Paid,Wire
PM0005774,P001618,2024-07-16,1336.96,Paid,ACH
PM0005775,P001618,2024-10-19,1336.96,Paid,Card
PM0005776,P001619,2024-09-06,744.13,Paid,ACH
PM0005777,P001619,2024-12-10,744.13,Paid,Card
PM0005778,P001619,2025-03-17,744.13,Paid,ACH
PM0005779,P001620,2024-11-23,308.61,Paid,ACH
PM0005780,P001620,2025-02-12,308.61,Late,ACH
PM0005781,P001620,2025-05-19,308.61,Paid,Card
PM0005782,P001620,2025-08-15,308.61,Paid,Card
PM0005783,P001621,2025-06-09,791.07,Paid,Card
PM0005784,P001621,2025-11-19,791.07,Paid,Card
PM0005785,P001622,2024-06-01,1835.25,Paid,ACH
PM0005786,P001622,2024-09-02,1835.25,Failed,ACH
PM0005787,P001622,2024-11-22,1835.25,Paid,ACH
PM0005788,P001622,2025-03-04,1835.25,Paid,Check
PM0005789,P001623,2023-09-30,509.63,Paid,Wire
PM0005790,P001623,2024-04-07,509.63,Late,Check
PM0005791,P001623,2024-06-22,509.63,Paid,ACH
PM0005792,P001624,2023-02-14,494.64,Paid,Wire
PM0005793,P001624,2023-05-06,494.64,Paid,Wire
PM0005794,P001624,2023-07-25,494.64,Paid,Wire
PM0005795,P001624,2023-11-01,494.64,Paid,Card
PM0005796,P001625,2023-11-22,979.31,Paid,ACH
PM0005797,P001625,2024-02-20,979.31,Paid,Wire
PM0005798,P001625,2024-08-20,979.31,Paid,Check
PM0005799,P001626,2024-05-15,353.05,Failed,Check
PM0005800,P001626,2024-08-13,353.05,Failed,Wire
PM0005801,P001626,2024-11-13,353.05,Paid,Card
PM0005802,P001626,2025-02-09,353.05,Failed,Card
PM0005803,P001627,2023-07-07,315.7,Paid,Card
PM0005804,P001627,2023-09-28,315.7,Paid,Card
PM0005805,P001627,2023-12-22,315.7,Refunded,Card
PM0005806,P001627,2024-04-01,315.7,Paid,Card
PM0005807,P001628,2024-02-01,410.58,Paid,Check
PM0005808,P001628,2024-04-30,410.58,Paid,Check
PM0005809,P001628,2024-08-04,410.58,Paid,Wire
PM0005810,P001628,2024-11-01,410.58,Late,Card
PM0005811,P001629,2025-01-10,572.45,Late,ACH
PM0005812,P001629,2025-04-05,572.45,Paid,Wire
PM0005813,P001629,2025-07-04,572.45,Paid,Check
PM0005814,P001629,2025-10-03,572.45,Paid,Check
PM0005815,P001630,2023-02-10,1813.03,Paid,Wire
PM0005816,P001630,2023-05-11,1813.03,Paid,ACH
PM0005817,P001630,2023-08-07,1813.03,Paid,Check
PM0005818,P001630,2023-11-11,1813.03,Paid,Card
PM0005819,P001631,2023-03-09,332.32,Paid,Card
PM0005820,P001631,2023-06-09,332.32,Paid,Wire
PM0005821,P001631,2023-08-26,332.32,Paid,ACH
PM0005822,P001631,2023-12-04,332.32,Paid,Check
PM0005823,P001632,2024-05-13,511.63,Paid,Wire
PM0005824,P001632,2024-08-07,511.63,Paid,ACH
PM0005825,P001632,2024-11-02,511.63,Paid,Card
PM0005826,P001632,2025-02-04,511.63,Paid,Card
PM0005827,P001633,2024-07-20,379.29,Paid,Wire
PM0005828,P001633,2024-10-29,379.29,Paid,ACH
PM0005829,P001633,2025-01-30,379.29,Paid,Check
PM0005830,P001633,2025-04-14,379.29,Paid,Check
PM0005831,P001634,2025-03-01,1056.19,Paid,Check
PM0005832,P001634,2025-05-24,1056.19,Paid,ACH
PM0005833,P001634,2025-11-21,1056.19,Paid,Card
PM0005834,P001635,2024-07-19,153.6,Refunded,Wire
PM0005835,P001635,2024-10-29,153.6,Paid,Card
PM0005836,P001635,2025-01-24,153.6,Paid,Card
PM0005837,P001636,2025-01-20,767.88,Paid,Wire
PM0005838,P001636,2025-04-11,767.88,Paid,Wire
PM0005839,P001636,2025-07-26,767.88,Failed,Wire
PM0005840,P001636,2025-10-15,767.88,Paid,Wire
PM0005841,P001637,2024-04-14,260.14,Paid,Check
PM0005842,P001637,2024-07-11,260.14,Paid,ACH
PM0005843,P001638,2023-05-04,1628.84,Failed,Wire
PM0005844,P001638,2023-11-08,1628.84,Late,Wire
PM0005845,P001638,2024-01-31,1628.84,Paid,Wire
PM0005846,P001639,2023-01-25,313.5,Paid,Wire
PM0005847,P001639,2023-04-26,313.5,Paid,Check
PM0005848,P001639,2023-08-05,313.5,Late,Check
PM0005849,P001639,2023-10-25,313.5,Paid,Card
PM0005850,P001640,2025-06-16,292.94,Paid,Check
PM0005851,P001640,2025-09-19,292.94,Refunded,Card
PM0005852,P001640,2025-12-12,292.94,Paid,Card
PM0005853,P001641,2023-09-20,1676.04,Paid,ACH
PM0005854,P001641,2023-12-24,1676.04,Paid,Check
PM0005855,P001641,2024-03-18,1676.04,Paid,Check
PM0005856,P001642,2025-02-26,414.4,Paid,Card
PM0005857,P001642,2025-05-28,414.4,Paid,Check
PM0005858,P001642,2025-09-06,414.4,Paid,Wire
PM0005859,P001642,2025-11-27,414.4,Paid,Card
PM0005860,P001643,2024-05-15,341.73,Paid,Wire
PM0005861,P001643,2024-07-26,341.73,Paid,Wire
PM0005862,P001643,2025-01-28,341.73,Paid,Check
PM0005863,P001644,2024-04-17,407.84,Paid,Wire
PM0005864,P001644,2024-07-23,407.84,Paid,Wire
PM0005865,P001644,2024-10-27,407.84,Paid,Check
PM0005866,P001644,2025-01-21,407.84,Paid,ACH
PM0005867,P001645,2025-01-04,388.13,Paid,Card
PM0005868,P001645,2025-04-19,388.13,Paid,ACH
PM0005869,P001645,2025-07-05,388.13,Paid,Card
PM0005870,P001645,2025-10-09,388.13,Paid,Wire
PM0005871,P001646,2023-09-01,692.73,Paid,Card
PM0005872,P001646,2023-11-24,692.73,Paid,Check
PM0005873,P001646,2024-02-18,692.73,Paid,Wire
PM0005874,P001647,2024-09-01,336.03,Paid,Wire
PM0005875,P001647,2024-12-02,336.03,Failed,Card
PM0005876,P001647,2025-02-20,336.03,Paid,Wire
PM0005877,P001647,2025-05-21,336.03,Paid,Wire
PM0005878,P001648,2023-07-21,633.65,Paid,ACH
PM0005879,P001648,2024-01-25,633.65,Paid,Card
PM0005880,P001648,2024-04-12,633.65,Paid,ACH
PM0005881,P001649,2024-05-26,381.5,Paid,Card
PM0005882,P001649,2024-08-15,381.5,Paid,ACH
PM0005883,P001649,2024-11-21,381.5,Paid,Card
PM0005884,P001649,2025-02-23,381.5,Paid,Check
PM0005885,P001650,2024-03-11,368.05,Paid,Wire
PM0005886,P001650,2024-05-25,368.05,Paid,Card
PM0005887,P001650,2024-11-19,368.05,Paid,Check
PM0005888,P001651,2024-08-31,259.9,Paid,Check
PM0005889,P001651,2024-12-01,259.9,Failed,Card
PM0005890,P001651,2025-03-13,259.9,Late,Card
PM0005891,P001651,2025-06-09,259.9,Failed,Wire
PM0005892,P001652,2024-04-21,2421.18,Paid,Check
PM0005893,P001652,2024-08-01,2421.18,Paid,Card
PM0005894,P001652,2024-10-11,2421.18,Paid,Check
PM0005895,P001652,2025-01-21,2421.18,Paid,Check
PM0005896,P001653,2024-04-06,781.01,Late,Card
PM0005897,P001653,2024-07-18,781.01,Paid,Check
PM0005898,P001653,2024-09-30,781.01,Paid,Check
PM0005899,P001653,2025-01-06,781.01,Paid,Check
PM0005900,P001654,2025-05-14,1382.08,Paid,ACH
PM0005901,P001654,2025-08-12,1382.08,Paid,Wire
PM0005902,P001654,2025-11-15,1382.08,Paid,Card
PM0005903,P001655,2024-02-09,402.58,Paid,Wire
PM0005904,P001655,2024-05-05,402.58,Paid,Card
PM0005905,P001655,2024-11-17,402.58,Late,Check
PM0005906,P001656,2024-01-12,552.18,Paid,ACH
PM0005907,P001656,2024-04-18,552.18,Paid,Wire
PM0005908,P001656,2024-07-16,552.18,Paid,Check
PM0005909,P001656,2024-10-15,552.18,Late,Check
PM0005910,P001657,2024-08-20,189.5,Paid,Wire
PM0005911,P001657,2024-12-04,189.5,Refunded,Card
PM0005912,P001657,2025-02-26,189.5,Paid,ACH
PM0005913,P001657,2025-05-23,189.5,Late,Card
PM0005914,P001658,2025-04-10,347.72,Paid,Card
PM0005915,P001658,2025-07-26,347.72,Late,Wire
PM0005916,P001659,2025-06-11,291.18,Paid,Check
PM0005917,P001659,2025-09-01,291.18,Paid,Wire
PM0005918,P001659,2025-11-27,291.18,Paid,Wire
PM0005919,P001660,2023-10-25,480.43,Paid,Card
PM0005920,P001660,2024-01-21,480.43,Paid,Card
PM0005921,P001660,2024-05-06,480.43,Paid,Check
PM0005922,P001660,2024-08-04,480.43,Paid,Card
PM0005923,P001661,2023-04-30,606.83,Late,ACH
PM0005924,P001661,2023-07-12,606.83,Paid,Card
PM0005925,P001661,2023-10-28,606.83,Paid,Card
PM0005926,P001661,2024-01-18,606.83,Paid,Card
PM0005927,P001662,2023-03-19,412.84,Paid,Wire
PM0005928,P001662,2023-06-30,412.84,Paid,ACH
PM0005929,P001662,2023-09-25,412.84,Paid,Wire
PM0005930,P001662,2023-12-29,412.84,Paid,Card
PM0005931,P001663,2025-05-02,671.27,Paid,ACH
PM0005932,P001663,2025-07-30,671.27,Paid,Wire
PM0005933,P001664,2023-06-11,1356.06,Late,Wire
PM0005934,P001664,2023-09-10,1356.06,Paid,Check
PM0005935,P001664,2023-11-29,1356.06,Paid,Wire
PM0005936,P001664,2024-02-22,1356.06,Paid,ACH
PM0005937,P001665,2024-03-02,389.92,Paid,Card
PM0005938,P001665,2024-06-02,389.92,Paid,ACH
PM0005939,P001665,2024-08-15,389.92,Paid,Check
PM0005940,P001665,2024-11-27,389.92,Paid,ACH
PM0005941,P001666,2025-02-06,729.75,Paid,Card
PM0005942,P001666,2025-05-05,729.75,Paid,Card
PM0005943,P001666,2025-08-06,729.75,Paid,ACH
PM0005944,P001667,2024-11-05,200.54,Paid,Wire
PM0005945,P001667,2025-01-28,200.54,Paid,Wire
PM0005946,P001667,2025-04-29,200.54,Paid,ACH
PM0005947,P001667,2025-07-28,200.54,Paid,Card
PM0005948,P001668,2024-05-16,420.11,Paid,Check
PM0005949,P001668,2024-08-01,420.11,Paid,Card
PM0005950,P001668,2024-11-07,420.11,Paid,Wire
PM0005951,P001668,2025-01-27,420.11,Paid,Card
PM0005952,P001669,2023-04-27,795.8,Paid,Card
PM0005953,P001669,2023-07-20,795.8,Paid,Card
PM0005954,P001669,2023-10-10,795.8,Paid,Card
PM0005955,P001670,2025-05-26,2088.56,Paid,Check
PM0005956,P001670,2025-12-02,2088.56,Paid,Card
PM0005957,P001671,2023-10-07,333.31,Paid,ACH
PM0005958,P001671,2024-04-09,333.31,Paid,Check
PM0005959,P001672,2024-05-17,261.41,Paid,Card
PM0005960,P001672,2024-11-03,261.41,Paid,Card
PM0005961,P001672,2025-01-28,261.41,Paid,Check
PM0005962,P001673,2024-12-13,1121.04,Paid,Card
PM0005963,P001673,2025-03-13,1121.04,Paid,ACH
PM0005964,P001673,2025-06-15,1121.04,Paid,Check
PM0005965,P001673,2025-09-24,1121.04,Paid,Check
PM0005966,P001674,2025-06-15,520.8,Paid,Card
PM0005967,P001674,2025-09-10,520.8,Paid,Card
PM0005968,P001675,2024-08-16,347.1,Paid,Card
PM0005969,P001675,2025-03-03,347.1,Paid,Wire
PM0005970,P001675,2025-06-02,347.1,Paid,Check
PM0005971,P001676,2024-07-30,820.95,Paid,Check
PM0005972,P001676,2024-10-22,820.95,Refunded,Check
PM0005973,P001676,2025-01-26,820.95,Paid,ACH
PM0005974,P001676,2025-04-07,820.95,Paid,Check
PM0005975,P001677,2023-11-03,1692.99,Paid,Card
PM0005976,P001677,2024-01-26,1692.99,Paid,Wire
PM0005977,P001677,2024-04-21,1692.99,Paid,Card
PM0005978,P001677,2024-07-25,1692.99,Paid,ACH
PM0005979,P001678,2023-12-01,374.67,Paid,Card
PM0005980,P001678,2024-03-05,374.67,Paid,Check
PM0005981,P001678,2024-06-05,374.67,Paid,ACH
PM0005982,P001678,2024-08-26,374.67,Paid,Card
PM0005983,P001679,2023-10-14,1585.18,Paid,Card
PM0005984,P001679,2023-12-28,1585.18,Paid,Check
PM0005985,P001679,2024-04-07,1585.18,Paid,Card
PM0005986,P001679,2024-06-28,1585.18,Paid,ACH
PM0005987,P001680,2024-10-14,794.32,Paid,Wire
PM0005988,P001680,2025-01-22,794.32,Paid,Wire
PM0005989,P001680,2025-04-28,794.32,Paid,Wire
PM0005990,P001680,2025-07-08,794.32,Paid,Check
PM0005991,P001681,2025-07-02,373.23,Paid,Card
PM0005992,P001681,2025-09-21,373.23,Failed,ACH
PM0005993,P001681,2025-12-30,373.23,Paid,Check
PM0005994,P001682,2023-01-20,715.71,Late,ACH
PM0005995,P001682,2023-04-15,715.71,Paid,Check
PM0005996,P001682,2023-07-20,715.71,Paid,Card
PM0005997,P001682,2023-10-09,715.71,Paid,Wire
PM0005998,P001683,2023-08-13,449.16,Paid,Check
PM0005999,P001683,2023-11-06,449.16,Paid,ACH
PM0006000,P001683,2024-02-17,449.16,Paid,Check
PM0006001,P001683,2024-05-14,449.16,Paid,Wire
PM0006002,P001684,2025-05-22,341.12,Paid,Card
PM0006003,P001684,2025-08-12,341.12,Refunded,Wire
PM0006004,P001684,2025-11-19,341.12,Late,Card
PM0006005,P001685,2024-05-25,276.54,Late,Check
PM0006006,P001685,2024-08-22,276.54,Paid,ACH
PM0006007,P001685,2024-11-15,276.54,Paid,Wire
PM0006008,P001686,2024-06-20,607.03,Paid,Check
PM0006009,P001686,2024-09-05,607.03,Paid,Wire
PM0006010,P001686,2024-12-05,607.03,Failed,Card
PM0006011,P001686,2025-03-08,607.03,Paid,ACH
PM0006012,P001687,2023-05-05,1485.23,Paid,ACH
PM0006013,P001687,2023-08-13,1485.23,Paid,Wire
PM0006014,P001687,2023-10-24,1485.23,Paid,Check
PM0006015,P001687,2024-02-02,1485.23,Paid,ACH
PM0006016,P001688,2025-09-07,323.31,Paid,Check
PM0006017,P001689,2024-06-05,1491.16,Paid,Wire
PM0006018,P001689,2024-08-24,1491.16,Paid,Check
PM0006019,P001689,2024-11-30,1491.16,Paid,Card
PM0006020,P001689,2025-02-22,1491.16,Paid,Card
PM0006021,P001690,2024-12-07,312.69,Paid,ACH
PM0006022,P001690,2025-03-08,312.69,Paid,Wire
PM0006023,P001690,2025-06-03,312.69,Paid,Card
PM0006024,P001691,2023-12-15,1035.03,Paid,Check
PM0006025,P001691,2024-04-01,1035.03,Paid,Wire
PM0006026,P001691,2024-07-02,1035.03,Paid,Card
PM0006027,P001691,2024-09-13,1035.03,Paid,Check
PM0006028,P001692,2024-07-06,464.64,Paid,Check
PM0006029,P001692,2024-09-22,464.64,Paid,ACH
PM0006030,P001692,2024-12-29,464.64,Paid,Card
PM0006031,P001693,2024-04-13,768.78,Paid,Wire
PM0006032,P001693,2024-07-01,768.78,Paid,Check
PM0006033,P001693,2024-10-11,768.78,Late,Wire
PM0006034,P001693,2025-01-04,768.78,Paid,Card
PM0006035,P001694,2025-04-24,1297.84,Paid,Wire
PM0006036,P001694,2025-11-08,1297.84,Paid,Wire
PM0006037,P001695,2024-06-22,773.36,Refunded,Wire
PM0006038,P001695,2025-01-05,773.36,Paid,ACH
PM0006039,P001696,2023-09-18,207.07,Paid,Check
PM0006040,P001696,2023-12-22,207.07,Paid,Check
PM0006041,P001696,2024-04-02,207.07,Late,Check
PM0006042,P001696,2024-06-19,207.07,Paid,ACH
PM0006043,P001697,2023-09-07,792.64,Paid,ACH
PM0006044,P001697,2023-12-01,792.64,Paid,ACH
PM0006045,P001697,2024-03-01,792.64,Paid,Wire
PM0006046,P001697,2024-05-31,792.64,Paid,Wire
PM0006047,P001698,2025-06-25,740.62,Late,Wire
PM0006048,P001698,2025-09-14,740.62,Late,Wire
PM0006049,P001698,2025-12-18,740.62,Paid,ACH
PM0006050,P001699,2024-05-04,998.04,Paid,Card
PM0006051,P001699,2024-08-04,998.04,Failed,Card
PM0006052,P001699,2024-10-23,998.04,Paid,Card
PM0006053,P001699,2025-01-28,998.04,Late,Card
PM0006054,P001700,2025-03-06,1126.44,Paid,Wire
PM0006055,P001700,2025-06-19,1126.44,Paid,Wire
PM0006056,P001700,2025-09-02,1126.44,Paid,Wire
PM0006057,P001700,2025-12-03,1126.44,Paid,Wire
PM0006058,P001701,2023-11-03,392.15,Refunded,Wire
PM0006059,P001701,2024-01-23,392.15,Paid,ACH
PM0006060,P001701,2024-04-30,392.15,Paid,Check
PM0006061,P001701,2024-07-26,392.15,Paid,Card
PM0006062,P001702,2024-08-29,1954.66,Paid,ACH
PM0006063,P001702,2024-11-26,1954.66,Failed,Card
PM0006064,P001702,2025-03-11,1954.66,Paid,ACH
PM0006065,P001702,2025-06-06,1954.66,Paid,Wire
PM0006066,P001703,2023-10-02,1193.8,Late,Card
PM0006067,P001703,2024-01-11,1193.8,Paid,Wire
PM0006068,P001703,2024-04-02,1193.8,Paid,Wire
PM0006069,P001703,2024-07-02,1193.8,Paid,Wire
PM0006070,P001704,2025-06-10,2712.02,Paid,Check
PM0006071,P001704,2025-09-17,2712.02,Paid,Card
PM0006072,P001704,2025-12-01,2712.02,Paid,Card
PM0006073,P001705,2025-04-27,402.43,Paid,Wire
PM0006074,P001705,2025-07-24,402.43,Paid,Check
PM0006075,P001705,2025-10-18,402.43,Paid,Wire
PM0006076,P001706,2023-11-17,1441.52,Paid,Check
PM0006077,P001706,2024-02-20,1441.52,Paid,Card
PM0006078,P001706,2024-05-27,1441.52,Paid,ACH
PM0006079,P001706,2024-08-22,1441.52,Paid,ACH
PM0006080,P001707,2024-04-10,371.35,Paid,Card
PM0006081,P001707,2024-07-04,371.35,Paid,Card
PM0006082,P001707,2024-10-14,371.35,Paid,Wire
PM0006083,P001707,2025-01-02,371.35,Late,Card
PM0006084,P001708,2025-06-01,744.18,Late,ACH
PM0006085,P001708,2025-08-14,744.18,Paid,ACH
PM0006086,P001708,2025-11-09,744.18,Paid,Wire
PM0006087,P001709,2025-03-17,792.69,Paid,Check
PM0006088,P001709,2025-06-05,792.69,Paid,Card
PM0006089,P001709,2025-12-12,792.69,Paid,Check
PM0006090,P001710,2025-01-28,183.34,Paid,ACH
PM0006091,P001710,2025-04-15,183.34,Paid,Card
PM0006092,P001710,2025-07-29,183.34,Paid,Wire
PM0006093,P001711,2023-06-27,423.61,Paid,Wire
PM0006094,P001711,2023-09-30,423.61,Paid,Wire
PM0006095,P001711,2023-12-22,423.61,Paid,Card
PM0006096,P001712,2024-01-11,316.17,Paid,Wire
PM0006097,P001712,2024-07-07,316.17,Paid,Wire
PM0006098,P001712,2024-10-08,316.17,Paid,Card
PM0006099,P001713,2023-04-25,1488.37,Paid,ACH
PM0006100,P001713,2023-08-04,1488.37,Paid,ACH
PM0006101,P001713,2023-11-02,1488.37,Late,ACH
PM0006102,P001713,2024-01-18,1488.37,Paid,Wire
PM0006103,P001714,2023-05-27,749.74,Paid,Wire
PM0006104,P001714,2023-08-20,749.74,Failed,ACH
PM0006105,P001714,2023-11-18,749.74,Paid,Card
PM0006106,P001714,2024-02-15,749.74,Paid,Check
PM0006107,P001715,2023-10-23,1416.43,Paid,Card
PM0006108,P001715,2024-01-12,1416.43,Paid,Card
PM0006109,P001715,2024-04-08,1416.43,Failed,ACH
PM0006110,P001715,2024-07-07,1416.43,Paid,Wire
PM0006111,P001716,2023-01-29,148.46,Paid,Wire
PM0006112,P001716,2023-05-08,148.46,Paid,ACH
PM0006113,P001716,2023-07-29,148.46,Paid,ACH
PM0006114,P001716,2023-11-11,148.46,Paid,Check
PM0006115,P001717,2024-04-29,823.03,Late,Wire
PM0006116,P001717,2024-07-17,823.03,Paid,Wire
PM0006117,P001717,2024-10-16,823.03,Paid,Wire
PM0006118,P001717,2025-01-21,823.03,Paid,ACH
PM0006119,P001718,2025-03-17,243.1,Failed,Card
PM0006120,P001718,2025-05-30,243.1,Paid,Check
PM0006121,P001718,2025-09-04,243.1,Paid,Card
PM0006122,P001718,2025-12-03,243.1,Paid,Check
PM0006123,P001719,2024-02-16,289.77,Paid,Card
PM0006124,P001719,2024-05-24,289.77,Paid,Card
PM0006125,P001719,2024-08-11,289.77,Paid,Card
PM0006126,P001719,2024-11-21,289.77,Paid,Wire
PM0006127,P001720,2023-01-23,770.87,Late,Wire
PM0006128,P001720,2023-04-23,770.87,Paid,Card
PM0006129,P001720,2023-07-17,770.87,Paid,ACH
PM0006130,P001720,2023-10-10,770.87,Paid,ACH
PM0006131,P001721,2024-01-11,360.14,Paid,Wire
PM0006132,P001721,2024-04-26,360.14,Paid,Check
PM0006133,P001721,2024-07-12,360.14,Failed,Wire
PM0006134,P001721,2024-10-19,360.14,Paid,Wire
PM0006135,P001722,2023-08-05,250.13,Paid,Wire
PM0006136,P001722,2023-10-20,250.13,Paid,Card
PM0006137,P001722,2024-01-20,250.13,Paid,Check
PM0006138,P001722,2024-04-26,250.13,Paid,ACH
PM0006139,P001723,2024-10-25,2584.84,Paid,Check
PM0006140,P001723,2025-01-12,2584.84,Paid,ACH
PM0006141,P001723,2025-04-23,2584.84,Paid,Card
PM0006142,P001723,2025-07-16,2584.84,Paid,Card
PM0006143,P001724,2024-03-24,302.07,Paid,Check
PM0006144,P001724,2024-06-27,302.07,Paid,Card
PM0006145,P001724,2024-10-06,302.07,Paid,ACH
PM0006146,P001724,2024-12-19,302.07,Late,Check
PM0006147,P001725,2023-09-08,2375.22,Paid,ACH
PM0006148,P001725,2023-12-10,2375.22,Paid,Wire
PM0006149,P001725,2024-02-22,2375.22,Paid,Check
PM0006150,P001725,2024-05-23,2375.22,Paid,ACH
PM0006151,P001726,2024-03-02,2048.97,Paid,ACH
PM0006152,P001726,2024-05-30,2048.97,Paid,ACH
PM0006153,P001726,2024-08-11,2048.97,Late,ACH
PM0006154,P001727,2023-04-23,288.8,Paid,Check
PM0006155,P001727,2023-07-26,288.8,Paid,Check
PM0006156,P001727,2023-10-17,288.8,Paid,ACH
PM0006157,P001727,2024-01-30,288.8,Paid,Card
PM0006158,P001728,2024-10-02,272.14,Paid,Card
PM0006159,P001728,2025-01-10,272.14,Paid,Card
PM0006160,P001728,2025-04-02,272.14,Paid,Check
PM0006161,P001728,2025-07-13,272.14,Paid,Wire
PM0006162,P001729,2024-07-04,429.63,Paid,Check
PM0006163,P001729,2024-10-09,429.63,Paid,Card
PM0006164,P001729,2024-12-29,429.63,Paid,Card
PM0006165,P001729,2025-03-29,429.63,Paid,Wire
PM0006166,P001730,2024-03-02,728.69,Paid,Wire
PM0006167,P001730,2024-06-01,728.69,Failed,Card
PM0006168,P001730,2024-08-29,728.69,Paid,Card
PM0006169,P001730,2024-12-05,728.69,Paid,Wire
PM0006170,P001731,2024-05-16,516.68,Paid,Card
PM0006171,P001731,2024-08-05,516.68,Failed,ACH
PM0006172,P001731,2024-11-08,516.68,Paid,Check
PM0006173,P001732,2023-08-14,832.37,Paid,ACH
PM0006174,P001732,2023-11-22,832.37,Paid,Wire
PM0006175,P001732,2024-02-25,832.37,Paid,ACH
PM0006176,P001732,2024-05-15,832.37,Paid,Card
PM0006177,P001733,2025-06-07,1114.33,Paid,ACH
PM0006178,P001733,2025-08-21,1114.33,Late,ACH
PM0006179,P001733,2025-12-01,1114.33,Paid,ACH
PM0006180,P001734,2025-01-05,1481.41,Paid,Check
PM0006181,P001734,2025-04-07,1481.41,Paid,Wire
PM0006182,P001734,2025-09-23,1481.41,Paid,Check
PM0006183,P001735,2025-05-22,746.15,Paid,Check
PM0006184,P001735,2025-08-26,746.15,Paid,Wire
PM0006185,P001735,2025-11-13,746.15,Paid,Card
PM0006186,P001736,2023-04-22,2152.22,Paid,Wire
PM0006187,P001736,2023-07-05,2152.22,Paid,Check
PM0006188,P001736,2023-10-01,2152.22,Failed,Card
PM0006189,P001736,2024-01-09,2152.22,Paid,Check
PM0006190,P001737,2023-08-17,1322.46,Paid,Check
PM0006191,P001737,2023-11-22,1322.46,Paid,ACH
PM0006192,P001737,2024-02-13,1322.46,Paid,Wire
PM0006193,P001737,2024-05-22,1322.46,Paid,Check
PM0006194,P001738,2025-05-11,831.59,Late,ACH
PM0006195,P001738,2025-08-02,831.59,Paid,Wire
PM0006196,P001738,2025-10-28,831.59,Paid,Card
PM0006197,P001739,2025-07-08,211.21,Paid,Wire
PM0006198,P001739,2025-09-22,211.21,Paid,Check
PM0006199,P001740,2024-01-22,233.29,Paid,Check
PM0006200,P001740,2024-04-27,233.29,Paid,Card
PM0006201,P001740,2024-07-29,233.29,Paid,Wire
PM0006202,P001740,2024-10-19,233.29,Paid,Card
PM0006203,P001741,2023-04-24,406.34,Paid,Card
PM0006204,P001741,2023-07-07,406.34,Paid,Wire
PM0006205,P001741,2023-10-17,406.34,Paid,Check
PM0006206,P001741,2024-01-22,406.34,Paid,Wire
PM0006207,P001742,2023-07-14,472.75,Paid,Check
PM0006208,P001742,2023-10-27,472.75,Failed,Card
PM0006209,P001742,2024-01-15,472.75,Paid,Wire
PM0006210,P001742,2024-04-18,472.75,Paid,Check
PM0006211,P001743,2024-04-26,204.97,Paid,Card
PM0006212,P001743,2024-07-10,204.97,Failed,Wire
PM0006213,P001743,2024-10-21,204.97,Paid,Wire
PM0006214,P001743,2025-01-10,204.97,Failed,Check
PM0006215,P001744,2023-02-22,1620.48,Paid,Card
PM0006216,P001744,2023-05-16,1620.48,Paid,Card
PM0006217,P001744,2023-08-20,1620.48,Paid,Card
PM0006218,P001744,2023-11-23,1620.48,Paid,Wire
PM0006219,P001745,2023-03-13,809.59,Paid,Check
PM0006220,P001745,2023-06-05,809.59,Paid,ACH
PM0006221,P001746,2023-07-18,206.83,Paid,Wire
PM0006222,P001746,2023-10-21,206.83,Paid,Card
PM0006223,P001746,2024-01-22,206.83,Paid,ACH
PM0006224,P001746,2024-04-22,206.83,Paid,ACH
PM0006225,P001747,2023-04-05,1330.95,Late,Check
PM0006226,P001747,2023-06-21,1330.95,Paid,Card
PM0006227,P001747,2023-10-04,1330.95,Paid,Wire
PM0006228,P001747,2023-12-20,1330.95,Paid,Check
PM0006229,P001748,2023-11-14,1216.67,Paid,Check
PM0006230,P001748,2024-02-09,1216.67,Paid,Card
PM0006231,P001748,2024-05-12,1216.67,Paid,Wire
PM0006232,P001748,2024-08-23,1216.67,Paid,Check
PM0006233,P001749,2025-03-26,533.49,Paid,ACH
PM0006234,P001749,2025-06-09,533.49,Paid,Check
PM0006235,P001749,2025-09-25,533.49,Paid,Check
PM0006236,P001749,2025-12-11,533.49,Paid,ACH
PM0006237,P001750,2024-02-24,352.79,Paid,ACH
PM0006238,P001750,2024-05-16,352.79,Paid,Wire
PM0006239,P001750,2024-08-15,352.79,Paid,Card
PM0006240,P001751,2023-03-21,503.95,Paid,Wire
PM0006241,P001751,2023-06-04,503.95,Paid,Wire
PM0006242,P001751,2023-09-16,503.95,Paid,Check
PM0006243,P001751,2023-12-09,503.95,Paid,Wire
PM0006244,P001752,2024-03-21,2224.19,Paid,Check
PM0006245,P001752,2024-06-16,2224.19,Paid,Check
PM0006246,P001752,2024-09-23,2224.19,Paid,Wire
PM0006247,P001752,2024-12-18,2224.19,Paid,Wire
PM0006248,P001753,2024-07-24,441.93,Late,ACH
PM0006249,P001753,2024-10-16,441.93,Paid,Check
PM0006250,P001753,2025-04-11,441.93,Failed,Card
PM0006251,P001754,2025-05-20,199.36,Paid,Card
PM0006252,P001754,2025-08-08,199.36,Paid,Wire
PM0006253,P001754,2025-10-31,199.36,Paid,Wire
PM0006254,P001755,2023-12-17,780.65,Paid,Wire
PM0006255,P001755,2024-03-05,780.65,Paid,Wire
PM0006256,P001755,2024-09-08,780.65,Late,Wire
PM0006257,P001756,2024-12-06,520.45,Paid,Check
PM0006258,P001756,2025-02-28,520.45,Late,Check
PM0006259,P001756,2025-05-21,520.45,Paid,Wire
PM0006260,P001756,2025-09-04,520.45,Paid,Card
PM0006261,P001757,2025-03-14,328.1,Paid,ACH
PM0006262,P001757,2025-06-11,328.1,Failed,Wire
PM0006263,P001757,2025-08-30,328.1,Paid,ACH
PM0006264,P001758,2024-07-10,907.46,Late,Check
PM0006265,P001758,2025-01-06,907.46,Paid,ACH
PM0006266,P001758,2025-04-11,907.46,Paid,Check
PM0006267,P001759,2024-06-06,745.25,Paid,Card
PM0006268,P001759,2024-09-06,745.25,Paid,Wire
PM0006269,P001759,2024-12-02,745.25,Paid,Card
PM0006270,P001759,2025-03-05,745.25,Paid,Wire
PM0006271,P001760,2024-06-29,2265.69,Paid,Card
PM0006272,P001760,2024-09-22,2265.69,Paid,Card
PM0006273,P001760,2024-12-19,2265.69,Paid,Card
PM0006274,P001760,2025-03-22,2265.69,Paid,Wire
PM0006275,P001761,2025-04-05,1522.93,Paid,Wire
PM0006276,P001761,2025-07-04,1522.93,Paid,Check
PM0006277,P001761,2025-09-23,1522.93,Paid,Wire
PM0006278,P001761,2025-12-22,1522.93,Failed,Check
PM0006279,P001762,2025-01-08,1280.33,Paid,Check
PM0006280,P001762,2025-04-02,1280.33,Paid,ACH
PM0006281,P001762,2025-07-03,1280.33,Paid,Card
PM0006282,P001762,2025-10-01,1280.33,Paid,Check
PM0006283,P001763,2024-06-16,172.09,Paid,ACH
PM0006284,P001763,2024-09-13,172.09,Late,Card
PM0006285,P001763,2024-12-04,172.09,Paid,Wire
PM0006286,P001763,2025-03-11,172.09,Paid,ACH
PM0006287,P001764,2023-12-26,184.92,Paid,Check
PM0006288,P001764,2024-07-05,184.92,Paid,ACH
PM0006289,P001764,2024-09-26,184.92,Paid,Card
PM0006290,P001765,2023-04-07,2106.01,Paid,Card
PM0006291,P001765,2023-07-09,2106.01,Paid,Wire
PM0006292,P001765,2023-10-09,2106.01,Paid,Check
PM0006293,P001765,2024-01-07,2106.01,Late,Card
PM0006294,P001766,2024-08-12,1882.41,Paid,Wire
PM0006295,P001766,2024-11-02,1882.41,Paid,Check
PM0006296,P001766,2025-02-11,1882.41,Paid,Check
PM0006297,P001766,2025-05-09,1882.41,Paid,Wire
PM0006298,P001767,2023-05-03,2024.0,Paid,Card
PM0006299,P001767,2023-08-06,2024.0,Paid,Card
PM0006300,P001767,2023-10-23,2024.0,Paid,ACH
PM0006301,P001767,2024-01-26,2024.0,Paid,Check
PM0006302,P001768,2023-06-24,190.47,Paid,ACH
PM0006303,P001768,2023-09-20,190.47,Paid,Wire
PM0006304,P001769,2023-06-09,390.17,Paid,Card
PM0006305,P001769,2023-09-08,390.17,Failed,Wire
PM0006306,P001769,2023-12-12,390.17,Paid,Check
PM0006307,P001769,2024-02-27,390.17,Paid,Wire
PM0006308,P001770,2023-11-21,412.03,Late,Wire
PM0006309,P001770,2024-03-03,412.03,Paid,Check
PM0006310,P001770,2024-05-24,412.03,Paid,Check
PM0006311,P001771,2025-04-05,1727.52,Paid,Card
PM0006312,P001771,2025-07-13,1727.52,Paid,ACH
PM0006313,P001771,2025-09-30,1727.52,Paid,Wire
PM0006314,P001772,2023-07-20,815.54,Paid,Check
PM0006315,P001772,2023-10-28,815.54,Paid,Check
PM0006316,P001772,2024-01-08,815.54,Paid,Card
PM0006317,P001772,2024-04-09,815.54,Late,Card
PM0006318,P001773,2024-02-01,278.19,Paid,Check
PM0006319,P001773,2024-04-24,278.19,Late,ACH
PM0006320,P001773,2024-07-25,278.19,Failed,Wire
PM0006321,P001773,2024-11-07,278.19,Paid,ACH
PM0006322,P001774,2024-06-12,732.56,Paid,ACH
PM0006323,P001774,2024-09-03,732.56,Paid,Check
PM0006324,P001774,2024-12-02,732.56,Paid,ACH
PM0006325,P001774,2025-02-25,732.56,Paid,ACH
PM0006326,P001775,2025-08-14,355.9,Paid,Card
PM0006327,P001775,2025-11-20,355.9,Paid,ACH
PM0006328,P001776,2023-05-16,614.29,Late,Card
PM0006329,P001776,2023-08-11,614.29,Paid,Check
PM0006330,P001776,2024-02-18,614.29,Paid,Card
PM0006331,P001777,2024-11-22,868.07,Paid,Wire
PM0006332,P001777,2025-05-22,868.07,Paid,Card
PM0006333,P001777,2025-08-23,868.07,Paid,Wire
PM0006334,P001778,2023-02-17,440.65,Paid,Wire
PM0006335,P001778,2023-05-20,440.65,Paid,Check
PM0006336,P001778,2023-08-23,440.65,Paid,Card
PM0006337,P001778,2023-11-16,440.65,Paid,ACH
PM0006338,P001779,2024-06-23,400.33,Paid,Wire
PM0006339,P001779,2024-09-12,400.33,Failed,Wire
PM0006340,P001779,2024-12-13,400.33,Paid,Check
PM0006341,P001779,2025-03-24,400.33,Paid,ACH
PM0006342,P001780,2024-07-09,538.98,Paid,Card
PM0006343,P001780,2024-10-24,538.98,Paid,Check
PM0006344,P001780,2025-01-19,538.98,Paid,Check
PM0006345,P001780,2025-04-20,538.98,Paid,Card
PM0006346,P001781,2024-03-08,371.76,Paid,Card
PM0006347,P001781,2024-06-09,371.76,Paid,Card
PM0006348,P001781,2024-09-06,371.76,Paid,Wire
PM0006349,P001781,2024-12-05,371.76,Paid,ACH
PM0006350,P001782,2024-06-24,784.51,Paid,Card
PM0006351,P001782,2024-09-12,784.51,Failed,Card
PM0006352,P001782,2024-12-18,784.51,Paid,Card
PM0006353,P001782,2025-03-16,784.51,Paid,Check
PM0006354,P001783,2023-05-20,1395.53,Paid,ACH
PM0006355,P001783,2023-08-28,1395.53,Paid,Card
PM0006356,P001783,2024-03-03,1395.53,Paid,ACH
PM0006357,P001784,2024-03-02,199.0,Paid,Check
PM0006358,P001784,2024-05-31,199.0,Late,Card
PM0006359,P001784,2024-12-02,199.0,Paid,ACH
PM0006360,P001785,2023-05-26,201.84,Paid,Wire
PM0006361,P001785,2023-08-21,201.84,Paid,Wire
PM0006362,P001785,2023-11-23,201.84,Paid,Card
PM0006363,P001785,2024-02-06,201.84,Paid,Wire
PM0006364,P001786,2023-04-21,310.46,Paid,Check
PM0006365,P001786,2023-07-25,310.46,Paid,ACH
PM0006366,P001786,2023-10-25,310.46,Paid,Check
PM0006367,P001786,2024-01-15,310.46,Paid,ACH
PM0006368,P001787,2023-01-28,1342.79,Paid,Card
PM0006369,P001787,2023-05-02,1342.79,Failed,Check
PM0006370,P001787,2023-07-15,1342.79,Paid,ACH
PM0006371,P001788,2024-09-12,301.58,Paid,Wire
PM0006372,P001788,2024-12-15,301.58,Paid,Check
PM0006373,P001788,2025-02-27,301.58,Paid,Check
PM0006374,P001789,2023-07-11,1260.07,Paid,Check
PM0006375,P001789,2023-12-29,1260.07,Refunded,Wire
PM0006376,P001789,2024-04-03,1260.07,Paid,Wire
PM0006377,P001790,2023-11-04,1255.37,Paid,ACH
PM0006378,P001790,2024-01-23,1255.37,Late,ACH
PM0006379,P001790,2024-05-01,1255.37,Paid,ACH
PM0006380,P001790,2024-08-05,1255.37,Paid,Wire
PM0006381,P001791,2025-06-09,607.27,Paid,Check
PM0006382,P001791,2025-09-09,607.27,Paid,ACH
PM0006383,P001791,2025-11-27,607.27,Paid,Wire
PM0006384,P001792,2025-02-18,353.77,Paid,ACH
PM0006385,P001792,2025-05-10,353.77,Paid,Wire
PM0006386,P001792,2025-08-23,353.77,Paid,Card
PM0006387,P001792,2025-11-13,353.77,Paid,Check
PM0006388,P001793,2023-08-17,150.75,Paid,Wire
PM0006389,P001793,2024-02-14,150.75,Paid,Check
PM0006390,P001794,2023-02-07,1734.66,Paid,Wire
PM0006391,P001794,2023-05-14,1734.66,Paid,Wire
PM0006392,P001794,2023-08-17,1734.66,Paid,ACH
PM0006393,P001794,2023-11-11,1734.66,Paid,Wire
PM0006394,P001795,2024-12-19,270.9,Paid,Card
PM0006395,P001795,2025-04-03,270.9,Paid,Card
PM0006396,P001795,2025-06-18,270.9,Paid,ACH
PM0006397,P001795,2025-09-17,270.9,Paid,Card
PM0006398,P001796,2024-11-24,359.65,Paid,Check
PM0006399,P001796,2025-02-15,359.65,Paid,Card
PM0006400,P001796,2025-05-08,359.65,Paid,Card
PM0006401,P001796,2025-08-22,359.65,Paid,Check
PM0006402,P001797,2024-09-21,456.82,Paid,Check
PM0006403,P001797,2024-12-24,456.82,Late,ACH
PM0006404,P001797,2025-03-30,456.82,Paid,Wire
PM0006405,P001797,2025-06-23,456.82,Paid,Check
PM0006406,P001798,2025-04-07,2483.87,Failed,Card
PM0006407,P001798,2025-06-29,2483.87,Paid,Card
PM0006408,P001798,2025-10-03,2483.87,Paid,Wire
PM0006409,P001798,2025-12-26,2483.87,Paid,ACH
PM0006410,P001799,2023-08-09,217.25,Paid,ACH
PM0006411,P001799,2023-11-02,217.25,Paid,ACH
PM0006412,P001799,2024-01-29,217.25,Late,Card
PM0006413,P001799,2024-04-17,217.25,Paid,Wire
PM0006414,P001800,2023-06-17,562.68,Paid,ACH
PM0006415,P001800,2023-12-19,562.68,Paid,Wire
PM0006416,P001800,2024-03-06,562.68,Paid,Wire
PM0006417,P001801,2024-07-22,779.04,Failed,Card
PM0006418,P001801,2024-10-08,779.04,Paid,Card
PM0006419,P001801,2025-01-18,779.04,Paid,Wire
PM0006420,P001801,2025-04-20,779.04,Paid,Card
PM0006421,P001802,2024-07-06,539.73,Paid,Wire
PM0006422,P001802,2025-01-14,539.73,Refunded,Check
PM0006423,P001802,2025-04-10,539.73,Paid,Check
PM0006424,P001803,2023-02-13,235.06,Paid,Wire
PM0006425,P001803,2023-04-25,235.06,Paid,Card
PM0006426,P001803,2023-07-29,235.06,Paid,Card
PM0006427,P001803,2023-10-25,235.06,Paid,ACH
PM0006428,P001804,2024-05-14,1019.96,Paid,Card
PM0006429,P001804,2024-08-16,1019.96,Paid,ACH
PM0006430,P001804,2024-11-01,1019.96,Paid,Check
PM0006431,P001804,2025-02-06,1019.96,Paid,Card
PM0006432,P001805,2024-01-04,620.0,Paid,Check
PM0006433,P001805,2024-06-30,620.0,Paid,Check
PM0006434,P001806,2024-04-14,944.74,Paid,Wire
PM0006435,P001806,2024-07-04,944.74,Paid,ACH
PM0006436,P001806,2024-10-07,944.74,Paid,ACH
PM0006437,P001806,2025-01-07,944.74,Failed,Card
PM0006438,P001807,2024-11-01,859.7,Paid,Wire
PM0006439,P001807,2025-02-06,859.7,Paid,Wire
PM0006440,P001807,2025-05-02,859.7,Paid,Check
PM0006441,P001807,2025-08-06,859.7,Paid,Wire
PM0006442,P001808,2025-02-13,339.9,Paid,ACH
PM0006443,P001808,2025-08-14,339.9,Paid,Check
PM0006444,P001808,2025-11-20,339.9,Paid,ACH
PM0006445,P001809,2025-04-04,447.68,Paid,ACH
PM0006446,P001809,2025-07-22,447.68,Paid,ACH
PM0006447,P001809,2025-10-11,447.68,Paid,ACH
PM0006448,P001810,2024-01-25,949.85,Paid,Wire
PM0006449,P001810,2024-04-22,949.85,Paid,Check
PM0006450,P001810,2024-07-10,949.85,Paid,ACH
PM0006451,P001811,2024-04-04,1662.32,Paid,Wire
PM0006452,P001811,2024-06-15,1662.32,Late,Check
PM0006453,P001811,2024-09-22,1662.32,Paid,Check
PM0006454,P001811,2024-12-29,1662.32,Paid,Check
PM0006455,P001812,2025-01-13,1614.09,Paid,Check
PM0006456,P001812,2025-07-25,1614.09,Paid,ACH
PM0006457,P001812,2025-10-18,1614.09,Paid,ACH
PM0006458,P001813,2024-01-26,1342.33,Paid,Check
PM0006459,P001813,2024-10-28,1342.33,Paid,ACH
PM0006460,P001814,2023-12-23,309.54,Paid,Check
PM0006461,P001814,2024-03-11,309.54,Paid,Card
PM0006462,P001814,2024-06-19,309.54,Paid,ACH
PM0006463,P001814,2024-09-04,309.54,Paid,Card
PM0006464,P001815,2023-06-27,2400.01,Paid,Card
PM0006465,P001815,2023-09-29,2400.01,Paid,Check
PM0006466,P001815,2023-12-22,2400.01,Paid,Check
PM0006467,P001815,2024-03-26,2400.01,Failed,Check
PM0006468,P001816,2023-10-18,466.7,Paid,ACH
PM0006469,P001816,2024-01-17,466.7,Paid,ACH
PM0006470,P001816,2024-04-15,466.7,Paid,Check
PM0006471,P001816,2024-07-13,466.7,Paid,Check
PM0006472,P001817,2023-10-10,288.94,Paid,Wire
PM0006473,P001817,2024-01-04,288.94,Paid,Wire
PM0006474,P001817,2024-03-30,288.94,Paid,Check
PM0006475,P001817,2024-06-20,288.94,Paid,Card
PM0006476,P001818,2024-02-16,323.98,Paid,ACH
PM0006477,P001818,2024-05-12,323.98,Paid,Check
PM0006478,P001818,2024-07-31,323.98,Late,Wire
PM0006479,P001818,2024-11-03,323.98,Paid,Wire
PM0006480,P001819,2024-12-15,698.21,Paid,Check
PM0006481,P001819,2025-03-07,698.21,Paid,Wire
PM0006482,P001819,2025-06-11,698.21,Paid,Card
PM0006483,P001819,2025-08-26,698.21,Late,Wire
PM0006484,P001820,2024-09-29,211.16,Paid,Card
PM0006485,P001820,2025-01-05,211.16,Paid,Card
PM0006486,P001820,2025-03-31,211.16,Paid,Check
PM0006487,P001820,2025-06-19,211.16,Paid,Card
PM0006488,P001821,2025-04-08,510.44,Paid,Card
PM0006489,P001821,2025-07-06,510.44,Paid,Wire
PM0006490,P001821,2025-10-07,510.44,Paid,Check
PM0006491,P001822,2024-11-15,278.95,Paid,ACH
PM0006492,P001822,2025-02-19,278.95,Failed,Wire
PM0006493,P001822,2025-05-28,278.95,Paid,Card
PM0006494,P001822,2025-08-14,278.95,Paid,Wire
PM0006495,P001823,2024-12-11,2612.8,Paid,ACH
PM0006496,P001823,2025-03-13,2612.8,Paid,ACH
PM0006497,P001823,2025-06-07,2612.8,Late,Card
PM0006498,P001823,2025-09-05,2612.8,Paid,ACH
PM0006499,P001824,2025-01-29,1793.72,Paid,Check
PM0006500,P001824,2025-05-05,1793.72,Paid,Check
PM0006501,P001824,2025-07-27,1793.72,Late,Wire
PM0006502,P001824,2025-10-21,1793.72,Paid,Check
PM0006503,P001825,2024-08-17,397.51,Failed,ACH
PM0006504,P001825,2024-11-29,397.51,Failed,Check
PM0006505,P001825,2025-03-01,397.51,Late,ACH
PM0006506,P001825,2025-05-13,397.51,Failed,Card
PM0006507,P001826,2023-06-22,2506.16,Paid,Card
PM0006508,P001826,2023-10-01,2506.16,Failed,Card
PM0006509,P001826,2024-01-05,2506.16,Paid,Wire
PM0006510,P001826,2024-03-24,2506.16,Paid,Wire
PM0006511,P001827,2023-11-27,913.61,Paid,ACH
PM0006512,P001827,2024-02-15,913.61,Paid,Wire
PM0006513,P001827,2024-05-14,913.61,Paid,Card
PM0006514,P001827,2024-08-17,913.61,Late,Card
PM0006515,P001828,2025-04-03,2148.14,Late,Check
PM0006516,P001828,2025-07-15,2148.14,Paid,Check
PM0006517,P001828,2025-10-14,2148.14,Late,Wire
PM0006518,P001829,2024-03-15,520.65,Failed,Card
PM0006519,P001829,2024-06-28,520.65,Paid,Card
PM0006520,P001829,2024-09-17,520.65,Paid,Card
PM0006521,P001829,2024-12-21,520.65,Paid,Check
PM0006522,P001830,2024-03-11,213.67,Paid,Wire
PM0006523,P001830,2024-05-29,213.67,Paid,Wire
PM0006524,P001830,2024-08-25,213.67,Paid,ACH
PM0006525,P001830,2024-11-24,213.67,Paid,Card
PM0006526,P001831,2023-03-22,455.07,Paid,ACH
PM0006527,P001831,2023-06-09,455.07,Paid,Check
PM0006528,P001831,2023-09-06,455.07,Paid,Wire
PM0006529,P001831,2023-12-08,455.07,Paid,Card
PM0006530,P001832,2024-11-01,1044.32,Paid,Check
PM0006531,P001832,2025-01-29,1044.32,Paid,Card
PM0006532,P001832,2025-04-30,1044.32,Paid,Card
PM0006533,P001832,2025-07-24,1044.32,Paid,Card
PM0006534,P001833,2025-04-09,1625.77,Paid,ACH
PM0006535,P001833,2025-06-29,1625.77,Paid,Wire
PM0006536,P001833,2025-09-28,1625.77,Paid,ACH
PM0006537,P001833,2025-12-23,1625.77,Paid,Wire
PM0006538,P001834,2024-03-20,477.04,Failed,Wire
PM0006539,P001834,2024-06-20,477.04,Late,Wire
PM0006540,P001834,2024-09-20,477.04,Paid,ACH
PM0006541,P001834,2024-12-04,477.04,Paid,Check
PM0006542,P001835,2025-05-18,1117.52,Paid,ACH
PM0006543,P001835,2025-08-27,1117.52,Paid,Card
PM0006544,P001835,2025-11-14,1117.52,Paid,ACH
PM0006545,P001836,2025-02-15,2149.71,Paid,Check
PM0006546,P001836,2025-05-08,2149.71,Paid,ACH
PM0006547,P001836,2025-08-16,2149.71,Paid,Check
PM0006548,P001836,2025-11-05,2149.71,Paid,Card
PM0006549,P001837,2024-09-30,254.81,Paid,Card
PM0006550,P001837,2025-01-07,254.81,Paid,Wire
PM0006551,P001837,2025-04-02,254.81,Paid,Check
PM0006552,P001837,2025-06-27,254.81,Paid,Wire
PM0006553,P001838,2024-01-06,1305.72,Paid,Check
PM0006554,P001838,2024-04-02,1305.72,Paid,Check
PM0006555,P001838,2024-06-29,1305.72,Paid,ACH
PM0006556,P001838,2024-09-27,1305.72,Paid,Card
PM0006557,P001839,2023-06-22,302.52,Failed,Card
PM0006558,P001839,2023-09-23,302.52,Paid,ACH
PM0006559,P001839,2023-12-20,302.52,Paid,Wire
PM0006560,P001839,2024-03-13,302.52,Paid,Check
PM0006561,P001840,2023-07-01,812.56,Paid,Wire
PM0006562,P001840,2023-09-30,812.56,Paid,Wire
PM0006563,P001840,2024-01-10,812.56,Late,Card
PM0006564,P001841,2023-08-23,275.0,Paid,Card
PM0006565,P001841,2023-11-11,275.0,Late,Wire
PM0006566,P001841,2024-02-17,275.0,Late,Wire
PM0006567,P001841,2024-05-14,275.0,Paid,Check
PM0006568,P001842,2024-06-30,467.18,Paid,Card
PM0006569,P001842,2024-09-16,467.18,Paid,Card
PM0006570,P001842,2024-12-14,467.18,Paid,Card
PM0006571,P001842,2025-03-27,467.18,Paid,Card
PM0006572,P001843,2023-01-16,1186.93,Paid,Wire
PM0006573,P001843,2023-04-06,1186.93,Late,Wire
PM0006574,P001843,2023-07-01,1186.93,Paid,Card
PM0006575,P001843,2023-09-28,1186.93,Paid,Check
PM0006576,P001844,2024-04-22,2613.61,Late,Check
PM0006577,P001844,2024-07-05,2613.61,Paid,Card
PM0006578,P001844,2024-10-17,2613.61,Paid,Wire
PM0006579,P001844,2025-01-21,2613.61,Paid,ACH
PM0006580,P001845,2024-12-27,1052.71,Paid,Wire
PM0006581,P001845,2025-04-12,1052.71,Paid,Wire
PM0006582,P001845,2025-07-02,1052.71,Paid,ACH
PM0006583,P001845,2025-10-03,1052.71,Paid,ACH
PM0006584,P001846,2024-03-30,309.9,Paid,Wire
PM0006585,P001846,2024-06-25,309.9,Paid,Check
PM0006586,P001846,2024-10-07,309.9,Paid,Wire
PM0006587,P001846,2024-12-23,309.9,Paid,Check
PM0006588,P001847,2024-07-08,510.5,Paid,Check
PM0006589,P001847,2024-10-05,510.5,Paid,Wire
PM0006590,P001847,2025-03-31,510.5,Paid,Wire
PM0006591,P001848,2024-11-16,2524.07,Paid,Wire
PM0006592,P001848,2025-01-28,2524.07,Paid,Check
PM0006593,P001848,2025-05-11,2524.07,Refunded,Card
PM0006594,P001849,2023-06-15,360.87,Paid,Check
PM0006595,P001849,2023-08-28,360.87,Paid,Card
PM0006596,P001849,2023-11-28,360.87,Paid,Check
PM0006597,P001849,2024-03-03,360.87,Paid,Wire
PM0006598,P001850,2022-12-30,393.42,Paid,Card
PM0006599,P001850,2023-04-13,393.42,Paid,Check
PM0006600,P001850,2023-07-08,393.42,Late,ACH
PM0006601,P001850,2023-10-04,393.42,Paid,Card
PM0006602,P001851,2023-02-03,723.19,Failed,Check
PM0006603,P001851,2023-05-10,723.19,Paid,Card
PM0006604,P001851,2023-08-01,723.19,Paid,Check
PM0006605,P001851,2023-10-25,723.19,Paid,ACH
PM0006606,P001852,2023-01-24,323.41,Paid,Wire
PM0006607,P001852,2023-05-08,323.41,Paid,Check
PM0006608,P001852,2023-07-27,323.41,Refunded,Card
PM0006609,P001853,2024-10-21,2038.07,Paid,ACH
PM0006610,P001853,2025-01-31,2038.07,Failed,ACH
PM0006611,P001853,2025-04-18,2038.07,Paid,Card
PM0006612,P001853,2025-07-10,2038.07,Paid,Card
PM0006613,P001854,2024-12-17,147.31,Paid,Wire
PM0006614,P001854,2025-03-05,147.31,Paid,Card
PM0006615,P001854,2025-06-03,147.31,Paid,Wire
PM0006616,P001854,2025-09-07,147.31,Paid,Check
PM0006617,P001855,2025-03-18,648.51,Paid,Card
PM0006618,P001855,2025-06-09,648.51,Paid,Card
PM0006619,P001855,2025-08-31,648.51,Paid,Card
PM0006620,P001856,2024-09-09,475.72,Paid,Card
PM0006621,P001856,2024-12-06,475.72,Paid,Check
PM0006622,P001856,2025-03-02,475.72,Paid,Check
PM0006623,P001856,2025-06-02,475.72,Paid,ACH
PM0006624,P001857,2024-04-07,2463.51,Paid,Card
PM0006625,P001857,2024-07-13,2463.51,Paid,Check
PM0006626,P001857,2024-10-17,2463.51,Paid,Wire
PM0006627,P001857,2025-01-11,2463.51,Paid,Wire
PM0006628,P001858,2024-08-21,322.86,Failed,ACH
PM0006629,P001858,2024-11-21,322.86,Late,ACH
PM0006630,P001858,2025-02-10,322.86,Refunded,ACH
PM0006631,P001858,2025-05-18,322.86,Paid,Check
PM0006632,P001859,2025-03-19,492.85,Paid,ACH
PM0006633,P001859,2025-06-12,492.85,Paid,Check
PM0006634,P001859,2025-09-05,492.85,Paid,Card
PM0006635,P001859,2025-11-26,492.85,Paid,Card
PM0006636,P001860,2024-04-04,1982.67,Paid,Check
PM0006637,P001860,2024-07-08,1982.67,Paid,Wire
PM0006638,P001860,2024-10-03,1982.67,Paid,Check
PM0006639,P001860,2024-12-31,1982.67,Paid,Wire
PM0006640,P001861,2024-06-26,514.09,Late,Check
PM0006641,P001861,2024-09-18,514.09,Paid,Check
PM0006642,P001861,2024-12-17,514.09,Paid,Card
PM0006643,P001861,2025-03-23,514.09,Paid,Check
PM0006644,P001862,2024-04-15,2217.71,Late,Card
PM0006645,P001862,2024-06-30,2217.71,Paid,Wire
PM0006646,P001862,2025-01-05,2217.71,Paid,ACH
PM0006647,P001863,2023-04-11,2521.21,Paid,Check
PM0006648,P001863,2023-07-16,2521.21,Paid,ACH
PM0006649,P001863,2023-10-17,2521.21,Paid,Check
PM0006650,P001864,2023-05-07,479.41,Paid,Check
PM0006651,P001864,2023-08-04,479.41,Paid,Card
PM0006652,P001864,2023-11-02,479.41,Paid,Wire
PM0006653,P001864,2024-02-07,479.41,Paid,ACH
PM0006654,P001865,2023-03-03,193.34,Refunded,Wire
PM0006655,P001865,2023-05-20,193.34,Paid,ACH
PM0006656,P001865,2023-08-27,193.34,Paid,Check
PM0006657,P001865,2023-11-09,193.34,Paid,ACH
PM0006658,P001866,2023-03-23,353.1,Paid,Wire
PM0006659,P001866,2023-07-01,353.1,Paid,Check
PM0006660,P001866,2023-09-26,353.1,Late,ACH
PM0006661,P001866,2023-12-23,353.1,Paid,Wire
PM0006662,P001867,2024-08-29,281.21,Paid,ACH
PM0006663,P001867,2024-12-15,281.21,Late,Wire
PM0006664,P001867,2025-03-04,281.21,Paid,ACH
PM0006665,P001867,2025-06-05,281.21,Paid,Check
PM0006666,P001868,2024-07-29,1658.88,Paid,Card
PM0006667,P001868,2024-10-27,1658.88,Paid,ACH
PM0006668,P001868,2025-02-05,1658.88,Failed,Wire
PM0006669,P001868,2025-05-05,1658.88,Paid,Card
PM0006670,P001869,2025-03-03,790.77,Paid,Wire
PM0006671,P001869,2025-05-15,790.77,Paid,ACH
PM0006672,P001869,2025-08-15,790.77,Late,Wire
PM0006673,P001869,2025-11-17,790.77,Refunded,Wire
PM0006674,P001870,2025-05-26,240.22,Paid,Check
PM0006675,P001870,2025-08-18,240.22,Paid,Wire
PM0006676,P001870,2025-11-19,240.22,Paid,Card
PM0006677,P001871,2024-09-24,343.02,Paid,Card
PM0006678,P001871,2025-01-02,343.02,Paid,ACH
PM0006679,P001871,2025-03-22,343.02,Paid,Check
PM0006680,P001871,2025-06-21,343.02,Paid,Wire
PM0006681,P001872,2023-09-20,323.86,Paid,ACH
PM0006682,P001872,2023-12-15,323.86,Paid,Wire
PM0006683,P001872,2024-03-17,323.86,Failed,Card
PM0006684,P001872,2024-06-06,323.86,Paid,Check
PM0006685,P001873,2024-06-08,347.45,Paid,Card
PM0006686,P001873,2024-08-23,347.45,Paid,Check
PM0006687,P001873,2024-11-29,347.45,Paid,Check
PM0006688,P001873,2025-02-18,347.45,Paid,Wire
PM0006689,P001874,2023-07-31,203.49,Paid,Check
PM0006690,P001874,2023-11-03,203.49,Paid,Check
PM0006691,P001874,2024-02-12,203.49,Paid,Check
PM0006692,P001874,2024-04-26,203.49,Paid,Wire
PM0006693,P001875,2023-06-08,1731.64,Paid,Check
PM0006694,P001875,2023-09-17,1731.64,Paid,Wire
PM0006695,P001875,2023-12-21,1731.64,Failed,Card
PM0006696,P001875,2024-03-03,1731.64,Paid,Card
PM0006697,P001876,2024-02-13,648.74,Paid,ACH
PM0006698,P001876,2024-05-22,648.74,Paid,Check
PM0006699,P001876,2024-08-13,648.74,Refunded,Wire
PM0006700,P001876,2024-11-23,648.74,Paid,ACH
PM0006701,P001877,2023-06-05,297.81,Paid,ACH
PM0006702,P001877,2023-09-08,297.81,Paid,Wire
PM0006703,P001877,2023-12-14,297.81,Paid,ACH
PM0006704,P001878,2025-02-13,1014.67,Paid,ACH
PM0006705,P001878,2025-05-18,1014.67,Paid,Card
PM0006706,P001878,2025-08-14,1014.67,Paid,ACH
PM0006707,P001878,2025-11-14,1014.67,Paid,Check
PM0006708,P001879,2024-12-24,357.31,Paid,Wire
PM0006709,P001879,2025-03-08,357.31,Paid,Check
PM0006710,P001879,2025-06-12,357.31,Paid,Check
PM0006711,P001879,2025-09-21,357.31,Paid,Card
PM0006712,P001880,2023-07-05,2386.95,Paid,Card
PM0006713,P001880,2023-10-01,2386.95,Paid,Card
PM0006714,P001880,2023-12-30,2386.95,Paid,Card
PM0006715,P001880,2024-04-14,2386.95,Paid,Check
PM0006716,P001881,2024-06-15,920.38,Paid,Card
PM0006717,P001881,2024-09-01,920.38,Paid,ACH
PM0006718,P001881,2024-12-19,920.38,Paid,ACH
PM0006719,P001881,2025-03-12,920.38,Paid,Check
PM0006720,P001882,2024-05-09,1260.48,Paid,Wire
PM0006721,P001882,2024-08-11,1260.48,Paid,Wire
PM0006722,P001882,2024-10-30,1260.48,Paid,Check
PM0006723,P001882,2025-02-11,1260.48,Late,Card
PM0006724,P001883,2024-05-11,900.74,Paid,Wire
PM0006725,P001883,2024-07-31,900.74,Paid,Card
PM0006726,P001883,2024-11-15,900.74,Paid,Check
PM0006727,P001883,2025-02-06,900.74,Paid,Card
PM0006728,P001884,2025-04-07,369.0,Paid,Wire
PM0006729,P001884,2025-06-29,369.0,Paid,ACH
PM0006730,P001884,2025-10-02,369.0,Paid,ACH
PM0006731,P001884,2025-12-18,369.0,Paid,Card
PM0006732,P001885,2024-05-05,323.01,Paid,ACH
PM0006733,P001885,2024-07-29,323.01,Late,Wire
PM0006734,P001885,2024-11-14,323.01,Paid,ACH
PM0006735,P001886,2024-03-25,867.18,Paid,Check
PM0006736,P001886,2024-06-30,867.18,Paid,Check
PM0006737,P001886,2024-10-02,867.18,Paid,ACH
PM0006738,P001886,2024-12-28,867.18,Paid,ACH
PM0006739,P001887,2025-01-19,448.66,Paid,Card
PM0006740,P001887,2025-04-14,448.66,Paid,Check
PM0006741,P001887,2025-07-11,448.66,Failed,ACH
PM0006742,P001887,2025-10-19,448.66,Paid,Check
PM0006743,P001888,2025-03-03,278.32,Paid,ACH
PM0006744,P001888,2025-05-21,278.32,Paid,Check
PM0006745,P001888,2025-08-22,278.32,Paid,Check
PM0006746,P001888,2025-11-28,278.32,Paid,ACH
PM0006747,P001889,2023-06-24,275.99,Paid,Wire
PM0006748,P001889,2023-10-02,275.99,Paid,Check
PM0006749,P001889,2023-12-23,275.99,Paid,Card
PM0006750,P001889,2024-04-04,275.99,Paid,Check
PM0006751,P001890,2024-04-04,309.66,Paid,Card
PM0006752,P001890,2024-06-30,309.66,Paid,Check
PM0006753,P001890,2024-09-17,309.66,Paid,Card
PM0006754,P001891,2023-12-29,1226.23,Paid,Card
PM0006755,P001891,2024-03-25,1226.23,Paid,Card
PM0006756,P001891,2024-06-26,1226.23,Paid,Check
PM0006757,P001891,2024-09-15,1226.23,Paid,Wire
PM0006758,P001892,2023-11-12,324.94,Paid,Card
PM0006759,P001892,2024-02-01,324.94,Paid,Wire
PM0006760,P001892,2024-05-15,324.94,Paid,Card
PM0006761,P001893,2024-12-10,190.12,Paid,Wire
PM0006762,P001893,2025-06-03,190.12,Paid,Card
PM0006763,P001893,2025-08-25,190.12,Paid,Card
PM0006764,P001894,2025-09-16,231.68,Paid,Card
PM0006765,P001894,2025-12-22,231.68,Paid,Card
PM0006766,P001895,2023-04-16,243.05,Paid,Wire
PM0006767,P001895,2023-07-15,243.05,Paid,ACH
PM0006768,P001895,2023-10-17,243.05,Paid,Wire
PM0006769,P001895,2024-01-13,243.05,Late,Card
PM0006770,P001896,2024-11-20,413.44,Paid,Card
PM0006771,P001896,2025-01-30,413.44,Paid,ACH
PM0006772,P001896,2025-05-04,413.44,Paid,Wire
PM0006773,P001896,2025-08-04,413.44,Paid,ACH
PM0006774,P001897,2023-03-04,240.21,Paid,ACH
PM0006775,P001897,2023-05-25,240.21,Paid,ACH
PM0006776,P001897,2023-09-01,240.21,Paid,Wire
PM0006777,P001897,2023-11-29,240.21,Paid,ACH
PM0006778,P001898,2023-06-19,973.47,Paid,Wire
PM0006779,P001898,2023-09-10,973.47,Paid,Wire
PM0006780,P001898,2023-12-07,973.47,Late,ACH
PM0006781,P001898,2024-03-12,973.47,Paid,Check
PM0006782,P001899,2023-06-07,363.77,Paid,Card
PM0006783,P001899,2023-09-19,363.77,Paid,Card
PM0006784,P001899,2023-12-01,363.77,Paid,Wire
PM0006785,P001899,2024-03-17,363.77,Late,ACH
PM0006786,P001900,2025-06-27,524.01,Paid,Wire
PM0006787,P001900,2025-10-05,524.01,Paid,Check
PM0006788,P001900,2025-12-25,524.01,Paid,Check
PM0006789,P001901,2023-03-29,1437.4,Paid,ACH
PM0006790,P001901,2023-07-09,1437.4,Paid,Check
PM0006791,P001901,2023-10-07,1437.4,Late,Card
PM0006792,P001902,2025-05-27,285.14,Paid,Card
PM0006793,P001902,2025-08-26,285.14,Paid,Card
PM0006794,P001902,2025-11-11,285.14,Paid,Card
PM0006795,P001903,2023-03-07,414.4,Paid,Check
PM0006796,P001903,2023-06-02,414.4,Paid,ACH
PM0006797,P001903,2023-09-07,414.4,Paid,ACH
PM0006798,P001903,2023-11-19,414.4,Paid,ACH
PM0006799,P001904,2024-04-12,289.43,Paid,Check
PM0006800,P001904,2024-07-07,289.43,Paid,Check
PM0006801,P001904,2024-10-13,289.43,Paid,Check
PM0006802,P001904,2025-01-04,289.43,Paid,Check
PM0006803,P001905,2024-08-31,2521.49,Paid,ACH
PM0006804,P001905,2025-02-23,2521.49,Late,ACH
PM0006805,P001906,2024-06-26,1587.28,Paid,Check
PM0006806,P001906,2024-10-01,1587.28,Late,Wire
PM0006807,P001906,2025-01-06,1587.28,Late,Wire
PM0006808,P001906,2025-03-23,1587.28,Paid,ACH
PM0006809,P001907,2025-02-22,341.51,Paid,Check
PM0006810,P001907,2025-05-15,341.51,Paid,ACH
PM0006811,P001907,2025-08-25,341.51,Paid,Card
PM0006812,P001907,2025-11-20,341.51,Paid,Wire
PM0006813,P001908,2023-02-07,1861.61,Paid,Check
PM0006814,P001908,2023-05-07,1861.61,Refunded,ACH
PM0006815,P001908,2023-11-10,1861.61,Paid,Check
PM0006816,P001909,2023-06-24,477.98,Paid,Wire
PM0006817,P001909,2023-09-12,477.98,Paid,Card
PM0006818,P001909,2023-12-16,477.98,Paid,Card
PM0006819,P001909,2024-03-21,477.98,Paid,Card
PM0006820,P001910,2025-02-05,729.45,Failed,ACH
PM0006821,P001910,2025-04-24,729.45,Paid,Card
PM0006822,P001910,2025-08-05,729.45,Paid,Wire
PM0006823,P001910,2025-11-03,729.45,Late,Check
PM0006824,P001911,2024-05-02,252.13,Paid,Check
PM0006825,P001911,2024-08-06,252.13,Paid,Check
PM0006826,P001911,2025-01-26,252.13,Late,Card
PM0006827,P001912,2024-08-22,2477.45,Paid,ACH
PM0006828,P001912,2024-12-05,2477.45,Paid,Card
PM0006829,P001912,2025-02-17,2477.45,Paid,Check
PM0006830,P001913,2024-11-25,317.93,Paid,Check
PM0006831,P001913,2025-02-24,317.93,Paid,ACH
PM0006832,P001913,2025-05-23,317.93,Paid,Card
PM0006833,P001913,2025-08-29,317.93,Paid,Check
PM0006834,P001914,2023-09-04,1717.2,Late,Wire
PM0006835,P001914,2023-11-29,1717.2,Paid,Wire
PM0006836,P001914,2024-03-07,1717.2,Paid,Check
PM0006837,P001914,2024-06-07,1717.2,Late,Card
PM0006838,P001915,2024-04-09,408.81,Paid,Card
PM0006839,P001915,2024-07-18,408.81,Paid,Card
PM0006840,P001915,2024-10-03,408.81,Paid,ACH
PM0006841,P001916,2024-08-18,505.51,Paid,Check
PM0006842,P001917,2023-05-19,989.04,Paid,Card
PM0006843,P001917,2023-07-30,989.04,Paid,ACH
PM0006844,P001917,2023-11-01,989.04,Failed,Wire
PM0006845,P001917,2024-01-25,989.04,Paid,Wire
PM0006846,P001918,2023-10-28,1601.54,Paid,ACH
PM0006847,P001918,2024-02-04,1601.54,Paid,Check
PM0006848,P001918,2024-04-22,1601.54,Paid,ACH
PM0006849,P001918,2024-08-04,1601.54,Paid,Wire
PM0006850,P001919,2024-04-10,376.52,Paid,ACH
PM0006851,P001919,2024-06-20,376.52,Paid,Card
PM0006852,P001919,2024-09-21,376.52,Paid,Check
PM0006853,P001919,2024-12-26,376.52,Paid,Check
PM0006854,P001920,2024-03-24,274.88,Paid,Check
PM0006855,P001920,2024-06-23,274.88,Paid,ACH
PM0006856,P001920,2025-01-03,274.88,Paid,Wire
PM0006857,P001921,2024-02-09,1305.58,Paid,Check
PM0006858,P001921,2024-05-03,1305.58,Paid,ACH
PM0006859,P001921,2024-08-01,1305.58,Paid,Card
PM0006860,P001921,2024-10-26,1305.58,Paid,Wire
PM0006861,P001922,2024-09-22,1898.43,Paid,ACH
PM0006862,P001922,2024-12-19,1898.43,Paid,Card
PM0006863,P001922,2025-03-12,1898.43,Paid,Wire
PM0006864,P001922,2025-06-14,1898.43,Failed,Card
PM0006865,P001923,2023-09-14,535.58,Paid,Check
PM0006866,P001923,2023-12-02,535.58,Paid,Card
PM0006867,P001923,2024-02-24,535.58,Failed,ACH
PM0006868,P001923,2024-05-27,535.58,Paid,Check
PM0006869,P001924,2024-11-13,244.7,Paid,ACH
PM0006870,P001924,2025-02-13,244.7,Paid,Card
PM0006871,P001924,2025-05-11,244.7,Paid,Wire
PM0006872,P001924,2025-08-11,244.7,Paid,ACH
PM0006873,P001925,2023-12-18,1809.74,Paid,Wire
PM0006874,P001925,2024-03-24,1809.74,Paid,Check
PM0006875,P001925,2024-06-27,1809.74,Paid,Wire
PM0006876,P001925,2024-09-15,1809.74,Paid,Card
PM0006877,P001926,2023-10-10,198.21,Late,Check
PM0006878,P001926,2024-01-04,198.21,Paid,Check
PM0006879,P001927,2025-04-21,1037.1,Paid,Check
PM0006880,P001927,2025-07-26,1037.1,Paid,Check
PM0006881,P001927,2025-10-11,1037.1,Paid,Check
PM0006882,P001928,2024-08-11,263.16,Failed,Wire
PM0006883,P001928,2024-11-20,263.16,Paid,Check
PM0006884,P001928,2025-02-12,263.16,Paid,Check
PM0006885,P001928,2025-05-12,263.16,Paid,Check
PM0006886,P001929,2025-04-25,408.5,Late,Wire
PM0006887,P001929,2025-08-05,408.5,Paid,Check
PM0006888,P001929,2025-11-08,408.5,Paid,Card
PM0006889,P001930,2024-03-15,521.07,Paid,Check
PM0006890,P001930,2024-06-10,521.07,Paid,ACH
PM0006891,P001930,2024-12-22,521.07,Paid,ACH
PM0006892,P001931,2023-11-12,1129.52,Paid,Card
PM0006893,P001931,2024-01-27,1129.52,Paid,ACH
PM0006894,P001931,2024-05-16,1129.52,Paid,ACH
PM0006895,P001931,2024-08-01,1129.52,Paid,Check
PM0006896,P001932,2024-09-01,2679.42,Paid,Check
PM0006897,P001932,2024-12-05,2679.42,Late,Card
PM0006898,P001932,2025-03-04,2679.42,Paid,Wire
PM0006899,P001932,2025-06-05,2679.42,Paid,ACH
PM0006900,P001933,2023-01-19,162.15,Paid,Card
PM0006901,P001933,2023-05-04,162.15,Paid,Wire
PM0006902,P001933,2023-07-25,162.15,Paid,ACH
PM0006903,P001933,2023-10-19,162.15,Paid,ACH
PM0006904,P001934,2025-03-15,1602.38,Paid,Wire
PM0006905,P001934,2025-06-02,1602.38,Late,Check
PM0006906,P001934,2025-09-02,1602.38,Paid,Check
PM0006907,P001934,2025-11-24,1602.38,Paid,Card
PM0006908,P001935,2024-04-06,1132.93,Paid,Card
PM0006909,P001935,2024-07-11,1132.93,Paid,Card
PM0006910,P001935,2024-10-06,1132.93,Failed,Card
PM0006911,P001935,2025-01-14,1132.93,Late,Check
PM0006912,P001936,2024-01-10,238.48,Failed,ACH
PM0006913,P001936,2024-04-06,238.48,Paid,Check
PM0006914,P001936,2024-07-07,238.48,Failed,Card
PM0006915,P001936,2024-09-22,238.48,Paid,ACH
PM0006916,P001937,2023-12-04,194.72,Paid,Wire
PM0006917,P001937,2024-03-03,194.72,Paid,Wire
PM0006918,P001937,2024-05-29,194.72,Refunded,Card
PM0006919,P001938,2023-05-26,604.95,Paid,Card
PM0006920,P001938,2023-08-20,604.95,Paid,Card
PM0006921,P001938,2023-12-01,604.95,Paid,Wire
PM0006922,P001938,2024-03-05,604.95,Paid,Wire
PM0006923,P001939,2025-06-15,1759.21,Paid,Check
PM0006924,P001939,2025-12-16,1759.21,Paid,Check
PM0006925,P001940,2024-05-05,536.56,Paid,Card
PM0006926,P001940,2024-08-02,536.56,Paid,Check
PM0006927,P001940,2024-10-18,536.56,Paid,Wire
PM0006928,P001940,2025-01-11,536.56,Paid,ACH
PM0006929,P001941,2023-08-01,570.23,Paid,Card
PM0006930,P001941,2024-02-01,570.23,Paid,Wire
PM0006931,P001941,2024-04-28,570.23,Paid,Card
PM0006932,P001942,2023-01-13,1843.46,Paid,Wire
PM0006933,P001942,2023-04-20,1843.46,Failed,Card
PM0006934,P001942,2023-07-25,1843.46,Paid,Card
PM0006935,P001942,2023-10-09,1843.46,Paid,Card
PM0006936,P001943,2024-11-01,1006.17,Paid,Check
PM0006937,P001943,2025-05-05,1006.17,Paid,Wire
PM0006938,P001943,2025-07-30,1006.17,Paid,Check
PM0006939,P001944,2024-07-17,370.51,Paid,Card
PM0006940,P001944,2024-10-08,370.51,Paid,Card
PM0006941,P001944,2025-01-11,370.51,Paid,ACH
PM0006942,P001944,2025-04-02,370.51,Paid,Check
PM0006943,P001945,2023-02-08,499.4,Paid,Check
PM0006944,P001945,2023-08-02,499.4,Paid,Check
PM0006945,P001945,2023-11-05,499.4,Paid,Wire
PM0006946,P001946,2024-12-15,828.18,Paid,Wire
PM0006947,P001946,2025-06-08,828.18,Paid,Check
PM0006948,P001946,2025-09-04,828.18,Late,ACH
PM0006949,P001947,2024-09-13,558.8,Paid,Wire
PM0006950,P001947,2024-12-09,558.8,Paid,ACH
PM0006951,P001947,2025-03-04,558.8,Paid,Card
PM0006952,P001947,2025-06-07,558.8,Paid,Check
PM0006953,P001948,2024-06-14,292.67,Paid,Wire
PM0006954,P001948,2024-09-20,292.67,Paid,ACH
PM0006955,P001948,2024-12-23,292.67,Paid,ACH
PM0006956,P001949,2024-08-09,1310.35,Paid,ACH
PM0006957,P001949,2024-10-26,1310.35,Paid,Check
PM0006958,P001949,2025-01-25,1310.35,Paid,ACH
PM0006959,P001949,2025-05-04,1310.35,Paid,Wire
PM0006960,P001950,2025-05-28,786.96,Paid,Card
PM0006961,P001950,2025-08-24,786.96,Paid,Card
PM0006962,P001950,2025-11-25,786.96,Paid,Card
PM0006963,P001951,2025-06-03,601.83,Paid,ACH
PM0006964,P001951,2025-09-01,601.83,Paid,ACH
PM0006965,P001951,2025-12-09,601.83,Paid,Wire
PM0006966,P001952,2023-08-22,1281.5,Paid,Wire
PM0006967,P001952,2023-12-06,1281.5,Paid,Card
PM0006968,P001952,2024-03-01,1281.5,Paid,Check
PM0006969,P001953,2025-03-12,1656.41,Refunded,Check
PM0006970,P001953,2025-06-09,1656.41,Paid,Check
PM0006971,P001953,2025-09-06,1656.41,Paid,Wire
PM0006972,P001953,2025-12-12,1656.41,Paid,Card
PM0006973,P001954,2024-09-30,1342.42,Paid,Check
PM0006974,P001954,2025-01-13,1342.42,Paid,Card
PM0006975,P001954,2025-04-06,1342.42,Paid,ACH
PM0006976,P001954,2025-07-12,1342.42,Paid,Wire
PM0006977,P001955,2023-12-15,1396.55,Failed,Wire
PM0006978,P001955,2024-03-27,1396.55,Late,Check
PM0006979,P001955,2024-06-19,1396.55,Paid,Wire
PM0006980,P001955,2024-09-10,1396.55,Paid,Card
PM0006981,P001956,2024-01-14,1865.63,Paid,Check
PM0006982,P001956,2024-04-25,1865.63,Paid,Wire
PM0006983,P001956,2024-07-15,1865.63,Paid,ACH
PM0006984,P001956,2024-10-17,1865.63,Paid,ACH
PM0006985,P001957,2024-04-12,1912.15,Paid,ACH
PM0006986,P001957,2024-07-14,1912.15,Paid,ACH
PM0006987,P001957,2025-01-11,1912.15,Paid,ACH
PM0006988,P001958,2023-09-25,610.25,Paid,Wire
PM0006989,P001958,2023-12-26,610.25,Late,Card
PM0006990,P001958,2024-03-18,610.25,Paid,Card
PM0006991,P001958,2024-06-21,610.25,Paid,Wire
PM0006992,P001959,2024-05-31,735.57,Paid,ACH
PM0006993,P001959,2024-09-07,735.57,Paid,Check
PM0006994,P001959,2024-11-29,735.57,Paid,ACH
PM0006995,P001959,2025-02-18,735.57,Paid,Wire
PM0006996,P001960,2024-01-20,322.44,Paid,Card
PM0006997,P001960,2024-04-11,322.44,Late,Wire
PM0006998,P001960,2024-07-29,322.44,Late,Card
PM0006999,P001960,2024-10-10,322.44,Paid,Card
PM0007000,P001961,2023-11-22,1346.35,Paid,Card
PM0007001,P001961,2024-02-11,1346.35,Paid,Wire
PM0007002,P001961,2024-05-10,1346.35,Paid,ACH
PM0007003,P001962,2024-04-18,1459.24,Paid,ACH
PM0007004,P001962,2024-07-19,1459.24,Failed,ACH
PM0007005,P001962,2024-10-17,1459.24,Paid,ACH
PM0007006,P001962,2025-01-09,1459.24,Paid,Check
PM0007007,P001963,2024-09-19,1345.18,Failed,Card
PM0007008,P001963,2024-12-03,1345.18,Paid,Card
PM0007009,P001963,2025-03-11,1345.18,Late,Check
PM0007010,P001963,2025-06-01,1345.18,Paid,Card
PM0007011,P001964,2024-06-20,793.55,Paid,ACH
PM0007012,P001964,2024-09-19,793.55,Paid,ACH
PM0007013,P001964,2024-12-26,793.55,Paid,Check
PM0007014,P001964,2025-03-22,793.55,Paid,ACH
PM0007015,P001965,2023-11-18,416.38,Paid,Check
PM0007016,P001965,2024-02-23,416.38,Paid,ACH
PM0007017,P001965,2024-08-23,416.38,Paid,Card
PM0007018,P001966,2024-03-08,538.5,Paid,ACH
PM0007019,P001966,2024-06-10,538.5,Paid,ACH
PM0007020,P001966,2024-09-06,538.5,Paid,Wire
PM0007021,P001967,2023-11-11,1773.83,Paid,Card
PM0007022,P001967,2024-02-13,1773.83,Refunded,Wire
PM0007023,P001967,2024-05-09,1773.83,Paid,ACH
PM0007024,P001967,2024-08-14,1773.83,Paid,ACH
PM0007025,P001968,2024-05-25,1926.55,Late,Wire
PM0007026,P001968,2024-09-03,1926.55,Paid,ACH
PM0007027,P001968,2024-12-04,1926.55,Paid,Card
PM0007028,P001968,2025-03-04,1926.55,Paid,ACH
PM0007029,P001969,2024-02-17,476.6,Paid,Wire
PM0007030,P001969,2024-05-21,476.6,Paid,ACH
PM0007031,P001969,2024-08-16,476.6,Refunded,ACH
PM0007032,P001969,2024-11-21,476.6,Paid,ACH
PM0007033,P001970,2023-10-27,827.42,Paid,Card
PM0007034,P001970,2024-01-20,827.42,Paid,Card
PM0007035,P001970,2024-04-11,827.42,Paid,Card
PM0007036,P001970,2024-07-08,827.42,Paid,Check
PM0007037,P001971,2024-01-12,294.47,Paid,Card
PM0007038,P001971,2024-04-09,294.47,Paid,Card
PM0007039,P001971,2024-07-01,294.47,Paid,Check
PM0007040,P001971,2024-09-21,294.47,Late,ACH
PM0007041,P001972,2025-02-02,714.37,Failed,Card
PM0007042,P001972,2025-04-28,714.37,Paid,Card
PM0007043,P001972,2025-08-04,714.37,Paid,Wire
PM0007044,P001972,2025-10-22,714.37,Failed,Check
PM0007045,P001973,2024-06-21,1340.5,Failed,Wire
PM0007046,P001973,2024-09-13,1340.5,Paid,Check
PM0007047,P001973,2024-12-10,1340.5,Paid,ACH
PM0007048,P001973,2025-03-22,1340.5,Paid,ACH
PM0007049,P001974,2023-08-17,1023.18,Failed,ACH
PM0007050,P001974,2023-11-09,1023.18,Paid,Check
PM0007051,P001974,2024-02-17,1023.18,Refunded,Wire
PM0007052,P001974,2024-05-04,1023.18,Paid,Wire
PM0007053,P001975,2023-07-21,1013.22,Paid,ACH
PM0007054,P001975,2023-11-02,1013.22,Paid,Wire
PM0007055,P001975,2024-01-18,1013.22,Paid,Wire
PM0007056,P001975,2024-05-05,1013.22,Paid,Check
PM0007057,P001976,2023-03-02,472.09,Paid,Check
PM0007058,P001976,2023-06-02,472.09,Paid,Check
PM0007059,P001976,2023-08-28,472.09,Paid,Check
PM0007060,P001976,2023-11-26,472.09,Paid,Card
PM0007061,P001977,2023-05-10,463.0,Paid,Card
PM0007062,P001977,2023-07-23,463.0,Paid,ACH
PM0007063,P001977,2023-11-04,463.0,Paid,ACH
PM0007064,P001977,2024-01-23,463.0,Failed,Check
PM0007065,P001978,2025-04-01,1379.78,Failed,Card
PM0007066,P001978,2025-07-02,1379.78,Paid,ACH
PM0007067,P001978,2025-10-08,1379.78,Paid,Wire
PM0007068,P001978,2025-12-22,1379.78,Paid,Card
PM0007069,P001979,2024-12-15,231.47,Paid,ACH
PM0007070,P001979,2025-03-14,231.47,Paid,Check
PM0007071,P001979,2025-09-10,231.47,Paid,ACH
PM0007072,P001980,2025-03-29,161.06,Paid,Check
PM0007073,P001980,2025-07-07,161.06,Paid,Wire
PM0007074,P001980,2025-09-29,161.06,Paid,Check
PM0007075,P001981,2023-09-06,220.39,Paid,Check
PM0007076,P001981,2023-12-17,220.39,Failed,Wire
PM0007077,P001981,2024-03-13,220.39,Paid,ACH
PM0007078,P001981,2024-06-04,220.39,Paid,Wire
PM0007079,P001982,2024-07-05,2389.27,Paid,ACH
PM0007080,P001982,2024-10-20,2389.27,Paid,ACH
PM0007081,P001982,2025-01-18,2389.27,Paid,Check
PM0007082,P001983,2025-01-24,1519.23,Paid,Check
PM0007083,P001983,2025-04-21,1519.23,Paid,Card
PM0007084,P001983,2025-10-28,1519.23,Paid,Card
PM0007085,P001984,2023-04-06,213.61,Paid,ACH
PM0007086,P001984,2023-06-24,213.61,Paid,Check
PM0007087,P001984,2023-09-21,213.61,Late,Card
PM0007088,P001984,2024-01-05,213.61,Paid,Card
PM0007089,P001985,2023-01-12,777.73,Paid,ACH
PM0007090,P001985,2023-04-13,777.73,Paid,ACH
PM0007091,P001985,2023-07-21,777.73,Paid,ACH
PM0007092,P001985,2023-10-07,777.73,Paid,Check
PM0007093,P001986,2023-11-12,408.45,Paid,Check
PM0007094,P001986,2024-03-01,408.45,Paid,Card
PM0007095,P001986,2024-05-24,408.45,Paid,ACH
PM0007096,P001986,2024-08-28,408.45,Failed,Check
PM0007097,P001987,2024-08-31,386.67,Paid,Wire
PM0007098,P001987,2024-12-07,386.67,Paid,ACH
PM0007099,P001987,2025-02-25,386.67,Paid,Check
PM0007100,P001988,2024-07-09,751.83,Paid,Check
PM0007101,P001988,2024-10-12,751.83,Paid,Card
PM0007102,P001988,2025-01-01,751.83,Paid,Check
PM0007103,P001988,2025-04-04,751.83,Paid,ACH
PM0007104,P001989,2023-01-27,989.09,Paid,Check
PM0007105,P001989,2023-07-31,989.09,Paid,ACH
PM0007106,P001989,2023-10-14,989.09,Paid,Wire
PM0007107,P001990,2024-10-17,2318.6,Paid,Check
PM0007108,P001990,2025-04-15,2318.6,Paid,ACH
PM0007109,P001990,2025-07-21,2318.6,Paid,Check
PM0007110,P001991,2024-02-21,876.55,Paid,Check
PM0007111,P001991,2024-06-07,876.55,Paid,Wire
PM0007112,P001991,2024-08-19,876.55,Late,ACH
PM0007113,P001991,2024-12-01,876.55,Late,Wire
PM0007114,P001992,2024-06-01,294.26,Late,Check
PM0007115,P001992,2024-11-29,294.26,Late,Wire
PM0007116,P001992,2025-03-10,294.26,Paid,Wire
PM0007117,P001993,2023-10-30,341.3,Paid,ACH
PM0007118,P001993,2024-01-22,341.3,Paid,Wire
PM0007119,P001993,2024-04-27,341.3,Late,Card
PM0007120,P001993,2024-07-24,341.3,Paid,ACH
PM0007121,P001994,2023-03-15,855.22,Paid,ACH
PM0007122,P001994,2023-06-26,855.22,Paid,Wire
PM0007123,P001994,2023-09-04,855.22,Late,Card
PM0007124,P001994,2023-12-03,855.22,Paid,ACH
PM0007125,P001995,2024-09-08,253.77,Paid,Card
PM0007126,P001995,2024-12-13,253.77,Paid,Wire
PM0007127,P001995,2025-03-17,253.77,Paid,Check
PM0007128,P001995,2025-06-01,253.77,Paid,ACH
PM0007129,P001996,2024-11-29,289.12,Paid,Check
PM0007130,P001996,2025-02-22,289.12,Refunded,ACH
PM0007131,P001996,2025-06-05,289.12,Paid,ACH
PM0007132,P001996,2025-08-26,289.12,Paid,ACH
PM0007133,P001997,2024-07-10,388.0,Paid,ACH
PM0007134,P001997,2025-01-07,388.0,Failed,Check
PM0007135,P001997,2025-03-30,388.0,Paid,Wire
PM0007136,P001998,2023-08-13,157.37,Paid,ACH
PM0007137,P001998,2023-11-02,157.37,Paid,Wire
PM0007138,P001998,2024-02-01,157.37,Late,ACH
PM0007139,P001998,2024-05-09,157.37,Paid,Wire
PM0007140,P001999,2024-11-03,291.63,Paid,Check
PM0007141,P001999,2025-01-30,291.63,Failed,Wire
PM0007142,P001999,2025-04-18,291.63,Late,ACH
PM0007143,P001999,2025-08-03,291.63,Paid,Check
PM0007144,P002000,2025-06-29,664.76,Paid,Card
PM0007145,P002000,2025-09-18,664.76,Paid,ACH
PM0007146,P002000,2025-12-22,664.76,Paid,Card
PM0007147,P002001,2023-07-17,353.57,Paid,ACH
PM0007148,P002001,2023-10-20,353.57,Paid,Wire
PM0007149,P002001,2024-01-20,353.57,Paid,Wire
PM0007150,P002001,2024-04-13,353.57,Paid,Wire
PM0007151,P002002,2023-05-15,797.57,Paid,Wire
PM0007152,P002002,2023-08-14,797.57,Paid,Wire
PM0007153,P002002,2023-10-31,797.57,Paid,ACH
PM0007154,P002002,2024-02-07,797.57,Paid,Wire
PM0007155,P002003,2024-01-05,311.6,Paid,Check
PM0007156,P002003,2024-04-06,311.6,Paid,Wire
PM0007157,P002003,2024-07-08,311.6,Paid,Card
PM0007158,P002003,2024-10-05,311.6,Paid,ACH
PM0007159,P002004,2025-03-24,287.68,Paid,Check
PM0007160,P002004,2025-06-14,287.68,Paid,ACH
PM0007161,P002004,2025-12-19,287.68,Paid,Card
PM0007162,P002005,2024-08-31,219.85,Refunded,Card
PM0007163,P002005,2024-11-24,219.85,Paid,Card
PM0007164,P002005,2025-02-20,219.85,Paid,Check
PM0007165,P002005,2025-05-21,219.85,Paid,Wire
PM0007166,P002006,2023-12-31,2707.11,Paid,ACH
PM0007167,P002006,2024-03-24,2707.11,Paid,Wire
PM0007168,P002006,2024-07-08,2707.11,Paid,ACH
PM0007169,P002006,2024-09-18,2707.11,Paid,Card
PM0007170,P002007,2025-02-22,213.84,Paid,ACH
PM0007171,P002007,2025-06-11,213.84,Paid,Wire
PM0007172,P002007,2025-11-30,213.84,Paid,ACH
PM0007173,P002008,2024-01-26,2656.02,Paid,Wire
PM0007174,P002008,2024-04-22,2656.02,Failed,Card
PM0007175,P002008,2024-08-08,2656.02,Paid,Wire
PM0007176,P002008,2024-11-07,2656.02,Paid,Wire
PM0007177,P002009,2024-11-30,307.93,Paid,ACH
PM0007178,P002009,2025-03-16,307.93,Late,Card
PM0007179,P002009,2025-06-17,307.93,Paid,Card
PM0007180,P002009,2025-09-08,307.93,Paid,Check
PM0007181,P002010,2024-11-12,912.83,Paid,Wire
PM0007182,P002010,2025-05-12,912.83,Paid,Wire
PM0007183,P002010,2025-08-13,912.83,Paid,Wire
PM0007184,P002011,2024-07-27,222.52,Paid,Card
PM0007185,P002011,2024-10-18,222.52,Paid,Card
PM0007186,P002011,2025-01-08,222.52,Late,Card
PM0007187,P002011,2025-04-28,222.52,Paid,ACH
PM0007188,P002012,2024-06-24,1363.11,Paid,Wire
PM0007189,P002012,2024-09-26,1363.11,Paid,Card
PM0007190,P002012,2024-12-29,1363.11,Paid,Check
PM0007191,P002012,2025-03-27,1363.11,Paid,Check
PM0007192,P002013,2025-06-25,204.55,Failed,Wire
PM0007193,P002013,2025-09-11,204.55,Failed,Wire
PM0007194,P002013,2025-12-12,204.55,Paid,Check
PM0007195,P002014,2023-08-31,1301.73,Paid,Wire
PM0007196,P002014,2023-12-10,1301.73,Paid,ACH
PM0007197,P002014,2024-02-20,1301.73,Paid,Check
PM0007198,P002014,2024-05-18,1301.73,Paid,Wire
PM0007199,P002015,2024-03-04,965.97,Late,Wire
PM0007200,P002015,2024-05-31,965.97,Paid,Check
PM0007201,P002015,2024-08-26,965.97,Paid,Wire
PM0007202,P002016,2025-03-16,1840.04,Paid,Card
PM0007203,P002016,2025-05-26,1840.04,Paid,Wire
PM0007204,P002016,2025-12-01,1840.04,Paid,ACH
PM0007205,P002017,2024-02-06,345.93,Paid,Wire
PM0007206,P002017,2024-05-23,345.93,Paid,ACH
PM0007207,P002017,2024-08-11,345.93,Paid,Wire
PM0007208,P002017,2024-11-13,345.93,Late,Wire
PM0007209,P002018,2025-03-07,1019.06,Paid,Wire
PM0007210,P002018,2025-09-05,1019.06,Paid,ACH
PM0007211,P002018,2025-12-04,1019.06,Paid,Check
PM0007212,P002019,2023-11-07,2729.5,Paid,ACH
PM0007213,P002019,2024-01-25,2729.5,Paid,ACH
PM0007214,P002019,2024-04-26,2729.5,Paid,Check
PM0007215,P002019,2024-07-21,2729.5,Paid,Wire
PM0007216,P002020,2023-07-01,1987.15,Paid,Wire
PM0007217,P002020,2023-10-12,1987.15,Paid,ACH
PM0007218,P002020,2024-01-03,1987.15,Paid,Card
PM0007219,P002020,2024-04-04,1987.15,Paid,Check
PM0007220,P002021,2025-06-16,1732.31,Paid,Card
PM0007221,P002021,2025-09-27,1732.31,Paid,Card
PM0007222,P002021,2025-12-20,1732.31,Paid,ACH
PM0007223,P002022,2023-09-09,190.07,Paid,ACH
PM0007224,P002022,2023-12-02,190.07,Paid,Card
PM0007225,P002022,2024-03-02,190.07,Failed,Wire
PM0007226,P002022,2024-06-04,190.07,Paid,ACH
PM0007227,P002023,2024-07-14,604.97,Paid,ACH
PM0007228,P002023,2024-10-15,604.97,Paid,Check
PM0007229,P002023,2025-01-12,604.97,Failed,Wire
PM0007230,P002023,2025-04-21,604.97,Paid,Wire
PM0007231,P002024,2024-01-05,774.83,Paid,Check
PM0007232,P002024,2024-07-07,774.83,Paid,Check
PM0007233,P002024,2024-10-01,774.83,Paid,Wire
PM0007234,P002025,2023-06-08,175.14,Refunded,Wire
PM0007235,P002025,2023-09-18,175.14,Paid,ACH
PM0007236,P002025,2023-12-01,175.14,Paid,Card
PM0007237,P002025,2024-02-27,175.14,Paid,Card
PM0007238,P002026,2023-10-31,268.32,Paid,ACH
PM0007239,P002026,2024-01-26,268.32,Paid,Check
PM0007240,P002026,2024-05-05,268.32,Paid,Wire
PM0007241,P002026,2024-07-24,268.32,Paid,ACH
PM0007242,P002027,2023-06-16,385.44,Late,Wire
PM0007243,P002027,2023-09-14,385.44,Paid,ACH
PM0007244,P002027,2023-12-13,385.44,Paid,Wire
PM0007245,P002027,2024-03-05,385.44,Paid,Card
PM0007246,P002028,2024-11-24,866.69,Paid,ACH
PM0007247,P002028,2025-02-28,866.69,Paid,Check
PM0007248,P002028,2025-05-20,866.69,Paid,ACH
PM0007249,P002028,2025-09-03,866.69,Paid,Card
PM0007250,P002029,2024-04-29,392.87,Paid,Wire
PM0007251,P002029,2024-07-12,392.87,Paid,Wire
PM0007252,P002029,2024-10-19,392.87,Refunded,Card
PM0007253,P002029,2025-01-09,392.87,Paid,Check
PM0007254,P002030,2025-06-27,256.96,Paid,Check
PM0007255,P002030,2025-09-20,256.96,Paid,Check
PM0007256,P002030,2025-12-20,256.96,Paid,ACH
PM0007257,P002031,2023-10-11,703.46,Paid,ACH
PM0007258,P002031,2024-01-09,703.46,Paid,Check
PM0007259,P002031,2024-03-25,703.46,Paid,Card
PM0007260,P002032,2024-06-12,1000.13,Paid,Check
PM0007261,P002032,2024-09-08,1000.13,Paid,Wire
PM0007262,P002032,2024-11-28,1000.13,Paid,Card
PM0007263,P002033,2024-02-18,309.06,Paid,Check
PM0007264,P002033,2024-08-20,309.06,Paid,Check
PM0007265,P002033,2024-11-26,309.06,Paid,Card
PM0007266,P002034,2024-11-13,1219.93,Paid,Check
PM0007267,P002034,2025-02-04,1219.93,Paid,Wire
PM0007268,P002034,2025-05-06,1219.93,Paid,Check
PM0007269,P002034,2025-07-31,1219.93,Failed,Check
PM0007270,P002035,2024-08-27,295.01,Paid,Check
PM0007271,P002035,2024-12-06,295.01,Paid,ACH
PM0007272,P002035,2025-02-19,295.01,Paid,Wire
PM0007273,P002035,2025-05-29,295.01,Paid,Wire
PM0007274,P002036,2024-06-26,2421.28,Paid,Wire
PM0007275,P002036,2024-12-16,2421.28,Paid,Wire
PM0007276,P002036,2025-03-18,2421.28,Paid,Card
PM0007277,P002037,2024-09-13,650.88,Paid,Card
PM0007278,P002037,2024-12-17,650.88,Paid,ACH
PM0007279,P002037,2025-03-04,650.88,Paid,Check
PM0007280,P002037,2025-06-03,650.88,Paid,Wire
PM0007281,P002038,2024-04-27,545.25,Paid,Wire
PM0007282,P002038,2024-07-27,545.25,Paid,Card
PM0007283,P002038,2024-10-20,545.25,Paid,Wire
PM0007284,P002038,2025-01-31,545.25,Paid,Wire
PM0007285,P002039,2025-01-31,1627.5,Paid,Card
PM0007286,P002039,2025-04-19,1627.5,Paid,ACH
PM0007287,P002039,2025-10-24,1627.5,Paid,ACH
PM0007288,P002040,2023-12-24,1327.09,Paid,Check
PM0007289,P002040,2024-03-24,1327.09,Paid,ACH
PM0007290,P002040,2024-06-23,1327.09,Paid,Card
PM0007291,P002040,2024-09-16,1327.09,Paid,Card
PM0007292,P002041,2023-10-19,2282.72,Failed,Wire
PM0007293,P002041,2024-01-21,2282.72,Paid,Card
PM0007294,P002041,2024-04-12,2282.72,Late,Check
PM0007295,P002041,2024-07-31,2282.72,Paid,ACH
PM0007296,P002042,2024-02-11,628.66,Paid,Card
PM0007297,P002042,2024-05-02,628.66,Paid,ACH
PM0007298,P002042,2024-08-01,628.66,Paid,Card
PM0007299,P002042,2024-11-07,628.66,Paid,ACH
PM0007300,P002043,2023-08-25,1026.61,Paid,Card
PM0007301,P002043,2023-11-13,1026.61,Paid,Card
PM0007302,P002043,2024-02-24,1026.61,Paid,Wire
PM0007303,P002043,2024-05-26,1026.61,Refunded,Check
PM0007304,P002044,2024-12-04,230.33,Paid,Check
PM0007305,P002044,2025-03-04,230.33,Paid,ACH
PM0007306,P002044,2025-05-19,230.33,Paid,ACH
PM0007307,P002045,2025-06-12,1896.89,Paid,Wire
PM0007308,P002045,2025-09-01,1896.89,Paid,ACH
PM0007309,P002045,2025-12-04,1896.89,Paid,ACH
PM0007310,P002046,2024-06-26,210.33,Paid,ACH
PM0007311,P002046,2024-09-12,210.33,Paid,Card
PM0007312,P002046,2024-12-22,210.33,Paid,Card
PM0007313,P002046,2025-03-06,210.33,Paid,Card
PM0007314,P002047,2023-04-17,2052.16,Paid,ACH
PM0007315,P002047,2023-07-21,2052.16,Late,Check
PM0007316,P002047,2023-10-08,2052.16,Paid,Wire
PM0007317,P002047,2024-01-06,2052.16,Paid,ACH
PM0007318,P002048,2023-09-18,1734.37,Paid,Check
PM0007319,P002048,2023-12-26,1734.37,Refunded,ACH
PM0007320,P002048,2024-03-08,1734.37,Paid,Wire
PM0007321,P002048,2024-06-20,1734.37,Paid,Card
PM0007322,P002049,2024-12-03,374.53,Paid,ACH
PM0007323,P002049,2025-03-09,374.53,Paid,Card
PM0007324,P002049,2025-05-29,374.53,Refunded,Check
PM0007325,P002049,2025-09-08,374.53,Paid,ACH
PM0007326,P002050,2023-03-06,369.25,Paid,Card
PM0007327,P002050,2023-06-17,369.25,Paid,Wire
PM0007328,P002050,2023-09-13,369.25,Paid,Card
PM0007329,P002050,2023-12-01,369.25,Late,Card
PM0007330,P002051,2024-01-09,380.32,Paid,ACH
PM0007331,P002051,2024-04-25,380.32,Late,Check
PM0007332,P002051,2024-07-20,380.32,Paid,Wire
PM0007333,P002051,2024-10-12,380.32,Paid,Card
PM0007334,P002052,2023-06-08,1455.89,Paid,Wire
PM0007335,P002052,2023-09-18,1455.89,Paid,Card
PM0007336,P002052,2023-12-09,1455.89,Paid,Check
PM0007337,P002052,2024-03-14,1455.89,Paid,Card
PM0007338,P002053,2024-06-24,333.39,Paid,Card
PM0007339,P002053,2024-10-02,333.39,Paid,Wire
PM0007340,P002053,2024-12-18,333.39,Late,Card
PM0007341,P002053,2025-03-24,333.39,Paid,ACH
PM0007342,P002054,2024-02-28,279.3,Paid,Card
PM0007343,P002054,2024-08-17,279.3,Paid,Check
PM0007344,P002054,2024-11-17,279.3,Paid,Check
PM0007345,P002055,2024-04-04,553.46,Paid,Card
PM0007346,P002055,2024-06-29,553.46,Paid,Card
PM0007347,P002055,2024-10-04,553.46,Refunded,ACH
PM0007348,P002055,2024-12-20,553.46,Paid,Check
PM0007349,P002056,2023-04-09,636.25,Paid,Check
PM0007350,P002056,2023-07-21,636.25,Paid,Check
PM0007351,P002056,2023-10-18,636.25,Paid,Card
PM0007352,P002056,2024-01-11,636.25,Paid,Card
PM0007353,P002057,2023-05-04,1687.01,Paid,Card
PM0007354,P002057,2023-07-30,1687.01,Paid,ACH
PM0007355,P002057,2023-10-18,1687.01,Paid,Check
PM0007356,P002057,2024-01-11,1687.01,Paid,ACH
PM0007357,P002058,2023-03-26,538.08,Paid,Wire
PM0007358,P002058,2023-06-25,538.08,Paid,Check
PM0007359,P002058,2023-10-06,538.08,Paid,ACH
PM0007360,P002058,2023-12-27,538.08,Paid,ACH
PM0007361,P002059,2024-01-20,475.3,Paid,Wire
PM0007362,P002059,2024-04-20,475.3,Paid,Check
PM0007363,P002059,2024-07-31,475.3,Failed,ACH
PM0007364,P002059,2024-10-27,475.3,Paid,Card
PM0007365,P002060,2024-04-29,492.24,Paid,Wire
PM0007366,P002060,2024-07-09,492.24,Paid,Wire
PM0007367,P002060,2024-10-08,492.24,Refunded,ACH
PM0007368,P002060,2025-01-05,492.24,Paid,Check
PM0007369,P002061,2025-02-17,1206.66,Late,Card
PM0007370,P002061,2025-05-21,1206.66,Paid,Wire
PM0007371,P002061,2025-08-16,1206.66,Paid,Card
PM0007372,P002062,2024-12-15,361.72,Paid,Card
PM0007373,P002062,2025-03-11,361.72,Paid,ACH
PM0007374,P002062,2025-06-07,361.72,Late,ACH
PM0007375,P002062,2025-09-10,361.72,Refunded,Card
PM0007376,P002063,2024-12-08,1929.67,Paid,Card
PM0007377,P002063,2025-03-13,1929.67,Paid,Check
PM0007378,P002063,2025-06-12,1929.67,Refunded,ACH
PM0007379,P002063,2025-09-20,1929.67,Late,Card
PM0007380,P002064,2024-02-14,745.16,Paid,Card
PM0007381,P002064,2024-11-29,745.16,Paid,Check
PM0007382,P002065,2024-08-17,1122.93,Paid,ACH
PM0007383,P002065,2024-11-01,1122.93,Paid,ACH
PM0007384,P002065,2025-01-27,1122.93,Paid,ACH
PM0007385,P002065,2025-05-15,1122.93,Paid,Check
PM0007386,P002066,2023-11-26,234.88,Paid,Wire
PM0007387,P002066,2024-02-17,234.88,Paid,Card
PM0007388,P002066,2024-05-22,234.88,Paid,Check
PM0007389,P002066,2024-08-04,234.88,Paid,Wire
PM0007390,P002067,2023-11-26,1598.44,Paid,ACH
PM0007391,P002067,2024-02-25,1598.44,Paid,ACH
PM0007392,P002067,2024-08-05,1598.44,Paid,Wire
PM0007393,P002068,2024-09-13,224.88,Paid,Wire
PM0007394,P002068,2024-12-30,224.88,Paid,Check
PM0007395,P002068,2025-03-25,224.88,Paid,Wire
PM0007396,P002068,2025-06-09,224.88,Paid,Card
PM0007397,P002069,2023-11-01,1897.56,Paid,Check
PM0007398,P002069,2024-01-20,1897.56,Paid,Card
PM0007399,P002069,2024-04-13,1897.56,Paid,ACH
PM0007400,P002069,2024-07-22,1897.56,Paid,Check
PM0007401,P002070,2023-10-08,316.39,Paid,Check
PM0007402,P002070,2024-04-01,316.39,Paid,Card
PM0007403,P002070,2024-06-28,316.39,Late,Check
PM0007404,P002071,2023-05-04,292.75,Paid,Wire
PM0007405,P002071,2024-02-04,292.75,Paid,Check
PM0007406,P002072,2024-01-17,1675.64,Paid,Card
PM0007407,P002072,2024-04-21,1675.64,Paid,Wire
PM0007408,P002072,2024-07-04,1675.64,Paid,ACH
PM0007409,P002072,2024-10-09,1675.64,Paid,Wire
PM0007410,P002073,2025-03-30,237.35,Paid,Check
PM0007411,P002073,2025-07-02,237.35,Paid,Card
PM0007412,P002073,2025-09-30,237.35,Paid,Card
PM0007413,P002073,2025-12-16,237.35,Paid,ACH
PM0007414,P002074,2023-01-31,831.62,Paid,ACH
PM0007415,P002074,2023-04-22,831.62,Late,Card
PM0007416,P002074,2023-08-02,831.62,Failed,ACH
PM0007417,P002074,2023-10-27,831.62,Refunded,ACH
PM0007418,P002075,2024-05-01,1826.38,Paid,ACH
PM0007419,P002075,2024-08-03,1826.38,Paid,Wire
PM0007420,P002075,2024-11-04,1826.38,Paid,Check
PM0007421,P002075,2025-02-03,1826.38,Failed,Card
PM0007422,P002076,2023-06-23,2686.65,Paid,ACH
PM0007423,P002076,2023-09-11,2686.65,Paid,ACH
PM0007424,P002076,2023-12-24,2686.65,Paid,Check
PM0007425,P002076,2024-03-14,2686.65,Paid,ACH
PM0007426,P002077,2024-03-14,2229.53,Paid,ACH
PM0007427,P002077,2024-06-23,2229.53,Paid,Check
PM0007428,P002077,2024-09-14,2229.53,Paid,Wire
PM0007429,P002077,2024-12-19,2229.53,Paid,Check
PM0007430,P002078,2024-11-18,319.03,Paid,Wire
PM0007431,P002078,2025-02-07,319.03,Late,ACH
PM0007432,P002078,2025-05-07,319.03,Paid,Card
PM0007433,P002079,2023-12-18,389.3,Paid,Card
PM0007434,P002079,2024-03-10,389.3,Paid,ACH
PM0007435,P002079,2024-06-08,389.3,Paid,Card
PM0007436,P002079,2024-09-08,389.3,Paid,Card
PM0007437,P002080,2025-06-27,1183.87,Paid,Card
PM0007438,P002080,2025-10-06,1183.87,Paid,Check
PM0007439,P002081,2023-07-05,1744.77,Paid,Check
PM0007440,P002081,2023-09-25,1744.77,Paid,Wire
PM0007441,P002081,2024-01-05,1744.77,Paid,ACH
PM0007442,P002081,2024-03-21,1744.77,Paid,Check
PM0007443,P002082,2025-06-28,749.58,Late,ACH
PM0007444,P002082,2025-09-28,749.58,Paid,ACH
PM0007445,P002082,2025-12-19,749.58,Paid,Check
PM0007446,P002083,2024-02-02,1243.53,Paid,Wire
PM0007447,P002083,2024-05-04,1243.53,Paid,ACH
PM0007448,P002084,2023-10-12,435.69,Paid,Check
PM0007449,P002084,2024-01-13,435.69,Paid,Card
PM0007450,P002084,2024-04-15,435.69,Failed,ACH
PM0007451,P002084,2024-07-20,435.69,Paid,ACH
PM0007452,P002085,2025-05-24,398.5,Late,Card
PM0007453,P002085,2025-08-19,398.5,Paid,ACH
PM0007454,P002085,2025-11-08,398.5,Paid,ACH
PM0007455,P002086,2025-03-29,1457.41,Late,Wire
PM0007456,P002086,2025-06-09,1457.41,Paid,Card
PM0007457,P002086,2025-09-16,1457.41,Paid,Card
PM0007458,P002086,2025-12-06,1457.41,Paid,Card
PM0007459,P002087,2024-01-30,982.5,Paid,Wire
PM0007460,P002087,2024-04-29,982.5,Paid,Check
PM0007461,P002087,2024-08-12,982.5,Paid,Check
PM0007462,P002088,2024-04-28,976.93,Paid,ACH
PM0007463,P002088,2024-08-09,976.93,Paid,Card
PM0007464,P002089,2025-03-04,162.41,Paid,Check
PM0007465,P002089,2025-05-20,162.41,Paid,Wire
PM0007466,P002089,2025-08-30,162.41,Paid,ACH
PM0007467,P002089,2025-11-18,162.41,Paid,Check
PM0007468,P002090,2023-05-27,193.56,Paid,Check
PM0007469,P002090,2023-09-01,193.56,Paid,Wire
PM0007470,P002090,2023-11-28,193.56,Late,Card
PM0007471,P002090,2024-02-26,193.56,Paid,ACH
PM0007472,P002091,2025-04-19,2545.13,Paid,Card
PM0007473,P002091,2025-07-15,2545.13,Failed,Card
PM0007474,P002091,2025-10-04,2545.13,Paid,Check
PM0007475,P002091,2025-12-29,2545.13,Paid,Wire
PM0007476,P002092,2024-10-02,593.64,Refunded,Check
PM0007477,P002092,2025-01-04,593.64,Paid,Card
PM0007478,P002092,2025-03-28,593.64,Paid,Check
PM0007479,P002092,2025-06-23,593.64,Paid,Wire
PM0007480,P002093,2023-01-24,1963.07,Paid,Wire
PM0007481,P002093,2023-04-24,1963.07,Paid,Wire
PM0007482,P002093,2023-07-15,1963.07,Paid,Check
PM0007483,P002093,2023-10-09,1963.07,Paid,Wire
PM0007484,P002094,2024-07-16,245.27,Paid,Wire
PM0007485,P002094,2024-10-18,245.27,Refunded,Wire
PM0007486,P002094,2025-01-02,245.27,Paid,Card
PM0007487,P002094,2025-03-30,245.27,Paid,Check
PM0007488,P002095,2023-01-19,333.77,Paid,Check
PM0007489,P002095,2023-04-05,333.77,Paid,Check
PM0007490,P002095,2023-07-03,333.77,Paid,Check
PM0007491,P002095,2023-10-01,333.77,Paid,Wire
PM0007492,P002096,2024-08-08,1669.13,Paid,ACH
PM0007493,P002096,2024-11-03,1669.13,Paid,Check
PM0007494,P002096,2025-02-09,1669.13,Paid,Wire
PM0007495,P002096,2025-05-09,1669.13,Paid,Check
PM0007496,P002097,2024-10-21,204.86,Late,Card
PM0007497,P002097,2025-01-25,204.86,Paid,ACH
PM0007498,P002097,2025-04-22,204.86,Paid,Wire
PM0007499,P002097,2025-07-21,204.86,Paid,Wire
PM0007500,P002098,2023-06-10,322.52,Paid,Wire
PM0007501,P002098,2023-09-03,322.52,Paid,Wire
PM0007502,P002098,2023-12-01,322.52,Paid,Check
PM0007503,P002098,2024-03-17,322.52,Paid,Wire
PM0007504,P002099,2023-06-29,1458.53,Paid,Check
PM0007505,P002099,2023-09-12,1458.53,Paid,ACH
PM0007506,P002099,2023-12-15,1458.53,Paid,Check
PM0007507,P002099,2024-03-19,1458.53,Paid,ACH
PM0007508,P002100,2024-11-03,337.4,Paid,Card
PM0007509,P002100,2025-02-14,337.4,Paid,Card
PM0007510,P002100,2025-04-27,337.4,Late,ACH
PM0007511,P002100,2025-08-04,337.4,Paid,ACH
PM0007512,P002101,2024-12-07,2533.6,Failed,Card
PM0007513,P002101,2025-03-06,2533.6,Paid,Wire
PM0007514,P002101,2025-06-08,2533.6,Paid,ACH
PM0007515,P002101,2025-09-07,2533.6,Paid,Card
PM0007516,P002102,2024-10-22,809.55,Paid,ACH
PM0007517,P002102,2025-01-22,809.55,Paid,Card
PM0007518,P002102,2025-04-09,809.55,Paid,Wire
PM0007519,P002102,2025-07-19,809.55,Paid,ACH
PM0007520,P002103,2024-07-13,771.74,Paid,Wire
PM0007521,P002103,2024-10-07,771.74,Paid,Check
PM0007522,P002103,2024-12-28,771.74,Paid,ACH
PM0007523,P002103,2025-04-10,771.74,Paid,Check
PM0007524,P002104,2023-04-04,1750.87,Paid,ACH
PM0007525,P002104,2023-06-29,1750.87,Paid,Wire
PM0007526,P002104,2023-09-30,1750.87,Paid,Wire
PM0007527,P002104,2023-12-27,1750.87,Paid,Card
PM0007528,P002105,2025-07-02,628.31,Late,Card
PM0007529,P002105,2025-09-18,628.31,Paid,Wire
PM0007530,P002105,2025-12-19,628.31,Paid,Wire
PM0007531,P002106,2023-06-30,393.76,Paid,Check
PM0007532,P002106,2023-10-10,393.76,Paid,Card
PM0007533,P002106,2023-12-21,393.76,Paid,Check
PM0007534,P002106,2024-04-07,393.76,Paid,Check
PM0007535,P002107,2023-10-22,825.93,Paid,Card
PM0007536,P002107,2024-02-04,825.93,Paid,Wire
PM0007537,P002107,2024-08-03,825.93,Paid,Wire
PM0007538,P002108,2023-10-09,197.24,Paid,ACH
PM0007539,P002108,2024-01-01,197.24,Paid,Wire
PM0007540,P002108,2024-04-02,197.24,Paid,ACH
PM0007541,P002109,2025-06-10,2159.26,Paid,Card
PM0007542,P002109,2025-09-12,2159.26,Paid,Card
PM0007543,P002109,2025-12-21,2159.26,Paid,Card
PM0007544,P002110,2024-05-08,1224.85,Paid,Wire
PM0007545,P002111,2023-10-25,1476.05,Late,Wire
PM0007546,P002111,2024-01-25,1476.05,Paid,Wire
PM0007547,P002111,2024-04-27,1476.05,Paid,Card
PM0007548,P002111,2024-07-28,1476.05,Refunded,ACH
PM0007549,P002112,2024-03-12,1070.57,Paid,ACH
PM0007550,P002112,2024-06-21,1070.57,Failed,ACH
PM0007551,P002112,2024-09-20,1070.57,Paid,Card
PM0007552,P002112,2024-12-16,1070.57,Paid,Wire
PM0007553,P002113,2025-08-17,718.82,Paid,Check
PM0007554,P002113,2025-11-21,718.82,Paid,ACH
PM0007555,P002114,2025-05-05,1041.84,Refunded,Wire
PM0007556,P002114,2025-08-14,1041.84,Late,ACH
PM0007557,P002114,2025-11-08,1041.84,Late,Check
PM0007558,P002115,2023-12-13,256.0,Paid,Check
PM0007559,P002115,2024-03-19,256.0,Paid,Card
PM0007560,P002115,2024-06-18,256.0,Late,ACH
PM0007561,P002115,2024-09-14,256.0,Paid,Card
PM0007562,P002116,2023-05-05,1601.11,Paid,Check
PM0007563,P002116,2023-08-02,1601.11,Paid,Card
PM0007564,P002116,2023-10-29,1601.11,Late,Check
PM0007565,P002116,2024-02-11,1601.11,Paid,Check
PM0007566,P002117,2025-06-06,2395.21,Paid,Wire
PM0007567,P002117,2025-12-07,2395.21,Paid,Card
PM0007568,P002118,2024-05-19,774.22,Paid,ACH
PM0007569,P002118,2024-08-09,774.22,Late,Check
PM0007570,P002118,2024-11-15,774.22,Paid,Card
PM0007571,P002118,2025-02-11,774.22,Paid,Check
PM0007572,P002119,2024-01-23,1111.57,Paid,Wire
PM0007573,P002119,2024-04-21,1111.57,Paid,Wire
PM0007574,P002119,2024-08-07,1111.57,Paid,ACH
PM0007575,P002119,2024-11-01,1111.57,Paid,Wire
PM0007576,P002120,2025-07-14,426.01,Paid,ACH
PM0007577,P002120,2025-10-09,426.01,Paid,Check
PM0007578,P002120,2025-12-25,426.01,Paid,Check
PM0007579,P002121,2024-08-18,473.81,Paid,Wire
PM0007580,P002121,2024-11-28,473.81,Paid,Wire
PM0007581,P002121,2025-02-14,473.81,Paid,ACH
PM0007582,P002121,2025-05-23,473.81,Refunded,Card
PM0007583,P002122,2025-04-14,231.84,Paid,Card
PM0007584,P002122,2025-07-06,231.84,Paid,Card
PM0007585,P002122,2025-10-17,231.84,Paid,Wire
PM0007586,P002123,2023-11-02,230.32,Paid,Card
PM0007587,P002123,2024-02-14,230.32,Paid,Check
PM0007588,P002123,2024-05-07,230.32,Paid,Wire
PM0007589,P002124,2023-11-27,418.63,Paid,Card
PM0007590,P002124,2024-02-23,418.63,Failed,Card
PM0007591,P002124,2024-06-06,418.63,Paid,Wire
PM0007592,P002124,2024-09-03,418.63,Paid,Card
PM0007593,P002125,2024-06-07,396.45,Paid,Card
PM0007594,P002125,2024-09-17,396.45,Paid,Wire
PM0007595,P002125,2024-12-09,396.45,Paid,ACH
PM0007596,P002126,2023-12-20,518.73,Paid,Check
PM0007597,P002126,2024-03-13,518.73,Paid,Wire
PM0007598,P002127,2025-03-26,1103.77,Late,Check
PM0007599,P002127,2025-06-24,1103.77,Paid,ACH
PM0007600,P002127,2025-09-22,1103.77,Paid,Card
PM0007601,P002128,2024-03-30,526.39,Paid,ACH
PM0007602,P002128,2024-06-22,526.39,Paid,Wire
PM0007603,P002128,2024-09-07,526.39,Paid,Card
PM0007604,P002128,2024-12-08,526.39,Late,Card
PM0007605,P002129,2023-01-23,338.31,Paid,Check
PM0007606,P002129,2023-04-29,338.31,Paid,Wire
PM0007607,P002129,2023-07-20,338.31,Paid,Card
PM0007608,P002129,2023-10-19,338.31,Paid,Check
PM0007609,P002130,2023-04-03,258.0,Paid,ACH
PM0007610,P002130,2023-07-02,258.0,Paid,Wire
PM0007611,P002130,2023-12-19,258.0,Paid,ACH
PM0007612,P002131,2023-08-12,1667.45,Paid,Card
PM0007613,P002131,2023-11-10,1667.45,Paid,Check
PM0007614,P002131,2024-02-12,1667.45,Paid,ACH
PM0007615,P002131,2024-04-27,1667.45,Failed,Card
PM0007616,P002132,2024-05-06,2714.19,Paid,Check
PM0007617,P002132,2024-07-23,2714.19,Paid,Wire
PM0007618,P002132,2024-10-23,2714.19,Paid,Check
PM0007619,P002132,2025-01-19,2714.19,Late,Card
PM0007620,P002133,2023-08-07,161.94,Paid,ACH
PM0007621,P002133,2023-11-13,161.94,Late,Card
PM0007622,P002133,2024-02-17,161.94,Paid,Wire
PM0007623,P002133,2024-05-18,161.94,Paid,ACH
PM0007624,P002134,2023-09-30,1038.27,Paid,Check
PM0007625,P002134,2023-12-29,1038.27,Paid,Check
PM0007626,P002134,2024-03-31,1038.27,Paid,Check
PM0007627,P002134,2024-06-18,1038.27,Failed,Check
PM0007628,P002135,2024-06-21,634.51,Paid,Wire
PM0007629,P002135,2024-10-03,634.51,Paid,Card
PM0007630,P002135,2025-01-03,634.51,Late,Wire
PM0007631,P002135,2025-03-17,634.51,Paid,Wire
PM0007632,P002136,2024-01-27,327.71,Paid,Check
PM0007633,P002136,2024-05-03,327.71,Paid,ACH
PM0007634,P002136,2024-08-03,327.71,Paid,Card
PM0007635,P002136,2024-10-29,327.71,Paid,Check
PM0007636,P002137,2023-10-30,2498.32,Paid,ACH
PM0007637,P002137,2024-02-08,2498.32,Paid,Check
PM0007638,P002137,2024-08-12,2498.32,Late,Wire
PM0007639,P002138,2024-07-18,1299.73,Paid,Wire
PM0007640,P002138,2025-01-03,1299.73,Paid,Wire
PM0007641,P002138,2025-04-20,1299.73,Late,Wire
PM0007642,P002139,2025-07-09,409.06,Paid,Check
PM0007643,P002139,2025-09-23,409.06,Paid,Card
PM0007644,P002139,2025-12-27,409.06,Paid,Card
PM0007645,P002140,2024-05-29,368.11,Failed,ACH
PM0007646,P002140,2024-09-01,368.11,Paid,ACH
PM0007647,P002140,2024-11-24,368.11,Paid,Card
PM0007648,P002140,2025-03-02,368.11,Late,Card
PM0007649,P002141,2023-09-17,610.63,Paid,ACH
PM0007650,P002141,2023-12-10,610.63,Paid,Wire
PM0007651,P002141,2024-03-11,610.63,Paid,ACH
PM0007652,P002141,2024-06-14,610.63,Paid,ACH
PM0007653,P002142,2023-06-04,2706.76,Paid,Card
PM0007654,P002142,2023-08-21,2706.76,Paid,ACH
PM0007655,P002142,2023-11-21,2706.76,Paid,ACH
PM0007656,P002142,2024-02-28,2706.76,Paid,ACH
PM0007657,P002143,2024-01-22,196.5,Paid,Wire
PM0007658,P002143,2024-04-22,196.5,Paid,Card
PM0007659,P002143,2024-07-11,196.5,Failed,Wire
PM0007660,P002143,2024-10-19,196.5,Refunded,Check
PM0007661,P002144,2024-03-24,222.21,Paid,ACH
PM0007662,P002144,2024-06-29,222.21,Paid,ACH
PM0007663,P002144,2024-10-05,222.21,Paid,Wire
PM0007664,P002144,2024-12-24,222.21,Paid,Check
PM0007665,P002145,2024-02-11,1919.44,Paid,ACH
PM0007666,P002145,2024-05-01,1919.44,Paid,ACH
PM0007667,P002145,2024-07-23,1919.44,Paid,ACH
PM0007668,P002146,2023-08-26,1388.9,Paid,Card
PM0007669,P002146,2023-11-22,1388.9,Late,Card
PM0007670,P002146,2024-02-22,1388.9,Late,ACH
PM0007671,P002146,2024-05-08,1388.9,Paid,Card
PM0007672,P002147,2024-06-28,1088.59,Late,Card
PM0007673,P002147,2024-09-07,1088.59,Paid,Check
PM0007674,P002147,2024-12-15,1088.59,Paid,Card
PM0007675,P002147,2025-03-05,1088.59,Paid,ACH
PM0007676,P002148,2024-01-01,1851.64,Failed,ACH
PM0007677,P002148,2024-04-15,1851.64,Paid,Card
PM0007678,P002149,2023-08-15,290.18,Paid,ACH
PM0007679,P002149,2023-11-15,290.18,Paid,ACH
PM0007680,P002149,2024-02-13,290.18,Paid,Wire
PM0007681,P002149,2024-05-12,290.18,Paid,Card
PM0007682,P002150,2023-10-01,269.2,Paid,Wire
PM0007683,P002150,2023-12-15,269.2,Paid,Check
PM0007684,P002150,2024-03-19,269.2,Paid,Check
PM0007685,P002151,2023-06-25,704.46,Paid,Wire
PM0007686,P002151,2023-09-18,704.46,Paid,Wire
PM0007687,P002151,2024-03-24,704.46,Late,Card
PM0007688,P002152,2024-06-25,2130.43,Paid,Card
PM0007689,P002152,2024-09-09,2130.43,Late,Wire
PM0007690,P002152,2024-12-11,2130.43,Paid,ACH
PM0007691,P002152,2025-03-22,2130.43,Paid,Check
PM0007692,P002153,2023-05-17,2212.28,Paid,Card
PM0007693,P002153,2023-08-29,2212.28,Refunded,Wire
PM0007694,P002153,2023-12-02,2212.28,Paid,Wire
PM0007695,P002153,2024-02-18,2212.28,Paid,ACH
PM0007696,P002154,2023-01-16,334.0,Paid,Check
PM0007697,P002154,2023-04-08,334.0,Paid,Wire
PM0007698,P002154,2023-06-26,334.0,Paid,Card
PM0007699,P002154,2023-09-25,334.0,Paid,Check
PM0007700,P002155,2024-06-06,294.51,Paid,Check
PM0007701,P002155,2024-08-29,294.51,Paid,Check
PM0007702,P002155,2024-11-30,294.51,Paid,Wire
PM0007703,P002155,2025-02-25,294.51,Paid,Wire
PM0007704,P002156,2025-04-19,548.8,Paid,Check
PM0007705,P002156,2025-07-30,548.8,Paid,ACH
PM0007706,P002156,2025-10-26,548.8,Paid,Check
PM0007707,P002157,2023-07-14,217.81,Paid,Card
PM0007708,P002157,2023-10-16,217.81,Paid,Wire
PM0007709,P002157,2024-01-17,217.81,Paid,Card
PM0007710,P002158,2024-05-07,330.8,Paid,Card
PM0007711,P002158,2024-07-27,330.8,Paid,Card
PM0007712,P002158,2024-11-05,330.8,Paid,Card
PM0007713,P002158,2025-02-01,330.8,Paid,Card
PM0007714,P002159,2023-03-27,204.81,Paid,ACH
PM0007715,P002159,2023-07-01,204.81,Paid,ACH
PM0007716,P002159,2023-09-24,204.81,Paid,Check
PM0007717,P002159,2023-12-28,204.81,Paid,ACH
PM0007718,P002160,2024-01-03,1533.08,Paid,Card
PM0007719,P002160,2024-03-24,1533.08,Paid,ACH
PM0007720,P002160,2024-06-27,1533.08,Paid,Wire
PM0007721,P002160,2024-09-21,1533.08,Paid,ACH
PM0007722,P002161,2023-12-24,309.74,Paid,Wire
PM0007723,P002161,2024-03-30,309.74,Paid,Wire
PM0007724,P002161,2024-06-20,309.74,Refunded,Wire
PM0007725,P002161,2024-10-05,309.74,Paid,Wire
PM0007726,P002162,2024-09-05,341.26,Paid,Check
PM0007727,P002162,2024-11-28,341.26,Paid,ACH
PM0007728,P002162,2025-02-27,341.26,Late,Check
PM0007729,P002162,2025-06-11,341.26,Paid,Card
PM0007730,P002163,2023-07-30,614.63,Failed,ACH
PM0007731,P002163,2023-10-23,614.63,Paid,ACH
PM0007732,P002163,2024-01-10,614.63,Paid,Wire
PM0007733,P002163,2024-04-18,614.63,Paid,Card
PM0007734,P002164,2024-05-05,824.21,Paid,ACH
PM0007735,P002164,2024-07-28,824.21,Paid,Wire
PM0007736,P002164,2024-11-05,824.21,Late,Check
PM0007737,P002164,2025-01-28,824.21,Paid,Card
PM0007738,P002165,2024-04-06,1703.26,Refunded,Card
PM0007739,P002165,2024-06-25,1703.26,Paid,Check
PM0007740,P002165,2024-09-29,1703.26,Paid,Card
PM0007741,P002165,2025-01-10,1703.26,Paid,Card
PM0007742,P002166,2023-05-05,254.31,Paid,ACH
PM0007743,P002166,2023-07-29,254.31,Paid,Wire
PM0007744,P002167,2023-05-31,344.21,Paid,ACH
PM0007745,P002167,2023-09-10,344.21,Paid,Wire
PM0007746,P002167,2023-12-03,344.21,Paid,Wire
PM0007747,P002168,2023-09-03,769.65,Paid,Check
PM0007748,P002168,2023-12-06,769.65,Paid,ACH
PM0007749,P002168,2024-03-13,769.65,Paid,Check
PM0007750,P002168,2024-06-10,769.65,Paid,Card
PM0007751,P002169,2024-10-01,216.08,Paid,Wire
PM0007752,P002169,2025-04-16,216.08,Paid,Check
PM0007753,P002169,2025-07-13,216.08,Paid,Wire
PM0007754,P002170,2025-06-03,280.96,Paid,Check
PM0007755,P002170,2025-08-25,280.96,Paid,Check
PM0007756,P002170,2025-11-26,280.96,Paid,Card
PM0007757,P002171,2025-01-26,173.29,Paid,Check
PM0007758,P002171,2025-04-29,173.29,Paid,Card
PM0007759,P002171,2025-07-21,173.29,Late,Wire
PM0007760,P002171,2025-10-20,173.29,Paid,ACH
PM0007761,P002172,2023-10-11,1070.2,Paid,Wire
PM0007762,P002172,2023-12-26,1070.2,Paid,Card
PM0007763,P002173,2024-11-25,568.29,Paid,Check
PM0007764,P002173,2025-02-12,568.29,Paid,Card
PM0007765,P002173,2025-05-16,568.29,Paid,ACH
PM0007766,P002173,2025-08-11,568.29,Paid,Wire
PM0007767,P002174,2023-03-17,255.98,Paid,Card
PM0007768,P002174,2023-06-12,255.98,Paid,ACH
PM0007769,P002174,2023-08-25,255.98,Paid,Check
PM0007770,P002174,2023-11-22,255.98,Paid,Check
PM0007771,P002175,2025-02-20,373.88,Failed,Wire
PM0007772,P002175,2025-05-15,373.88,Paid,Card
PM0007773,P002175,2025-08-23,373.88,Late,Card
PM0007774,P002175,2025-11-23,373.88,Paid,ACH
PM0007775,P002176,2025-08-05,345.74,Paid,Card
PM0007776,P002176,2025-10-22,345.74,Paid,Card
PM0007777,P002177,2024-03-25,1315.0,Paid,Check
PM0007778,P002177,2024-06-22,1315.0,Paid,ACH
PM0007779,P002177,2024-09-14,1315.0,Paid,Check
PM0007780,P002177,2024-12-02,1315.0,Paid,Check
PM0007781,P002178,2023-06-14,319.35,Paid,Wire
PM0007782,P002178,2023-09-13,319.35,Paid,Card
PM0007783,P002178,2023-12-09,319.35,Paid,Check
PM0007784,P002178,2024-03-12,319.35,Paid,Card
PM0007785,P002179,2023-09-27,1090.73,Paid,Wire
PM0007786,P002179,2024-01-02,1090.73,Paid,Check
PM0007787,P002179,2024-06-24,1090.73,Paid,ACH
PM0007788,P002180,2024-03-15,399.13,Paid,Wire
PM0007789,P002180,2024-06-30,399.13,Paid,ACH
PM0007790,P002180,2024-09-23,399.13,Late,ACH
PM0007791,P002180,2024-12-26,399.13,Paid,Wire
PM0007792,P002181,2024-05-03,440.52,Paid,Check
PM0007793,P002181,2024-07-30,440.52,Paid,ACH
PM0007794,P002181,2024-10-30,440.52,Paid,Check
PM0007795,P002181,2025-02-04,440.52,Paid,Wire
PM0007796,P002182,2025-06-28,274.84,Paid,Card
PM0007797,P002182,2025-09-27,274.84,Paid,Check
PM0007798,P002182,2025-12-25,274.84,Late,ACH
PM0007799,P002183,2025-01-20,647.74,Paid,ACH
PM0007800,P002183,2025-05-03,647.74,Paid,Wire
PM0007801,P002183,2025-07-16,647.74,Paid,Check
PM0007802,P002184,2023-09-10,867.9,Late,Wire
PM0007803,P002184,2023-12-05,867.9,Paid,Card
PM0007804,P002184,2024-03-04,867.9,Paid,Card
PM0007805,P002184,2024-06-09,867.9,Failed,Check
PM0007806,P002185,2024-09-20,463.68,Paid,ACH
PM0007807,P002185,2024-12-08,463.68,Paid,Check
PM0007808,P002185,2025-03-28,463.68,Paid,Check
PM0007809,P002185,2025-06-07,463.68,Paid,ACH
PM0007810,P002186,2023-04-02,2580.98,Paid,Wire
PM0007811,P002186,2023-06-29,2580.98,Failed,Wire
PM0007812,P002186,2023-09-14,2580.98,Paid,Wire
PM0007813,P002186,2023-12-22,2580.98,Paid,Wire
PM0007814,P002187,2025-01-13,461.76,Paid,Card
PM0007815,P002187,2025-04-08,461.76,Paid,Wire
PM0007816,P002187,2025-07-06,461.76,Paid,Check
PM0007817,P002187,2025-09-25,461.76,Paid,Check
PM0007818,P002188,2023-08-31,745.66,Paid,Wire
PM0007819,P002188,2023-12-03,745.66,Paid,Card
PM0007820,P002188,2024-03-06,745.66,Paid,Card
PM0007821,P002188,2024-06-10,745.66,Paid,Check
PM0007822,P002189,2024-10-28,217.12,Paid,Check
PM0007823,P002189,2025-04-28,217.12,Paid,Wire
PM0007824,P002189,2025-07-10,217.12,Paid,Wire
PM0007825,P002190,2024-08-28,297.15,Paid,Check
PM0007826,P002190,2025-06-13,297.15,Paid,Card
PM0007827,P002191,2025-05-11,303.21,Paid,Wire
PM0007828,P002191,2025-08-15,303.21,Paid,Wire
PM0007829,P002191,2025-10-31,303.21,Paid,ACH
PM0007830,P002192,2024-05-30,1669.85,Paid,Check
PM0007831,P002192,2024-08-23,1669.85,Paid,Card
PM0007832,P002192,2024-11-15,1669.85,Paid,Card
PM0007833,P002192,2025-02-13,1669.85,Paid,Check
PM0007834,P002193,2024-04-17,1331.78,Paid,Card
PM0007835,P002193,2024-07-23,1331.78,Paid,ACH
PM0007836,P002193,2025-01-05,1331.78,Paid,Wire
PM0007837,P002194,2023-11-25,1171.66,Paid,Card
PM0007838,P002194,2024-02-09,1171.66,Paid,Wire
PM0007839,P002194,2024-05-18,1171.66,Paid,Wire
PM0007840,P002194,2024-08-15,1171.66,Paid,Card
PM0007841,P002195,2024-07-17,279.29,Paid,Check
PM0007842,P002195,2024-10-24,279.29,Late,Card
PM0007843,P002195,2025-01-05,279.29,Paid,ACH
PM0007844,P002195,2025-04-12,279.29,Paid,ACH
PM0007845,P002196,2025-01-22,510.69,Paid,Card
PM0007846,P002196,2025-04-25,510.69,Late,Wire
PM0007847,P002196,2025-08-07,510.69,Paid,Card
PM0007848,P002196,2025-10-24,510.69,Paid,Wire
PM0007849,P002197,2023-08-17,1586.18,Paid,ACH
PM0007850,P002197,2023-11-10,1586.18,Paid,Wire
PM0007851,P002197,2024-01-31,1586.18,Paid,Card
PM0007852,P002197,2024-04-25,1586.18,Late,Card
PM0007853,P002198,2023-03-11,380.95,Paid,ACH
PM0007854,P002198,2023-06-10,380.95,Paid,Card
PM0007855,P002198,2023-09-02,380.95,Paid,ACH
PM0007856,P002198,2023-12-07,380.95,Paid,ACH
PM0007857,P002199,2023-03-18,478.32,Paid,ACH
PM0007858,P002199,2023-06-14,478.32,Paid,Card
PM0007859,P002199,2023-09-07,478.32,Paid,Check
PM0007860,P002199,2023-12-08,478.32,Paid,Wire
PM0007861,P002200,2024-05-08,1765.57,Paid,Card
PM0007862,P002200,2024-08-03,1765.57,Paid,ACH
PM0007863,P002200,2024-11-01,1765.57,Paid,Check
PM0007864,P002201,2023-06-27,526.68,Paid,Check
PM0007865,P002201,2023-09-29,526.68,Failed,Check
PM0007866,P002201,2024-01-12,526.68,Late,ACH
PM0007867,P002201,2024-04-12,526.68,Paid,Card
PM0007868,P002202,2023-07-23,453.06,Paid,ACH
PM0007869,P002202,2023-10-14,453.06,Paid,Check
PM0007870,P002202,2024-01-11,453.06,Paid,Card
PM0007871,P002202,2024-04-13,453.06,Paid,ACH
PM0007872,P002203,2025-06-07,191.38,Failed,ACH
PM0007873,P002203,2025-09-11,191.38,Paid,Check
PM0007874,P002203,2025-12-01,191.38,Paid,Card
PM0007875,P002204,2023-08-13,2315.39,Paid,Check
PM0007876,P002204,2023-11-12,2315.39,Failed,Check
PM0007877,P002204,2024-02-14,2315.39,Refunded,Wire
PM0007878,P002204,2024-05-12,2315.39,Paid,Card
PM0007879,P002205,2023-07-11,229.25,Paid,Check
PM0007880,P002205,2023-09-30,229.25,Paid,ACH
PM0007881,P002205,2024-01-05,229.25,Late,Wire
PM0007882,P002205,2024-04-07,229.25,Failed,ACH
PM0007883,P002206,2023-02-25,396.64,Paid,Check
PM0007884,P002206,2023-05-30,396.64,Paid,ACH
PM0007885,P002206,2023-08-26,396.64,Paid,Wire
PM0007886,P002206,2023-11-23,396.64,Paid,Card
PM0007887,P002207,2025-01-31,2290.02,Paid,Check
PM0007888,P002207,2025-05-13,2290.02,Paid,ACH
PM0007889,P002207,2025-08-05,2290.02,Paid,Check
PM0007890,P002208,2024-01-31,621.49,Paid,Wire
PM0007891,P002208,2024-04-30,621.49,Paid,Check
PM0007892,P002208,2024-08-11,621.49,Late,Wire
PM0007893,P002208,2024-11-12,621.49,Paid,Wire
PM0007894,P002209,2023-11-25,1485.88,Paid,ACH
PM0007895,P002209,2024-05-10,1485.88,Paid,Check
PM0007896,P002209,2024-08-05,1485.88,Paid,Card
PM0007897,P002210,2025-02-18,158.6,Paid,ACH
PM0007898,P002210,2025-05-19,158.6,Paid,Check
PM0007899,P002210,2025-08-13,158.6,Paid,Check
PM0007900,P002210,2025-11-29,158.6,Paid,Card
PM0007901,P002211,2024-10-28,377.4,Paid,ACH
PM0007902,P002211,2025-01-26,377.4,Paid,ACH
PM0007903,P002211,2025-04-17,377.4,Paid,Check
PM0007904,P002212,2024-06-07,303.6,Paid,Wire
PM0007905,P002212,2024-09-12,303.6,Paid,Card
PM0007906,P002212,2024-11-24,303.6,Paid,Card
PM0007907,P002213,2024-12-31,1142.11,Paid,Check
PM0007908,P002213,2025-04-09,1142.11,Paid,Check
PM0007909,P002213,2025-07-09,1142.11,Paid,Check
PM0007910,P002214,2024-04-19,1929.24,Paid,Check
PM0007911,P002214,2024-07-15,1929.24,Paid,ACH
PM0007912,P002214,2024-10-04,1929.24,Failed,ACH
PM0007913,P002214,2025-01-22,1929.24,Paid,Wire
PM0007914,P002215,2023-09-21,1224.36,Late,ACH
PM0007915,P002215,2023-12-16,1224.36,Paid,Check
PM0007916,P002215,2024-03-12,1224.36,Paid,Card
PM0007917,P002215,2024-06-18,1224.36,Paid,ACH
PM0007918,P002216,2023-09-19,672.83,Paid,Card
PM0007919,P002216,2024-03-08,672.83,Paid,ACH
PM0007920,P002216,2024-06-15,672.83,Paid,Card
PM0007921,P002217,2024-02-08,1780.55,Failed,ACH
PM0007922,P002217,2024-04-20,1780.55,Late,Check
PM0007923,P002217,2024-11-04,1780.55,Paid,Card
PM0007924,P002218,2024-08-03,1378.91,Paid,ACH
PM0007925,P002218,2024-11-10,1378.91,Paid,Check
PM0007926,P002218,2025-05-07,1378.91,Paid,Check
PM0007927,P002219,2024-01-27,1507.02,Paid,ACH
PM0007928,P002219,2024-04-19,1507.02,Paid,ACH
PM0007929,P002219,2024-07-24,1507.02,Late,Check
PM0007930,P002219,2024-10-12,1507.02,Late,Check
PM0007931,P002220,2024-03-26,1418.32,Paid,ACH
PM0007932,P002220,2024-06-19,1418.32,Paid,Wire
PM0007933,P002220,2024-09-26,1418.32,Paid,Card
PM0007934,P002220,2024-12-26,1418.32,Paid,Wire
PM0007935,P002221,2025-06-25,1567.24,Paid,Wire
PM0007936,P002221,2025-10-08,1567.24,Paid,Wire
PM0007937,P002221,2025-12-25,1567.24,Paid,ACH
PM0007938,P002222,2023-07-13,702.11,Paid,Check
PM0007939,P002222,2023-10-04,702.11,Paid,Card
PM0007940,P002222,2024-01-11,702.11,Paid,Wire
PM0007941,P002222,2024-04-01,702.11,Paid,ACH
PM0007942,P002223,2023-10-14,790.3,Paid,Wire
PM0007943,P002223,2024-01-03,790.3,Paid,ACH
PM0007944,P002223,2024-04-14,790.3,Paid,Check
PM0007945,P002223,2024-06-23,790.3,Paid,Wire
PM0007946,P002224,2024-09-23,1450.87,Paid,Check
PM0007947,P002224,2024-12-16,1450.87,Paid,Card
PM0007948,P002224,2025-03-24,1450.87,Paid,Wire
PM0007949,P002224,2025-06-15,1450.87,Paid,ACH
PM0007950,P002225,2024-03-28,1823.03,Failed,Check
PM0007951,P002225,2024-06-15,1823.03,Refunded,Wire
PM0007952,P002225,2024-09-16,1823.03,Paid,Check
PM0007953,P002225,2024-12-19,1823.03,Paid,ACH
PM0007954,P002226,2023-09-20,2353.03,Late,Wire
PM0007955,P002226,2023-12-27,2353.03,Paid,Card
PM0007956,P002226,2024-03-16,2353.03,Paid,Wire
PM0007957,P002226,2024-06-19,2353.03,Late,Check
PM0007958,P002227,2024-03-14,334.91,Paid,ACH
PM0007959,P002227,2024-06-19,334.91,Paid,Wire
PM0007960,P002227,2024-09-20,334.91,Paid,Card
PM0007961,P002227,2024-12-15,334.91,Paid,Card
PM0007962,P002228,2023-09-21,734.04,Late,Check
PM0007963,P002228,2023-11-30,734.04,Paid,Card
PM0007964,P002228,2024-03-15,734.04,Paid,Card
PM0007965,P002228,2024-06-03,734.04,Paid,ACH
PM0007966,P002229,2024-12-15,284.11,Paid,Card
PM0007967,P002229,2025-04-01,284.11,Paid,Card
PM0007968,P002229,2025-09-27,284.11,Paid,Wire
PM0007969,P002230,2024-01-29,294.33,Paid,Card
PM0007970,P002230,2024-04-29,294.33,Paid,Card
PM0007971,P002230,2024-07-23,294.33,Paid,ACH
PM0007972,P002231,2025-05-10,978.24,Paid,Card
PM0007973,P002231,2025-08-01,978.24,Paid,Wire
PM0007974,P002231,2025-11-09,978.24,Paid,Check
PM0007975,P002232,2025-02-02,389.2,Paid,ACH
PM0007976,P002232,2025-04-27,389.2,Paid,Wire
PM0007977,P002232,2025-07-20,389.2,Paid,Wire
PM0007978,P002232,2025-10-21,389.2,Paid,ACH
PM0007979,P002233,2023-07-04,1817.4,Paid,Card
PM0007980,P002233,2023-10-05,1817.4,Paid,Card
PM0007981,P002233,2023-12-22,1817.4,Paid,Check
PM0007982,P002233,2024-04-06,1817.4,Paid,ACH
PM0007983,P002234,2024-07-11,1899.01,Paid,ACH
PM0007984,P002234,2024-10-20,1899.01,Paid,ACH
PM0007985,P002234,2025-01-10,1899.01,Paid,Check
PM0007986,P002234,2025-04-03,1899.01,Paid,ACH
PM0007987,P002235,2024-01-12,1777.68,Paid,Wire
PM0007988,P002235,2024-06-25,1777.68,Late,Card
PM0007989,P002235,2024-10-08,1777.68,Refunded,Card
PM0007990,P002236,2024-08-22,2735.72,Paid,ACH
PM0007991,P002236,2024-11-13,2735.72,Paid,Card
PM0007992,P002236,2025-02-28,2735.72,Paid,Check
PM0007993,P002236,2025-05-21,2735.72,Paid,Card
PM0007994,P002237,2024-11-01,539.49,Paid,Wire
PM0007995,P002237,2025-01-27,539.49,Paid,Check
PM0007996,P002238,2025-01-11,1423.98,Paid,Wire
PM0007997,P002238,2025-04-15,1423.98,Late,Card
PM0007998,P002238,2025-07-13,1423.98,Paid,Wire
PM0007999,P002238,2025-10-19,1423.98,Paid,ACH
PM0008000,P002239,2024-03-18,1304.02,Paid,ACH
PM0008001,P002239,2024-06-15,1304.02,Paid,Card
PM0008002,P002239,2024-09-18,1304.02,Paid,Card
PM0008003,P002239,2024-12-12,1304.02,Paid,ACH
PM0008004,P002240,2024-09-18,228.94,Paid,ACH
PM0008005,P002240,2024-12-22,228.94,Paid,ACH
PM0008006,P002240,2025-03-18,228.94,Paid,ACH
PM0008007,P002240,2025-06-26,228.94,Paid,Check
PM0008008,P002241,2024-10-04,209.36,Paid,Card
PM0008009,P002241,2025-04-11,209.36,Paid,Check
PM0008010,P002241,2025-07-11,209.36,Paid,Wire
PM0008011,P002242,2023-03-14,380.52,Paid,Wire
PM0008012,P002242,2023-06-03,380.52,Paid,Check
PM0008013,P002242,2023-09-05,380.52,Paid,Wire
PM0008014,P002242,2023-12-16,380.52,Failed,ACH
PM0008015,P002243,2025-04-13,355.02,Paid,Wire
PM0008016,P002243,2025-07-06,355.02,Paid,Wire
PM0008017,P002243,2025-10-05,355.02,Paid,Wire
PM0008018,P002244,2023-11-12,2712.25,Paid,Wire
PM0008019,P002244,2024-02-09,2712.25,Paid,Check
PM0008020,P002244,2024-05-25,2712.25,Paid,ACH
PM0008021,P002244,2024-08-24,2712.25,Failed,ACH
PM0008022,P002245,2025-02-02,1041.88,Paid,Check
PM0008023,P002245,2025-11-13,1041.88,Paid,Card
PM0008024,P002246,2025-04-03,541.73,Paid,Card
PM0008025,P002246,2025-06-23,541.73,Late,Card
PM0008026,P002246,2025-12-25,541.73,Paid,Wire
PM0008027,P002247,2023-12-24,1707.4,Refunded,ACH
PM0008028,P002247,2024-03-16,1707.4,Paid,Card
PM0008029,P002247,2024-06-21,1707.4,Paid,ACH
PM0008030,P002247,2024-08-31,1707.4,Paid,Check
PM0008031,P002248,2023-03-19,734.76,Paid,Check
PM0008032,P002248,2023-06-22,734.76,Paid,ACH
PM0008033,P002248,2023-12-30,734.76,Paid,Check
PM0008034,P002249,2025-01-17,1453.85,Paid,Check
PM0008035,P002249,2025-04-30,1453.85,Paid,Check
PM0008036,P002249,2025-10-16,1453.85,Paid,ACH
PM0008037,P002250,2024-09-22,471.79,Paid,Card
PM0008038,P002250,2024-12-05,471.79,Late,ACH
PM0008039,P002250,2025-03-18,471.79,Refunded,Wire
PM0008040,P002250,2025-06-11,471.79,Paid,Wire
PM0008041,P002251,2024-02-28,1322.54,Paid,Card
PM0008042,P002251,2024-06-06,1322.54,Late,ACH
PM0008043,P002251,2024-08-26,1322.54,Paid,ACH
PM0008044,P002251,2024-12-02,1322.54,Paid,Check
PM0008045,P002252,2023-11-30,395.59,Paid,ACH
PM0008046,P002252,2024-02-23,395.59,Paid,ACH
PM0008047,P002252,2024-05-24,395.59,Paid,Card
PM0008048,P002252,2024-08-24,395.59,Paid,Check
PM0008049,P002253,2024-12-12,376.52,Paid,ACH
PM0008050,P002253,2025-03-22,376.52,Paid,ACH
PM0008051,P002253,2025-06-03,376.52,Paid,ACH
PM0008052,P002253,2025-09-10,376.52,Paid,Card
PM0008053,P002254,2023-04-22,1160.78,Paid,Check
PM0008054,P002254,2023-07-12,1160.78,Paid,ACH
PM0008055,P002254,2024-01-07,1160.78,Failed,Card
PM0008056,P002255,2025-04-11,1936.92,Paid,Check
PM0008057,P002255,2025-07-10,1936.92,Paid,Wire
PM0008058,P002255,2025-10-16,1936.92,Paid,Wire
PM0008059,P002256,2025-05-30,239.65,Paid,Card
PM0008060,P002256,2025-09-13,239.65,Paid,Check
PM0008061,P002256,2025-12-08,239.65,Paid,Check
PM0008062,P002257,2023-04-10,1402.11,Late,ACH
PM0008063,P002257,2023-10-01,1402.11,Paid,ACH
PM0008064,P002257,2024-01-09,1402.11,Paid,Card
PM0008065,P002258,2023-03-26,709.42,Paid,ACH
PM0008066,P002258,2023-07-02,709.42,Late,Card
PM0008067,P002258,2023-09-20,709.42,Paid,Wire
PM0008068,P002258,2023-12-10,709.42,Late,Wire
PM0008069,P002259,2023-01-13,473.25,Paid,ACH
PM0008070,P002259,2023-04-15,473.25,Paid,Check
PM0008071,P002259,2023-07-03,473.25,Paid,Card
PM0008072,P002259,2023-09-29,473.25,Failed,ACH
PM0008073,P002260,2023-04-14,1825.23,Paid,Card
PM0008074,P002260,2023-07-24,1825.23,Paid,Card
PM0008075,P002260,2023-10-05,1825.23,Paid,ACH
PM0008076,P002261,2024-07-24,1676.08,Paid,Card
PM0008077,P002261,2024-10-17,1676.08,Paid,Card
PM0008078,P002261,2025-01-27,1676.08,Paid,Check
PM0008079,P002262,2023-04-09,540.19,Paid,Check
PM0008080,P002262,2023-07-09,540.19,Paid,Card
PM0008081,P002262,2023-10-14,540.19,Refunded,ACH
PM0008082,P002263,2023-12-20,215.6,Paid,Check
PM0008083,P002263,2024-03-12,215.6,Paid,Card
PM0008084,P002264,2023-02-01,1961.73,Paid,ACH
PM0008085,P002264,2023-04-15,1961.73,Paid,Check
PM0008086,P002264,2023-07-15,1961.73,Paid,ACH
PM0008087,P002264,2023-10-09,1961.73,Paid,Wire
PM0008088,P002265,2023-04-29,605.03,Paid,Card
PM0008089,P002265,2023-07-29,605.03,Paid,Wire
PM0008090,P002265,2023-11-03,605.03,Paid,ACH
PM0008091,P002265,2024-01-18,605.03,Paid,ACH
PM0008092,P002266,2024-09-04,387.05,Late,ACH
PM0008093,P002266,2024-12-03,387.05,Paid,Check
PM0008094,P002266,2025-03-08,387.05,Paid,Card
PM0008095,P002266,2025-05-21,387.05,Paid,Wire
PM0008096,P002267,2024-06-04,1458.84,Paid,ACH
PM0008097,P002267,2024-08-28,1458.84,Paid,Card
PM0008098,P002268,2023-02-20,1550.09,Paid,Card
PM0008099,P002268,2023-05-03,1550.09,Refunded,Card
PM0008100,P002268,2023-08-15,1550.09,Paid,Card
PM0008101,P002268,2023-10-30,1550.09,Paid,ACH
PM0008102,P002269,2025-05-23,354.01,Paid,Check
PM0008103,P002269,2025-09-04,354.01,Paid,ACH
PM0008104,P002269,2025-12-06,354.01,Paid,Wire
PM0008105,P002270,2024-05-06,237.0,Paid,Check
PM0008106,P002270,2024-08-20,237.0,Late,Wire
PM0008107,P002270,2024-11-11,237.0,Paid,Card
PM0008108,P002270,2025-02-10,237.0,Paid,ACH
PM0008109,P002271,2024-12-31,993.8,Paid,ACH
PM0008110,P002271,2025-03-27,993.8,Paid,Wire
PM0008111,P002271,2025-07-03,993.8,Paid,Check
PM0008112,P002271,2025-10-05,993.8,Paid,Wire
PM0008113,P002272,2025-01-27,330.91,Paid,Card
PM0008114,P002272,2025-05-07,330.91,Paid,ACH
PM0008115,P002272,2025-07-25,330.91,Paid,Check
PM0008116,P002272,2025-10-28,330.91,Paid,Card
PM0008117,P002273,2024-03-14,161.69,Paid,Wire
PM0008118,P002273,2024-05-25,161.69,Paid,Wire
PM0008119,P002273,2024-09-06,161.69,Paid,Wire
PM0008120,P002273,2024-11-22,161.69,Paid,ACH
PM0008121,P002274,2024-12-17,538.26,Paid,Card
PM0008122,P002274,2025-03-18,538.26,Paid,Wire
PM0008123,P002274,2025-06-10,538.26,Paid,ACH
PM0008124,P002275,2024-10-04,233.04,Paid,ACH
PM0008125,P002275,2025-01-08,233.04,Paid,ACH
PM0008126,P002275,2025-04-05,233.04,Paid,Card
PM0008127,P002275,2025-07-10,233.04,Paid,ACH
PM0008128,P002276,2023-05-16,436.64,Paid,Check
PM0008129,P002276,2023-08-12,436.64,Paid,Card
PM0008130,P002276,2023-11-23,436.64,Paid,Check
PM0008131,P002276,2024-02-17,436.64,Paid,Wire
PM0008132,P002277,2024-12-04,2458.4,Paid,ACH
PM0008133,P002277,2025-02-22,2458.4,Paid,Card
PM0008134,P002277,2025-06-05,2458.4,Paid,Wire
PM0008135,P002277,2025-09-01,2458.4,Paid,Card
PM0008136,P002278,2025-02-19,736.95,Paid,Wire
PM0008137,P002278,2025-08-25,736.95,Paid,ACH
PM0008138,P002278,2025-11-19,736.95,Paid,Card
PM0008139,P002279,2024-02-20,221.15,Paid,Check
PM0008140,P002279,2024-05-19,221.15,Paid,Card
PM0008141,P002279,2024-08-20,221.15,Paid,Wire
PM0008142,P002279,2024-11-11,221.15,Paid,ACH
PM0008143,P002280,2023-06-19,883.79,Paid,Card
PM0008144,P002280,2023-09-08,883.79,Paid,ACH
PM0008145,P002280,2023-12-18,883.79,Paid,Wire
PM0008146,P002280,2024-03-12,883.79,Paid,ACH
PM0008147,P002281,2023-06-07,455.87,Paid,ACH
PM0008148,P002281,2023-08-16,455.87,Paid,Card
PM0008149,P002281,2024-02-26,455.87,Late,ACH
PM0008150,P002282,2025-02-28,1766.72,Paid,Wire
PM0008151,P002282,2025-05-22,1766.72,Paid,Card
PM0008152,P002282,2025-09-02,1766.72,Paid,Card
PM0008153,P002282,2025-11-24,1766.72,Failed,Check
PM0008154,P002283,2025-05-30,1199.87,Paid,Check
PM0008155,P002283,2025-09-01,1199.87,Paid,ACH
PM0008156,P002283,2025-11-25,1199.87,Paid,Wire
PM0008157,P002284,2024-10-30,1357.76,Paid,Card
PM0008158,P002284,2025-02-07,1357.76,Paid,Card
PM0008159,P002284,2025-05-01,1357.76,Paid,Card
PM0008160,P002284,2025-07-27,1357.76,Paid,Wire
PM0008161,P002285,2024-10-24,1748.3,Paid,ACH
PM0008162,P002285,2025-01-23,1748.3,Paid,Card
PM0008163,P002285,2025-05-02,1748.3,Paid,ACH
PM0008164,P002285,2025-08-03,1748.3,Paid,Card
PM0008165,P002286,2024-12-24,959.25,Paid,Wire
PM0008166,P002286,2025-03-08,959.25,Paid,Check
PM0008167,P002286,2025-06-15,959.25,Paid,ACH
PM0008168,P002286,2025-09-14,959.25,Failed,Wire
PM0008169,P002287,2025-08-11,751.37,Paid,Card
PM0008170,P002287,2025-11-24,751.37,Paid,Check
PM0008171,P002288,2024-01-31,352.11,Paid,ACH
PM0008172,P002288,2024-04-16,352.11,Paid,Card
PM0008173,P002288,2024-07-24,352.11,Late,ACH
PM0008174,P002288,2024-10-18,352.11,Paid,ACH
PM0008175,P002289,2025-01-19,510.66,Paid,Check
PM0008176,P002289,2025-07-24,510.66,Paid,ACH
PM0008177,P002290,2025-04-18,1120.28,Paid,ACH
PM0008178,P002290,2025-10-18,1120.28,Paid,Wire
PM0008179,P002291,2024-06-08,1757.58,Paid,Wire
PM0008180,P002291,2024-09-10,1757.58,Paid,ACH
PM0008181,P002291,2024-11-23,1757.58,Paid,ACH
PM0008182,P002291,2025-03-02,1757.58,Late,Wire
PM0008183,P002292,2023-01-08,319.67,Late,Card
PM0008184,P002292,2023-04-17,319.67,Paid,Card
PM0008185,P002292,2023-07-14,319.67,Paid,Card
PM0008186,P002293,2025-02-14,1394.12,Paid,Wire
PM0008187,P002293,2025-05-25,1394.12,Late,Check
PM0008188,P002293,2025-08-16,1394.12,Failed,Wire
PM0008189,P002293,2025-11-06,1394.12,Paid,Check
PM0008190,P002294,2024-07-11,210.41,Paid,ACH
PM0008191,P002294,2025-01-12,210.41,Late,Card
PM0008192,P002294,2025-04-02,210.41,Paid,ACH
PM0008193,P002295,2025-02-10,1138.78,Paid,Check
PM0008194,P002295,2025-05-29,1138.78,Paid,Check
PM0008195,P002295,2025-08-24,1138.78,Failed,Check
PM0008196,P002295,2025-11-24,1138.78,Paid,Card
PM0008197,P002296,2025-06-08,2292.26,Paid,Check
PM0008198,P002296,2025-08-20,2292.26,Paid,Card
PM0008199,P002297,2024-07-24,831.48,Paid,Card
PM0008200,P002297,2024-10-12,831.48,Paid,Wire
PM0008201,P002297,2025-01-06,831.48,Paid,ACH
PM0008202,P002297,2025-04-25,831.48,Late,Wire
PM0008203,P002298,2023-12-20,1727.48,Paid,Card
PM0008204,P002298,2024-03-30,1727.48,Late,Card
PM0008205,P002298,2024-07-03,1727.48,Paid,Check
PM0008206,P002299,2024-11-07,717.97,Paid,Wire
PM0008207,P002299,2025-01-26,717.97,Paid,ACH
PM0008208,P002299,2025-05-06,717.97,Paid,ACH
PM0008209,P002299,2025-07-30,717.97,Paid,Card
PM0008210,P002300,2024-03-22,460.94,Paid,Card
PM0008211,P002300,2024-06-19,460.94,Paid,Wire
PM0008212,P002300,2024-09-15,460.94,Paid,Wire
PM0008213,P002300,2024-12-20,460.94,Paid,Check
PM0008214,P002301,2023-09-03,360.69,Paid,Check
PM0008215,P002301,2023-11-21,360.69,Paid,Card
PM0008216,P002301,2024-02-25,360.69,Paid,Wire
PM0008217,P002301,2024-05-28,360.69,Paid,Wire
PM0008218,P002302,2023-10-14,1095.05,Paid,Check
PM0008219,P002302,2024-01-13,1095.05,Failed,Wire
PM0008220,P002302,2024-04-04,1095.05,Paid,Card
PM0008221,P002302,2024-07-06,1095.05,Paid,Wire
PM0008222,P002303,2024-04-11,2373.02,Paid,Wire
PM0008223,P002303,2024-07-05,2373.02,Paid,ACH
PM0008224,P002303,2024-10-05,2373.02,Paid,Check
PM0008225,P002304,2024-08-08,422.64,Paid,Card
PM0008226,P002304,2024-11-10,422.64,Paid,ACH
PM0008227,P002304,2025-02-09,422.64,Paid,Check
PM0008228,P002304,2025-04-20,422.64,Paid,Wire
PM0008229,P002305,2024-06-23,2419.11,Paid,Wire
PM0008230,P002305,2024-09-26,2419.11,Paid,Check
PM0008231,P002305,2024-12-20,2419.11,Paid,ACH
PM0008232,P002305,2025-03-31,2419.11,Paid,Check
PM0008233,P002306,2023-03-29,351.17,Paid,Wire
PM0008234,P002306,2023-06-30,351.17,Paid,Check
PM0008235,P002306,2023-09-30,351.17,Paid,Card
PM0008236,P002307,2023-10-19,2382.21,Late,ACH
PM0008237,P002307,2024-01-24,2382.21,Late,Wire
PM0008238,P002307,2024-04-21,2382.21,Late,Card
PM0008239,P002307,2024-07-29,2382.21,Failed,Wire
PM0008240,P002308,2023-12-22,517.6,Paid,Wire
PM0008241,P002308,2024-03-31,517.6,Paid,ACH
PM0008242,P002308,2024-06-18,517.6,Failed,Card
PM0008243,P002308,2024-09-19,517.6,Paid,Wire
PM0008244,P002309,2024-03-15,318.49,Paid,Check
PM0008245,P002309,2024-06-08,318.49,Paid,Wire
PM0008246,P002309,2024-08-31,318.49,Failed,ACH
PM0008247,P002309,2024-12-01,318.49,Refunded,Check
PM0008248,P002310,2025-02-21,558.21,Refunded,Wire
PM0008249,P002310,2025-05-26,558.21,Paid,Card
PM0008250,P002310,2025-09-01,558.21,Failed,Card
PM0008251,P002310,2025-11-28,558.21,Paid,Card
PM0008252,P002311,2023-10-07,270.0,Paid,Check
PM0008253,P002311,2024-01-09,270.0,Paid,Wire
PM0008254,P002311,2024-04-05,270.0,Paid,Wire
PM0008255,P002311,2024-07-02,270.0,Paid,ACH
PM0008256,P002312,2023-08-22,279.55,Paid,Wire
PM0008257,P002312,2023-11-15,279.55,Paid,ACH
PM0008258,P002312,2024-02-20,279.55,Paid,Wire
PM0008259,P002312,2024-05-22,279.55,Paid,Card
PM0008260,P002313,2025-05-13,2633.18,Paid,Check
PM0008261,P002313,2025-07-31,2633.18,Paid,Check
PM0008262,P002313,2025-11-11,2633.18,Paid,Wire
PM0008263,P002314,2025-03-25,1295.91,Paid,Check
PM0008264,P002314,2025-06-07,1295.91,Paid,Card
PM0008265,P002314,2025-09-12,1295.91,Paid,Card
PM0008266,P002314,2025-12-22,1295.91,Paid,Wire
PM0008267,P002315,2025-01-13,149.46,Paid,Card
PM0008268,P002315,2025-04-02,149.46,Late,Card
PM0008269,P002315,2025-06-28,149.46,Paid,Check
PM0008270,P002315,2025-09-25,149.46,Paid,Card
PM0008271,P002316,2023-06-30,477.66,Paid,ACH
PM0008272,P002316,2023-10-07,477.66,Paid,Card
PM0008273,P002316,2024-01-02,477.66,Paid,Check
PM0008274,P002316,2024-03-22,477.66,Failed,ACH
PM0008275,P002317,2023-09-29,1387.7,Paid,Check
PM0008276,P002317,2023-12-22,1387.7,Paid,Card
PM0008277,P002317,2024-03-09,1387.7,Paid,Check
PM0008278,P002318,2024-11-08,390.4,Paid,Check
PM0008279,P002318,2025-02-10,390.4,Paid,Check
PM0008280,P002318,2025-05-17,390.4,Failed,Card
PM0008281,P002318,2025-08-09,390.4,Refunded,Card
PM0008282,P002319,2023-02-14,689.86,Paid,ACH
PM0008283,P002319,2023-05-11,689.86,Late,Check
PM0008284,P002319,2023-08-06,689.86,Failed,Wire
PM0008285,P002319,2023-11-18,689.86,Paid,Check
PM0008286,P002320,2024-11-08,484.87,Paid,Card
PM0008287,P002320,2025-02-13,484.87,Paid,Wire
PM0008288,P002321,2024-11-21,1560.24,Paid,Wire
PM0008289,P002321,2025-02-13,1560.24,Paid,ACH
PM0008290,P002321,2025-05-15,1560.24,Paid,ACH
PM0008291,P002321,2025-08-03,1560.24,Paid,Check
PM0008292,P002322,2024-07-15,831.84,Paid,Wire
PM0008293,P002322,2024-10-12,831.84,Paid,Card
PM0008294,P002322,2025-01-17,831.84,Paid,Check
PM0008295,P002322,2025-04-19,831.84,Paid,Check
PM0008296,P002323,2025-10-09,2667.9,Failed,Wire
PM0008297,P002323,2025-12-27,2667.9,Paid,Card
PM0008298,P002324,2024-03-08,1721.35,Paid,ACH
PM0008299,P002324,2024-06-07,1721.35,Paid,Card
PM0008300,P002324,2024-09-18,1721.35,Paid,Wire
PM0008301,P002324,2024-12-01,1721.35,Paid,ACH
PM0008302,P002325,2025-05-24,1842.92,Paid,Check
PM0008303,P002325,2025-08-09,1842.92,Late,Check
PM0008304,P002325,2025-11-16,1842.92,Paid,ACH
PM0008305,P002326,2023-03-07,285.63,Paid,Check
PM0008306,P002326,2023-06-19,285.63,Paid,Wire
PM0008307,P002326,2023-09-06,285.63,Paid,Wire
PM0008308,P002326,2023-12-17,285.63,Paid,Card
PM0008309,P002327,2024-03-23,781.06,Paid,Card
PM0008310,P002327,2024-09-23,781.06,Paid,ACH
PM0008311,P002327,2025-01-04,781.06,Paid,Check
PM0008312,P002328,2024-09-29,189.33,Paid,Check
PM0008313,P002328,2024-12-27,189.33,Late,Card
PM0008314,P002328,2025-04-01,189.33,Paid,Check
PM0008315,P002328,2025-06-30,189.33,Late,ACH
PM0008316,P002329,2024-01-30,367.72,Paid,Wire
PM0008317,P002329,2024-04-21,367.72,Late,Wire
PM0008318,P002329,2024-07-25,367.72,Paid,Wire
PM0008319,P002330,2025-04-22,617.63,Paid,Check
PM0008320,P002330,2025-08-07,617.63,Paid,Check
PM0008321,P002330,2025-11-03,617.63,Paid,ACH
PM0008322,P002331,2025-07-04,716.69,Paid,ACH
PM0008323,P002331,2025-09-23,716.69,Paid,ACH
PM0008324,P002332,2023-04-22,435.89,Paid,Check
PM0008325,P002332,2023-07-18,435.89,Paid,Wire
PM0008326,P002332,2023-10-15,435.89,Paid,Card
PM0008327,P002332,2024-01-06,435.89,Paid,Card
PM0008328,P002333,2023-03-11,1676.25,Late,Card
PM0008329,P002333,2023-05-26,1676.25,Paid,Card
PM0008330,P002333,2023-09-12,1676.25,Paid,Check
PM0008331,P002334,2024-03-25,1292.15,Paid,Check
PM0008332,P002334,2024-07-02,1292.15,Paid,ACH
PM0008333,P002334,2024-09-25,1292.15,Paid,ACH
PM0008334,P002334,2024-12-29,1292.15,Paid,ACH
PM0008335,P002335,2023-12-01,227.51,Paid,Check
PM0008336,P002335,2024-03-16,227.51,Paid,Check
PM0008337,P002335,2024-05-30,227.51,Paid,ACH
PM0008338,P002335,2024-08-31,227.51,Paid,Card
PM0008339,P002336,2023-06-09,334.19,Paid,Check
PM0008340,P002336,2023-08-23,334.19,Paid,ACH
PM0008341,P002336,2024-02-25,334.19,Paid,Wire
PM0008342,P002337,2024-08-25,499.02,Paid,ACH
PM0008343,P002337,2024-11-24,499.02,Paid,Wire
PM0008344,P002337,2025-02-27,499.02,Failed,Wire
PM0008345,P002337,2025-05-24,499.02,Late,Check
PM0008346,P002338,2024-08-20,348.61,Paid,Check
PM0008347,P002338,2025-05-20,348.61,Paid,Wire
PM0008348,P002339,2023-05-15,1035.27,Paid,ACH
PM0008349,P002339,2023-08-29,1035.27,Paid,ACH
PM0008350,P002339,2023-11-22,1035.27,Paid,Card
PM0008351,P002340,2023-06-20,1547.49,Paid,Card
PM0008352,P002340,2023-09-23,1547.49,Paid,Check
PM0008353,P002340,2023-12-14,1547.49,Paid,Card
PM0008354,P002341,2024-03-18,364.48,Paid,Card
PM0008355,P002341,2024-06-26,364.48,Paid,Card
PM0008356,P002341,2024-09-08,364.48,Paid,Check
PM0008357,P002341,2024-12-06,364.48,Paid,Card
PM0008358,P002342,2024-02-09,572.0,Paid,Check
PM0008359,P002342,2024-05-07,572.0,Paid,Card
PM0008360,P002342,2024-08-14,572.0,Paid,ACH
PM0008361,P002342,2024-11-18,572.0,Late,Wire
PM0008362,P002343,2024-05-10,525.85,Paid,Card
PM0008363,P002343,2024-08-08,525.85,Paid,Check
PM0008364,P002343,2024-11-02,525.85,Paid,Check
PM0008365,P002343,2025-02-02,525.85,Failed,ACH
PM0008366,P002344,2023-09-19,956.35,Late,Check
PM0008367,P002344,2024-01-01,956.35,Paid,Check
PM0008368,P002344,2024-03-16,956.35,Paid,ACH
PM0008369,P002344,2024-06-30,956.35,Paid,Card
PM0008370,P002345,2024-03-14,1684.32,Late,ACH
PM0008371,P002345,2024-06-01,1684.32,Paid,Wire
PM0008372,P002345,2024-08-31,1684.32,Paid,Wire
PM0008373,P002345,2024-11-29,1684.32,Paid,Card
PM0008374,P002346,2024-02-24,374.93,Paid,Wire
PM0008375,P002346,2024-05-31,374.93,Paid,ACH
PM0008376,P002346,2024-11-18,374.93,Paid,Card
PM0008377,P002347,2023-01-23,427.38,Paid,Card
PM0008378,P002347,2023-07-28,427.38,Paid,Wire
PM0008379,P002347,2023-10-25,427.38,Late,Wire
PM0008380,P002348,2023-09-23,1583.94,Paid,Check
PM0008381,P002348,2023-12-24,1583.94,Paid,ACH
PM0008382,P002348,2024-04-04,1583.94,Paid,Wire
PM0008383,P002348,2024-07-01,1583.94,Paid,Card
PM0008384,P002349,2023-08-28,271.6,Paid,Card
PM0008385,P002349,2023-12-01,271.6,Paid,ACH
PM0008386,P002349,2024-02-25,271.6,Paid,Wire
PM0008387,P002349,2024-05-29,271.6,Paid,ACH
PM0008388,P002350,2024-03-18,728.21,Paid,Card
PM0008389,P002350,2024-06-24,728.21,Refunded,Wire
PM0008390,P002350,2024-09-09,728.21,Paid,Card
PM0008391,P002350,2024-12-26,728.21,Paid,Card
PM0008392,P002351,2025-02-03,730.3,Paid,Check
PM0008393,P002351,2025-05-06,730.3,Paid,Wire
PM0008394,P002351,2025-08-03,730.3,Late,ACH
PM0008395,P002352,2024-06-02,1676.72,Paid,Check
PM0008396,P002352,2024-08-27,1676.72,Paid,Wire
PM0008397,P002352,2024-12-09,1676.72,Paid,Card
PM0008398,P002352,2025-02-28,1676.72,Paid,Card
PM0008399,P002353,2023-05-15,1851.08,Paid,ACH
PM0008400,P002353,2023-11-02,1851.08,Paid,Check
PM0008401,P002353,2024-02-06,1851.08,Paid,Card
PM0008402,P002354,2023-04-27,308.58,Failed,ACH
PM0008403,P002354,2023-07-30,308.58,Paid,Card
PM0008404,P002354,2023-11-10,308.58,Paid,ACH
PM0008405,P002354,2024-02-02,308.58,Paid,Card
PM0008406,P002355,2023-10-17,2228.32,Paid,Check
PM0008407,P002355,2024-01-17,2228.32,Paid,Wire
PM0008408,P002355,2024-04-24,2228.32,Paid,Check
PM0008409,P002355,2024-07-31,2228.32,Paid,Wire
PM0008410,P002356,2023-08-30,176.0,Paid,ACH
PM0008411,P002356,2023-12-01,176.0,Paid,Check
PM0008412,P002356,2024-03-05,176.0,Paid,Check
PM0008413,P002356,2024-05-31,176.0,Paid,Card
PM0008414,P002357,2023-07-24,519.13,Paid,Card
PM0008415,P002357,2023-10-23,519.13,Paid,ACH
PM0008416,P002357,2024-01-23,519.13,Paid,Check
PM0008417,P002357,2024-04-10,519.13,Paid,Card
PM0008418,P002358,2024-10-02,1780.22,Paid,Card
PM0008419,P002358,2024-12-21,1780.22,Paid,Wire
PM0008420,P002358,2025-04-04,1780.22,Paid,Check
PM0008421,P002358,2025-06-19,1780.22,Paid,ACH
PM0008422,P002359,2024-02-21,330.62,Paid,ACH
PM0008423,P002359,2024-05-13,330.62,Paid,Wire
PM0008424,P002359,2024-08-23,330.62,Paid,Wire
PM0008425,P002359,2024-11-15,330.62,Paid,Check
PM0008426,P002360,2023-02-20,551.9,Late,ACH
PM0008427,P002360,2023-05-21,551.9,Paid,Card
PM0008428,P002360,2023-08-19,551.9,Paid,Card
PM0008429,P002360,2023-10-31,551.9,Paid,ACH
PM0008430,P002361,2025-06-13,376.64,Paid,Check
PM0008431,P002361,2025-09-06,376.64,Late,Card
PM0008432,P002361,2025-12-08,376.64,Paid,Wire
PM0008433,P002362,2025-01-04,2064.64,Refunded,Card
PM0008434,P002362,2025-03-28,2064.64,Paid,ACH
PM0008435,P002362,2025-06-28,2064.64,Refunded,Card
PM0008436,P002362,2025-10-06,2064.64,Paid,Card
PM0008437,P002363,2023-08-27,1229.02,Paid,Wire
PM0008438,P002363,2023-11-20,1229.02,Paid,ACH
PM0008439,P002363,2024-02-21,1229.02,Paid,Check
PM0008440,P002363,2024-05-22,1229.02,Paid,Check
PM0008441,P002364,2024-07-28,323.67,Paid,Check
PM0008442,P002364,2024-10-23,323.67,Paid,Card
PM0008443,P002364,2025-01-22,323.67,Paid,ACH
PM0008444,P002364,2025-04-10,323.67,Paid,Card
PM0008445,P002365,2023-09-10,542.98,Paid,Check
PM0008446,P002365,2023-12-25,542.98,Paid,Card
PM0008447,P002365,2024-03-15,542.98,Paid,Card
PM0008448,P002365,2024-06-08,542.98,Paid,Wire
PM0008449,P002366,2025-03-19,523.1,Paid,ACH
PM0008450,P002366,2025-07-01,523.1,Paid,Wire
PM0008451,P002366,2025-09-12,523.1,Paid,Check
PM0008452,P002366,2025-12-17,523.1,Paid,ACH
PM0008453,P002367,2025-03-08,294.31,Paid,ACH
PM0008454,P002367,2025-06-02,294.31,Paid,Card
PM0008455,P002367,2025-09-03,294.31,Paid,Wire
PM0008456,P002367,2025-12-02,294.31,Paid,ACH
PM0008457,P002368,2023-05-29,1270.1,Paid,Card
PM0008458,P002368,2023-08-30,1270.1,Paid,ACH
PM0008459,P002368,2023-11-14,1270.1,Paid,Card
PM0008460,P002369,2024-05-14,1156.59,Paid,Wire
PM0008461,P002369,2024-08-12,1156.59,Paid,Check
PM0008462,P002369,2024-11-19,1156.59,Late,Check
PM0008463,P002370,2025-06-01,1203.36,Paid,Wire
PM0008464,P002370,2025-08-30,1203.36,Late,Check
PM0008465,P002370,2025-11-30,1203.36,Paid,ACH
PM0008466,P002371,2024-03-09,387.41,Paid,ACH
PM0008467,P002371,2024-08-29,387.41,Paid,Wire
PM0008468,P002372,2025-04-05,2073.15,Paid,ACH
PM0008469,P002372,2025-07-01,2073.15,Paid,Check
PM0008470,P002372,2025-10-12,2073.15,Paid,Wire
PM0008471,P002373,2023-02-11,426.32,Paid,Wire
PM0008472,P002373,2023-05-21,426.32,Paid,Check
PM0008473,P002373,2023-08-19,426.32,Paid,Card
PM0008474,P002374,2024-08-28,492.12,Late,ACH
PM0008475,P002374,2024-12-09,492.12,Refunded,Card
PM0008476,P002374,2025-03-06,492.12,Paid,ACH
PM0008477,P002374,2025-05-27,492.12,Paid,ACH
PM0008478,P002375,2024-08-29,328.6,Paid,Check
PM0008479,P002375,2024-11-11,328.6,Paid,Card
PM0008480,P002375,2025-02-17,328.6,Paid,ACH
PM0008481,P002375,2025-05-28,328.6,Paid,Wire
PM0008482,P002376,2025-04-19,1398.38,Paid,ACH
PM0008483,P002376,2025-07-08,1398.38,Paid,ACH
PM0008484,P002376,2025-10-21,1398.38,Paid,Card
PM0008485,P002377,2023-02-21,722.05,Paid,Card
PM0008486,P002377,2023-05-24,722.05,Paid,Check
PM0008487,P002377,2023-09-05,722.05,Late,Wire
PM0008488,P002377,2023-11-29,722.05,Paid,ACH
PM0008489,P002378,2025-01-29,199.07,Failed,Check
PM0008490,P002378,2025-05-14,199.07,Paid,Check
PM0008491,P002378,2025-08-11,199.07,Paid,Card
PM0008492,P002379,2023-09-23,1075.48,Paid,Wire
PM0008493,P002379,2023-12-24,1075.48,Paid,Wire
PM0008494,P002379,2024-04-04,1075.48,Paid,ACH
PM0008495,P002379,2024-06-24,1075.48,Paid,Wire
PM0008496,P002380,2025-06-03,1976.03,Paid,Check
PM0008497,P002380,2025-09-01,1976.03,Failed,Wire
PM0008498,P002380,2025-11-20,1976.03,Paid,Check
PM0008499,P002381,2024-10-20,308.5,Paid,Check
PM0008500,P002381,2025-01-08,308.5,Paid,Check
PM0008501,P002381,2025-04-12,308.5,Late,Check
PM0008502,P002381,2025-07-15,308.5,Paid,Check
PM0008503,P002382,2025-02-23,818.05,Paid,Check
PM0008504,P002382,2025-05-26,818.05,Paid,Wire
PM0008505,P002382,2025-08-11,818.05,Late,Wire
PM0008506,P002382,2025-11-04,818.05,Late,Check
PM0008507,P002383,2023-04-26,317.44,Paid,Card
PM0008508,P002383,2023-07-16,317.44,Paid,Wire
PM0008509,P002383,2023-10-22,317.44,Paid,ACH
PM0008510,P002383,2024-01-16,317.44,Paid,Wire
PM0008511,P002384,2025-06-05,2331.88,Paid,ACH
PM0008512,P002384,2025-08-31,2331.88,Paid,Wire
PM0008513,P002384,2025-12-07,2331.88,Paid,Card
PM0008514,P002385,2024-10-27,460.69,Paid,Card
PM0008515,P002385,2025-02-04,460.69,Paid,Check
PM0008516,P002385,2025-04-29,460.69,Paid,Card
PM0008517,P002385,2025-07-30,460.69,Paid,ACH
PM0008518,P002386,2024-04-30,428.54,Paid,Card
PM0008519,P002386,2024-08-16,428.54,Paid,Check
PM0008520,P002386,2025-02-07,428.54,Paid,Wire
PM0008521,P002387,2024-03-10,1810.76,Late,ACH
PM0008522,P002387,2024-05-23,1810.76,Paid,ACH
PM0008523,P002387,2024-08-22,1810.76,Late,Card
PM0008524,P002387,2024-11-16,1810.76,Paid,Check
PM0008525,P002388,2023-02-10,2106.57,Paid,Wire
PM0008526,P002388,2023-05-02,2106.57,Paid,Check
PM0008527,P002388,2023-08-04,2106.57,Late,Card
PM0008528,P002388,2023-10-22,2106.57,Paid,Check
PM0008529,P002389,2025-03-13,402.25,Late,ACH
PM0008530,P002389,2025-06-14,402.25,Paid,Wire
PM0008531,P002390,2024-01-22,1756.41,Paid,Card
PM0008532,P002390,2024-04-07,1756.41,Paid,ACH
PM0008533,P002390,2024-07-12,1756.41,Failed,Card
PM0008534,P002390,2024-10-19,1756.41,Paid,Wire
PM0008535,P002391,2025-03-07,219.85,Paid,Check
PM0008536,P002391,2025-06-03,219.85,Paid,Wire
PM0008537,P002391,2025-08-31,219.85,Paid,Card
PM0008538,P002392,2024-01-28,626.95,Paid,ACH
PM0008539,P002392,2024-04-12,626.95,Paid,ACH
PM0008540,P002392,2024-07-15,626.95,Late,Wire
PM0008541,P002392,2024-10-16,626.95,Paid,Wire
PM0008542,P002393,2024-08-21,473.96,Paid,Card
PM0008543,P002393,2024-11-19,473.96,Failed,ACH
PM0008544,P002393,2025-02-04,473.96,Paid,ACH
PM0008545,P002394,2023-07-23,359.89,Paid,ACH
PM0008546,P002394,2023-10-22,359.89,Paid,ACH
PM0008547,P002394,2024-01-30,359.89,Paid,ACH
PM0008548,P002394,2024-04-30,359.89,Paid,Check
PM0008549,P002395,2023-03-19,147.69,Paid,ACH
PM0008550,P002395,2023-05-31,147.69,Paid,Card
PM0008551,P002395,2023-08-29,147.69,Paid,ACH
PM0008552,P002395,2023-12-08,147.69,Paid,Check
PM0008553,P002396,2024-10-26,2133.11,Paid,Wire
PM0008554,P002396,2025-01-08,2133.11,Late,ACH
PM0008555,P002396,2025-04-21,2133.11,Refunded,ACH
PM0008556,P002396,2025-07-23,2133.11,Paid,Check
PM0008557,P002397,2023-12-21,1667.71,Paid,Check
PM0008558,P002397,2024-03-22,1667.71,Paid,ACH
PM0008559,P002397,2024-06-19,1667.71,Paid,ACH
PM0008560,P002398,2023-03-12,1923.68,Paid,Wire
PM0008561,P002398,2023-06-20,1923.68,Late,Wire
PM0008562,P002398,2023-11-29,1923.68,Paid,Card
PM0008563,P002399,2025-03-05,312.15,Paid,Check
PM0008564,P002399,2025-06-10,312.15,Paid,Check
PM0008565,P002399,2025-09-14,312.15,Paid,Wire
PM0008566,P002399,2025-12-12,312.15,Paid,ACH
PM0008567,P002400,2024-02-05,1435.94,Paid,Card
PM0008568,P002400,2024-05-04,1435.94,Paid,Wire
PM0008569,P002400,2024-08-08,1435.94,Paid,ACH
