policy_id,customer_id,agent_id,policy_type,policy_start_date,policy_end_date,policy_status,region,annual_premium
P000001,C00874,A0055,Commercial,2025-06-12,2026-06-12,Active,Northeast,5068.74
P000002,C00196,A0002,Health,2023-02-11,2024-02-11,Active,Midwest,3340.99
P000003,C00542,A0074,Commercial,2023-10-12,2024-10-11,Active,South,9231.82
P000004,C00143,A0027,Home,2025-01-31,2026-01-31,Cancelled,Midwest,2615.25
P000005,C00626,A0009,Home,2023-06-30,2024-06-29,Active,Midwest,2694.5
P000006,C00676,A0005,Home,2025-05-14,2026-05-14,Active,West,3186.57
P000007,C00316,A0027,Health,2023-12-04,2024-12-03,Renewed,Midwest,7067.79
P000008,C00765,A0035,Life,2023-12-16,2024-12-15,Active,South,1118.57
P000009,C00603,A0054,Health,2025-05-21,2026-05-21,Expired,West,6238.08
P000010,C00748,A0068,Health,2024-08-07,2025-08-07,Active,Northeast,7474.61
P000011,C00048,A0034,Commercial,2023-06-07,2024-06-06,Cancelled,Northeast,9571.43
P000012,C00258,A0057,Health,2024-08-28,2025-08-28,Active,Northeast,4925.15
P000013,C00539,A0074,Life,2024-12-12,2025-12-12,Active,South,1078.0
P000014,C00622,A0043,Auto,2023-05-31,2024-05-30,Renewed,Northeast,1033.9
P000015,C00685,A0048,Auto,2023-11-30,2024-11-29,Renewed,West,1957.76
P000016,C00417,A0067,Home,2023-08-13,2024-08-12,Expired,South,2633.25
P000017,C00617,A0008,Life,2023-06-20,2024-06-19,Active,Midwest,1123.48
P000018,C00858,A0026,Home,2024-12-14,2025-12-14,Cancelled,Midwest,1809.07
P000019,C00590,A0065,Commercial,2024-09-25,2025-09-25,Active,South,10771.52
P000020,C00802,A0074,Auto,2023-06-11,2024-06-10,Active,South,1378.1
P000021,C00322,A0004,Life,2024-01-27,2025-01-26,Active,South,585.09
P000022,C00352,A0075,Auto,2025-02-03,2026-02-03,Renewed,Midwest,1958.47
P000023,C00539,A0070,Life,2024-04-24,2025-04-24,Renewed,South,1545.96
P000024,C00826,A0050,Health,2023-09-23,2024-09-22,Active,South,7722.31
P000025,C00599,A0040,Health,2023-06-15,2024-06-14,Active,West,4942.97
P000026,C00306,A0035,Home,2023-05-17,2024-05-16,Active,South,2486.11
P000027,C00953,A0077,Life,2023-07-04,2024-07-03,Renewed,Northeast,1571.71
P000028,C00261,A0005,Health,2024-03-25,2025-03-25,Renewed,West,7187.73
P000029,C00354,A0069,Auto,2024-01-08,2025-01-07,Active,South,1241.67
P000030,C00185,A0064,Commercial,2025-03-26,2026-03-26,Expired,Northeast,5902.98
P000031,C00485,A0020,Life,2023-07-30,2024-07-29,Active,South,1244.35
P000032,C00309,A0070,Life,2024-06-02,2025-06-02,Active,South,1048.83
P000033,C00041,A0028,Life,2023-11-13,2024-11-12,Renewed,Midwest,868.86
P000034,C00381,A0034,Auto,2024-05-07,2025-05-07,Active,Northeast,1285.88
P000035,C00783,A0017,Home,2023-12-26,2024-12-25,Active,Northeast,2304.15
P000036,C00311,A0006,Home,2024-03-09,2025-03-09,Renewed,South,2335.4
P000037,C00955,A0034,Life,2024-12-24,2025-12-24,Active,Northeast,866.87
P000038,C00828,A0018,Home,2024-03-20,2025-03-20,Renewed,West,3226.13
P000039,C00061,A0058,Life,2025-04-25,2026-04-25,Active,South,1622.87
P000040,C00085,A0029,Commercial,2024-05-07,2025-05-07,Active,Northeast,10902.51
P000041,C00204,A0080,Health,2023-09-18,2024-09-17,Active,Midwest,5002.72
P000042,C00299,A0061,Home,2023-01-10,2024-01-10,Cancelled,South,2453.45
P000043,C00680,A0035,Auto,2023-08-16,2024-08-15,Active,South,1730.63
P000044,C00965,A0054,Life,2024-06-14,2025-06-14,Active,West,1525.77
P000045,C00609,A0014,Auto,2023-07-08,2024-07-07,Renewed,South,1155.45
P000046,C00828,A0048,Home,2024-11-15,2025-11-15,Active,West,2792.82
P000047,C00861,A0040,Life,2024-07-07,2025-07-07,Active,West,693.6
P000048,C00475,A0018,Home,2023-11-24,2024-11-23,Renewed,West,3286.29
P000049,C00917,A0025,Commercial,2024-10-20,2025-10-20,Expired,West,7096.22
P000050,C00999,A0043,Commercial,2023-01-04,2024-01-04,Active,Northeast,10052.59
P000051,C00162,A0075,Auto,2024-05-26,2025-05-26,Cancelled,Midwest,1025.46
P000052,C00365,A0008,Home,2024-05-29,2025-05-29,Cancelled,Midwest,1247.11
P000053,C00696,A0066,Home,2024-08-30,2025-08-30,Renewed,West,1912.06
P000054,C00630,A0030,Home,2023-07-30,2024-07-29,Renewed,West,2469.7
P000055,C00515,A0022,Home,2024-02-02,2025-02-01,Active,South,1494.48
P000056,C00081,A0068,Home,2024-09-19,2025-09-19,Renewed,Northeast,2376.79
P000057,C00019,A0066,Life,2025-06-05,2026-06-05,Active,West,596.23
P000058,C00886,A0018,Home,2025-06-25,2026-06-25,Expired,West,2981.77
P000059,C00253,A0008,Life,2023-02-03,2024-02-03,Active,Midwest,1631.2
P000060,C00764,A0056,Life,2024-09-19,2025-09-19,Active,South,1132.78
P000061,C00141,A0010,Commercial,2023-03-13,2024-03-12,Active,Midwest,8821.93
P000062,C00955,A0029,Commercial,2024-02-14,2025-02-13,Renewed,Northeast,6121.16
P000063,C00304,A0060,Life,2024-06-08,2025-06-08,Cancelled,West,726.67
P000064,C00289,A0060,Commercial,2023-12-24,2024-12-23,Active,West,10002.69
P000065,C00139,A0058,Life,2024-07-10,2025-07-10,Active,South,733.52
P000066,C00520,A0065,Home,2024-10-22,2025-10-22,Renewed,South,1556.29
P000067,C00467,A0060,Life,2024-02-11,2025-02-10,Renewed,West,1464.63
P000068,C00557,A0038,Life,2023-08-16,2024-08-15,Renewed,South,1651.49
P000069,C00012,A0076,Health,2024-10-23,2025-10-23,Active,South,7726.89
P000070,C00930,A0031,Commercial,2024-07-23,2025-07-23,Active,South,10868.37
P000071,C00828,A0066,Auto,2023-03-12,2024-03-11,Renewed,West,2084.76
P000072,C00986,A0004,Health,2024-10-12,2025-10-12,Expired,South,3756.38
P000073,C00496,A0035,Auto,2024-10-23,2025-10-23,Expired,South,1325.12
P000074,C00595,A0052,Life,2025-05-30,2026-05-30,Active,West,1611.42
P000075,C00943,A0012,Home,2024-08-25,2025-08-25,Active,Midwest,1440.59
P000076,C00235,A0020,Auto,2024-07-20,2025-07-20,Cancelled,South,1611.25
P000077,C00274,A0075,Life,2023-06-03,2024-06-02,Active,Midwest,1399.65
P000078,C00710,A0017,Home,2025-03-25,2026-03-25,Active,Northeast,2275.47
P000079,C00763,A0012,Home,2024-02-26,2025-02-25,Active,Midwest,1386.41
P000080,C00978,A0066,Auto,2025-06-26,2026-06-26,Renewed,West,2025.16
P000081,C00742,A0030,Life,2023-03-07,2024-03-06,Active,West,1401.88
P000082,C00467,A0005,Home,2023-11-06,2024-11-05,Active,West,3119.63
P000083,C00331,A0049,Home,2023-09-02,2024-09-01,Active,Midwest,1335.29
P000084,C00705,A0028,Commercial,2023-08-04,2024-08-03,Active,Midwest,5758.53
P000085,C00526,A0079,Life,2023-03-08,2024-03-07,Active,Northeast,1574.59
P000086,C00367,A0054,Auto,2024-06-15,2025-06-15,Active,West,1052.05
P000087,C00112,A0041,Auto,2023-07-13,2024-07-12,Active,South,1010.38
P000088,C00204,A0032,Health,2024-08-19,2025-08-19,Active,Midwest,4833.92
P000089,C00798,A0016,Health,2023-01-20,2024-01-20,Active,South,6582.77
P000090,C00607,A0040,Auto,2023-10-01,2024-09-30,Active,West,1780.74
P000091,C00300,A0027,Commercial,2023-04-14,2024-04-13,Expired,Midwest,5951.43
P000092,C00656,A0003,Commercial,2024-02-06,2025-02-05,Cancelled,South,9530.45
P000093,C00008,A0027,Home,2024-08-01,2025-08-01,Active,Midwest,2096.46
P000094,C00508,A0036,Commercial,2023-11-27,2024-11-26,Active,Northeast,7179.62
P000095,C00098,A0011,Home,2024-11-11,2025-11-11,Active,South,2595.55
P000096,C00452,A0030,Auto,2025-01-25,2026-01-25,Active,West,1374.42
P000097,C00221,A0052,Home,2023-12-15,2024-12-14,Renewed,West,2048.91
P000098,C00407,A0029,Home,2023-05-02,2024-05-01,Active,Northeast,2709.8
P000099,C00909,A0059,Commercial,2023-09-02,2024-09-01,Active,Midwest,6304.1
P000100,C00154,A0054,Auto,2025-06-10,2026-06-10,Active,West,1612.75
P000101,C00469,A0014,Auto,2024-04-30,2025-04-30,Active,South,957.77
P000102,C00723,A0043,Health,2023-05-21,2024-05-20,Active,Northeast,5555.92
P000103,C00566,A0042,Life,2025-05-26,2026-05-26,Cancelled,Midwest,795.1
P000104,C00173,A0079,Home,2024-01-02,2025-01-01,Renewed,Northeast,2444.65
P000105,C00471,A0063,Home,2024-05-12,2025-05-12,Active,Northeast,1738.84
P000106,C00302,A0053,Health,2024-11-28,2025-11-28,Cancelled,Northeast,6142.45
P000107,C00428,A0050,Health,2024-10-07,2025-10-07,Active,South,7061.79
P000108,C00727,A0027,Life,2025-04-05,2026-04-05,Active,Midwest,1527.82
P000109,C00306,A0069,Auto,2025-05-01,2026-05-01,Cancelled,South,1337.79
P000110,C00859,A0068,Life,2024-12-18,2025-12-18,Expired,Northeast,1339.26
P000111,C00748,A0073,Home,2023-06-22,2024-06-21,Active,Northeast,3204.14
P000112,C00951,A0065,Life,2024-07-28,2025-07-28,Cancelled,South,819.22
P000113,C00088,A0076,Auto,2025-03-18,2026-03-18,Renewed,South,1220.18
P000114,C00677,A0031,Commercial,2024-04-15,2025-04-15,Renewed,South,6893.43
P000115,C00253,A0002,Health,2025-06-08,2026-06-08,Renewed,Midwest,6952.75
P000116,C00449,A0011,Commercial,2025-02-28,2026-02-28,Expired,South,10045.47
P000117,C00191,A0074,Auto,2023-10-10,2024-10-09,Active,South,2053.15
P000118,C00022,A0054,Commercial,2025-04-12,2026-04-12,Active,West,8363.04
P000119,C00973,A0064,Health,2023-09-05,2024-09-04,Cancelled,Northeast,4083.91
P000120,C00245,A0065,Commercial,2024-08-02,2025-08-02,Active,South,6641.8
P000121,C00458,A0009,Health,2025-06-01,2026-06-01,Renewed,Midwest,5659.39
P000122,C00097,A0001,Life,2023-10-01,2024-09-30,Expired,Northeast,1187.77
P000123,C00618,A0003,Auto,2023-03-11,2024-03-10,Expired,South,1108.35
P000124,C00172,A0061,Life,2023-01-26,2024-01-26,Active,South,1113.86
P000125,C00206,A0010,Home,2025-04-16,2026-04-16,Expired,Midwest,2902.7
P000126,C00099,A0038,Auto,2024-04-18,2025-04-18,Active,South,1831.83
P000127,C00495,A0067,Commercial,2024-03-02,2025-03-02,Active,South,6568.37
P000128,C00031,A0015,Commercial,2025-06-29,2026-06-29,Active,South,9837.4
P000129,C00903,A0042,Health,2024-02-20,2025-02-19,Active,Midwest,6003.92
P000130,C00779,A0007,Auto,2023-04-12,2024-04-11,Active,South,832.46
P000131,C00484,A0057,Auto,2025-03-09,2026-03-09,Active,Northeast,836.85
P000132,C00288,A0076,Commercial,2024-12-10,2025-12-10,Renewed,South,10094.26
P000133,C00428,A0050,Commercial,2024-11-16,2025-11-16,Renewed,South,6438.08
P000134,C00551,A0071,Health,2023-09-13,2024-09-12,Active,South,6490.29
P000135,C00319,A0017,Health,2023-06-27,2024-06-26,Renewed,Northeast,6192.73
P000136,C00597,A0047,Commercial,2023-06-21,2024-06-20,Active,South,6756.51
P000137,C00162,A0028,Auto,2023-12-18,2024-12-17,Active,Midwest,1211.97
P000138,C00078,A0006,Auto,2023-07-31,2024-07-30,Active,South,1786.55
P000139,C00495,A0041,Health,2023-05-13,2024-05-12,Active,South,6032.43
P000140,C00036,A0009,Home,2025-05-07,2026-05-07,Active,Midwest,2206.77
P000141,C00712,A0023,Home,2023-07-05,2024-07-04,Renewed,Northeast,2653.84
P000142,C00597,A0038,Life,2024-07-10,2025-07-10,Renewed,South,1168.33
P000143,C00811,A0025,Home,2024-11-23,2025-11-23,Renewed,West,1685.31
P000144,C00436,A0011,Health,2024-03-23,2025-03-23,Cancelled,South,5903.53
P000145,C00671,A0040,Commercial,2024-07-24,2025-07-24,Active,West,8034.66
P000146,C00607,A0046,Auto,2025-02-15,2026-02-15,Active,West,1239.76
P000147,C00838,A0051,Life,2024-03-23,2025-03-23,Active,South,893.28
P000148,C00633,A0067,Life,2025-05-31,2026-05-31,Expired,South,1087.22
P000149,C00988,A0006,Auto,2023-08-16,2024-08-15,Active,South,1877.08
P000150,C00980,A0066,Health,2025-05-04,2026-05-04,Active,West,4916.63
P000151,C00170,A0039,Auto,2023-03-08,2024-03-07,Cancelled,West,2190.39
P000152,C00375,A0025,Auto,2023-04-11,2024-04-10,Active,West,1663.86
P000153,C00438,A0024,Life,2023-06-08,2024-06-07,Expired,South,988.78
P000154,C00419,A0004,Commercial,2023-06-09,2024-06-08,Active,South,10279.52
P000155,C00825,A0013,Commercial,2024-04-24,2025-04-24,Active,West,10515.9
P000156,C00652,A0040,Auto,2023-12-14,2024-12-13,Active,West,1394.3
P000157,C00070,A0069,Auto,2024-02-07,2025-02-06,Active,South,2055.9
P000158,C00026,A0054,Health,2023-06-19,2024-06-18,Active,West,4864.81
P000159,C00230,A0015,Home,2023-09-17,2024-09-16,Active,South,1683.36
P000160,C00828,A0048,Auto,2025-02-04,2026-02-04,Active,West,1497.87
P000161,C00715,A0048,Home,2023-11-27,2024-11-26,Cancelled,West,1315.92
P000162,C00044,A0016,Home,2023-03-13,2024-03-12,Renewed,South,1202.61
P000163,C00129,A0046,Life,2024-07-06,2025-07-06,Active,West,867.23
P000164,C00348,A0042,Home,2023-07-09,2024-07-08,Active,Midwest,1468.7
P000165,C00871,A0038,Health,2024-12-05,2025-12-05,Renewed,South,6242.25
P000166,C00721,A0026,Home,2024-11-09,2025-11-09,Active,Midwest,1705.65
P000167,C00816,A0048,Auto,2024-05-31,2025-05-31,Renewed,West,2201.37
P000168,C00635,A0030,Home,2024-08-06,2025-08-06,Active,West,2163.26
P000169,C00388,A0066,Life,2024-12-24,2025-12-24,Cancelled,West,1238.76
P000170,C00654,A0067,Commercial,2024-01-31,2025-01-30,Active,South,5747.52
P000171,C00353,A0019,Home,2023-06-09,2024-06-08,Cancelled,Northeast,2863.02
P000172,C00651,A0037,Auto,2023-03-19,2024-03-18,Cancelled,South,1373.95
P000173,C00698,A0065,Life,2023-06-02,2024-06-01,Active,South,1122.33
P000174,C00456,A0053,Home,2024-09-27,2025-09-27,Active,Northeast,2626.57
P000175,C00251,A0035,Home,2025-03-15,2026-03-15,Active,South,2738.86
P000176,C00389,A0017,Home,2024-05-23,2025-05-23,Active,Northeast,1937.63
P000177,C00712,A0073,Auto,2023-06-07,2024-06-06,Cancelled,Northeast,1271.84
P000178,C00431,A0022,Commercial,2025-06-24,2026-06-24,Expired,South,8285.65
P000179,C00428,A0004,Auto,2024-09-12,2025-09-12,Active,South,864.16
P000180,C00785,A0015,Home,2023-04-15,2024-04-14,Active,South,1941.19
P000181,C00626,A0002,Life,2025-06-08,2026-06-08,Active,Midwest,1327.16
P000182,C00330,A0062,Commercial,2024-03-10,2025-03-10,Active,South,9625.77
P000183,C00092,A0006,Auto,2025-04-03,2026-04-03,Active,South,941.5
P000184,C00661,A0043,Health,2023-09-25,2024-09-24,Renewed,Northeast,4862.93
P000185,C00906,A0046,Life,2025-06-27,2026-06-27,Active,West,1517.89
P000186,C00599,A0054,Health,2024-08-08,2025-08-08,Renewed,West,5112.1
P000187,C00286,A0006,Home,2023-09-04,2024-09-03,Active,South,3104.91
P000188,C00798,A0044,Health,2024-06-16,2025-06-16,Active,South,4737.12
P000189,C00133,A0060,Home,2025-01-22,2026-01-22,Active,West,2296.65
P000190,C00275,A0066,Commercial,2025-04-16,2026-04-16,Active,West,7297.91
P000191,C00556,A0028,Life,2024-07-13,2025-07-13,Cancelled,Midwest,617.65
P000192,C00655,A0045,Home,2024-09-27,2025-09-27,Active,Northeast,1172.11
P000193,C00991,A0025,Home,2024-07-20,2025-07-20,Active,West,2540.33
P000194,C00549,A0067,Auto,2024-07-05,2025-07-05,Active,South,780.88
P000195,C00921,A0027,Auto,2024-07-05,2025-07-05,Active,Midwest,889.35
P000196,C00324,A0038,Auto,2023-10-18,2024-10-17,Active,South,1099.06
P000197,C00295,A0078,Auto,2023-09-01,2024-08-31,Active,Northeast,1800.98
P000198,C00104,A0018,Life,2024-06-18,2025-06-18,Expired,West,793.13
P000199,C00811,A0060,Health,2023-10-12,2024-10-11,Active,West,3184.37
P000200,C00399,A0041,Life,2024-07-31,2025-07-31,Active,South,1538.56
P000201,C00335,A0004,Health,2023-03-29,2024-03-28,Active,South,4662.07
P000202,C00367,A0018,Commercial,2024-03-27,2025-03-27,Renewed,West,4053.0
P000203,C00051,A0041,Health,2025-06-13,2026-06-13,Expired,South,6009.35
P000204,C00271,A0020,Home,2024-02-16,2025-02-15,Active,South,1297.04
P000205,C00109,A0080,Life,2024-10-13,2025-10-13,Active,Midwest,786.63
P000206,C00556,A0002,Life,2024-12-22,2025-12-22,Expired,Midwest,1153.09
P000207,C00667,A0051,Home,2024-01-27,2025-01-26,Active,South,1665.77
P000208,C00344,A0015,Health,2023-12-08,2024-12-07,Active,South,7031.86
P000209,C00122,A0031,Auto,2024-09-06,2025-09-06,Active,South,1608.47
P000210,C00278,A0043,Commercial,2023-05-12,2024-05-11,Active,Northeast,5628.15
P000211,C00994,A0049,Home,2025-05-09,2026-05-09,Active,Midwest,2551.52
P000212,C00010,A0054,Auto,2024-05-25,2025-05-25,Renewed,West,1020.68
P000213,C00563,A0034,Home,2023-11-03,2024-11-02,Active,Northeast,1287.58
P000214,C00179,A0052,Auto,2024-08-20,2025-08-20,Active,West,1820.24
P000215,C00065,A0009,Commercial,2023-03-31,2024-03-30,Active,Midwest,3930.0
P000216,C00611,A0046,Home,2024-02-14,2025-02-13,Expired,West,2385.0
P000217,C00367,A0052,Commercial,2023-08-03,2024-08-02,Active,West,7323.26
P000218,C00972,A0054,Home,2023-06-29,2024-06-28,Active,West,1181.09
P000219,C00250,A0038,Auto,2024-06-24,2025-06-24,Expired,South,1025.98
P000220,C00918,A0025,Health,2025-03-14,2026-03-14,Cancelled,West,5579.78
P000221,C00273,A0065,Home,2024-08-01,2025-08-01,Active,South,2344.7
P000222,C00520,A0021,Commercial,2024-07-31,2025-07-31,Renewed,South,5943.98
P000223,C00233,A0066,Auto,2023-04-15,2024-04-14,Active,West,1749.63
P000224,C00976,A0010,Health,2024-06-03,2025-06-03,Renewed,Midwest,2870.84
P000225,C00514,A0071,Auto,2025-05-03,2026-05-03,Active,South,1310.4
P000226,C00882,A0012,Life,2025-02-24,2026-02-24,Active,Midwest,1469.94
P000227,C00872,A0066,Home,2025-01-13,2026-01-13,Renewed,West,2491.53
P000228,C00049,A0075,Life,2023-05-14,2024-05-13,Cancelled,Midwest,1597.52
P000229,C00706,A0043,Home,2024-06-12,2025-06-12,Active,Northeast,3138.89
P000230,C00094,A0020,Life,2023-05-11,2024-05-10,Cancelled,South,1392.82
P000231,C00796,A0050,Home,2025-03-12,2026-03-12,Active,South,2191.0
P000232,C00984,A0058,Home,2025-06-28,2026-06-28,Active,South,2406.91
P000233,C00849,A0046,Life,2024-06-08,2025-06-08,Active,West,893.42
P000234,C00623,A0080,Commercial,2023-04-15,2024-04-14,Active,Midwest,9733.55
P000235,C00943,A0059,Home,2023-03-08,2024-03-07,Active,Midwest,2663.13
P000236,C00066,A0076,Life,2023-03-27,2024-03-26,Active,South,1037.19
P000237,C00528,A0022,Life,2025-02-02,2026-02-02,Active,South,852.54
P000238,C00880,A0071,Health,2024-02-26,2025-02-25,Cancelled,South,5500.45
P000239,C00297,A0012,Life,2024-05-21,2025-05-21,Active,Midwest,1570.73
P000240,C00778,A0060,Commercial,2023-07-11,2024-07-10,Renewed,West,7140.74
P000241,C00644,A0016,Life,2023-12-25,2024-12-24,Expired,South,1121.51
P000242,C00058,A0012,Commercial,2023-08-23,2024-08-22,Cancelled,Midwest,8730.15
P000243,C00561,A0010,Health,2025-02-03,2026-02-03,Active,Midwest,4893.86
P000244,C00975,A0079,Life,2024-07-28,2025-07-28,Renewed,Northeast,960.63
P000245,C00236,A0056,Commercial,2023-02-20,2024-02-20,Active,South,4737.74
P000246,C00113,A0059,Home,2024-09-20,2025-09-20,Active,Midwest,2147.07
P000247,C00213,A0013,Health,2023-08-22,2024-08-21,Renewed,West,2963.48
P000248,C00438,A0067,Home,2024-04-12,2025-04-12,Expired,South,2101.99
P000249,C00778,A0030,Commercial,2023-02-11,2024-02-11,Active,West,9077.03
P000250,C00285,A0037,Auto,2024-11-03,2025-11-03,Active,South,1933.49
P000251,C00567,A0049,Health,2025-02-03,2026-02-03,Expired,Midwest,6639.04
P000252,C00979,A0035,Health,2024-01-04,2025-01-03,Active,South,4774.95
P000253,C00648,A0007,Auto,2024-03-21,2025-03-21,Cancelled,South,1040.06
P000254,C00037,A0058,Life,2024-03-18,2025-03-18,Renewed,South,848.26
P000255,C00280,A0004,Commercial,2023-06-11,2024-06-10,Cancelled,South,6974.13
P000256,C00635,A0066,Life,2023-04-30,2024-04-29,Active,West,1178.82
P000257,C00107,A0079,Commercial,2025-05-27,2026-05-27,Active,Northeast,6997.37
P000258,C00189,A0024,Auto,2023-04-11,2024-04-10,Active,South,1114.53
P000259,C00398,A0002,Auto,2023-06-19,2024-06-18,Active,Midwest,1835.45
P000260,C00760,A0039,Commercial,2024-03-23,2025-03-23,Expired,West,4317.35
P000261,C00196,A0059,Home,2024-05-17,2025-05-17,Expired,Midwest,2494.19
P000262,C00169,A0044,Auto,2024-08-28,2025-08-28,Active,South,1874.5
P000263,C00564,A0046,Home,2024-08-10,2025-08-10,Active,West,2277.24
P000264,C00779,A0016,Commercial,2024-11-11,2025-11-11,Renewed,South,8006.25
P000265,C00937,A0004,Home,2024-03-08,2025-03-08,Expired,South,1930.66
P000266,C00070,A0061,Life,2024-12-05,2025-12-05,Expired,South,899.17
P000267,C00730,A0055,Home,2024-12-13,2025-12-13,Active,Northeast,1701.09
P000268,C00908,A0057,Auto,2024-01-12,2025-01-11,Active,Northeast,2199.62
P000269,C00393,A0078,Commercial,2025-02-03,2026-02-03,Renewed,Northeast,8840.27
P000270,C00870,A0072,Health,2025-04-19,2026-04-19,Renewed,South,4007.29
P000271,C00786,A0031,Life,2025-02-16,2026-02-16,Active,South,1628.1
P000272,C00628,A0013,Home,2024-04-20,2025-04-20,Renewed,West,1908.39
P000273,C00587,A0024,Auto,2023-06-12,2024-06-11,Active,South,1894.02
P000274,C00588,A0010,Life,2024-06-22,2025-06-22,Active,Midwest,869.03
P000275,C00381,A0034,Home,2025-01-12,2026-01-12,Expired,Northeast,1516.71
P000276,C00151,A0047,Commercial,2023-12-02,2024-12-01,Renewed,South,9420.51
P000277,C00673,A0029,Health,2023-10-07,2024-10-06,Renewed,Northeast,3634.72
P000278,C00596,A0056,Home,2023-06-20,2024-06-19,Expired,South,1748.73
P000279,C00392,A0077,Commercial,2025-06-27,2026-06-27,Active,Northeast,5364.39
P000280,C00422,A0026,Health,2024-11-01,2025-11-01,Expired,Midwest,7173.01
P000281,C00903,A0002,Health,2024-04-27,2025-04-27,Renewed,Midwest,5315.4
P000282,C00784,A0074,Health,2024-06-08,2025-06-08,Active,South,6137.13
P000283,C00425,A0010,Health,2024-12-28,2025-12-28,Active,Midwest,7452.79
P000284,C00377,A0005,Auto,2023-02-20,2024-02-20,Active,West,1693.56
P000285,C00986,A0076,Auto,2023-01-08,2024-01-08,Cancelled,South,2177.09
P000286,C00433,A0035,Home,2024-01-28,2025-01-27,Active,South,1962.41
P000287,C00786,A0072,Home,2025-06-16,2026-06-16,Renewed,South,2325.05
P000288,C00564,A0018,Auto,2025-01-15,2026-01-15,Active,West,1921.14
P000289,C00606,A0069,Commercial,2024-01-18,2025-01-17,Expired,South,8187.63
P000290,C00968,A0037,Health,2023-07-21,2024-07-20,Renewed,South,5951.05
P000291,C00830,A0059,Auto,2024-01-29,2025-01-28,Expired,Midwest,1711.51
P000292,C00753,A0052,Life,2024-03-14,2025-03-14,Renewed,West,1117.8
P000293,C00477,A0001,Health,2025-01-01,2026-01-01,Cancelled,Northeast,5447.1
P000294,C00941,A0029,Auto,2025-06-12,2026-06-12,Active,Northeast,1085.85
P000295,C00256,A0045,Home,2024-01-23,2025-01-22,Active,Northeast,2415.03
P000296,C00786,A0021,Auto,2024-02-20,2025-02-19,Active,South,1155.15
P000297,C00450,A0012,Life,2023-11-13,2024-11-12,Expired,Midwest,899.3
P000298,C00975,A0055,Home,2024-05-17,2025-05-17,Renewed,Northeast,2527.03
P000299,C00442,A0044,Auto,2024-06-13,2025-06-13,Cancelled,South,1153.92
P000300,C00424,A0065,Home,2024-05-22,2025-05-22,Active,South,1326.59
P000301,C00287,A0048,Auto,2024-01-06,2025-01-05,Active,West,2153.84
P000302,C00337,A0018,Commercial,2023-07-24,2024-07-23,Renewed,West,6869.6
P000303,C00658,A0054,Life,2023-12-21,2024-12-20,Cancelled,West,601.5
P000304,C00798,A0037,Commercial,2024-04-16,2025-04-16,Active,South,4788.94
P000305,C00526,A0029,Home,2023-04-12,2024-04-11,Active,Northeast,3301.36
P000306,C00798,A0047,Life,2023-03-07,2024-03-06,Cancelled,South,1554.08
P000307,C00331,A0010,Auto,2023-08-31,2024-08-30,Renewed,Midwest,922.47
P000308,C00748,A0063,Life,2023-09-29,2024-09-28,Expired,Northeast,948.33
P000309,C00002,A0025,Life,2023-08-23,2024-08-22,Cancelled,West,936.99
P000310,C00609,A0006,Commercial,2025-06-16,2026-06-16,Active,South,8968.97
P000311,C00840,A0059,Life,2024-10-20,2025-10-20,Active,Midwest,1125.24
P000312,C00194,A0046,Life,2024-07-01,2025-07-01,Active,West,1639.52
P000313,C00121,A0028,Auto,2023-11-09,2024-11-08,Expired,Midwest,2174.16
P000314,C00863,A0029,Auto,2025-06-02,2026-06-02,Expired,Northeast,1210.35
P000315,C00089,A0027,Home,2024-09-22,2025-09-22,Active,Midwest,1225.92
P000316,C00038,A0062,Life,2024-02-25,2025-02-24,Expired,South,668.4
P000317,C00810,A0007,Home,2025-03-05,2026-03-05,Renewed,South,3042.01
P000318,C00291,A0066,Home,2024-04-17,2025-04-17,Cancelled,West,2857.25
P000319,C00361,A0072,Health,2025-04-24,2026-04-24,Cancelled,South,7759.01
P000320,C00472,A0071,Home,2023-08-11,2024-08-10,Active,South,1457.25
P000321,C00270,A0026,Home,2024-04-02,2025-04-02,Renewed,Midwest,2277.65
P000322,C00003,A0003,Home,2025-02-11,2026-02-11,Renewed,South,2494.47
P000323,C00435,A0055,Life,2023-04-24,2024-04-23,Expired,Northeast,1597.02
P000324,C00971,A0035,Life,2023-06-16,2024-06-15,Active,South,1458.79
P000325,C00624,A0001,Health,2023-06-17,2024-06-16,Cancelled,Northeast,7537.27
P000326,C00921,A0080,Life,2024-01-01,2024-12-31,Renewed,Midwest,1649.9
P000327,C00683,A0028,Life,2024-05-20,2025-05-20,Renewed,Midwest,1657.36
P000328,C00790,A0078,Health,2024-04-16,2025-04-16,Active,Northeast,2904.19
P000329,C00700,A0041,Commercial,2025-06-25,2026-06-25,Expired,South,10958.18
P000330,C00069,A0041,Home,2023-04-26,2024-04-25,Expired,South,2706.59
P000331,C00059,A0039,Life,2024-02-22,2025-02-21,Renewed,West,1141.14
P000332,C00203,A0047,Auto,2025-05-25,2026-05-25,Expired,South,1815.11
P000333,C00517,A0028,Home,2024-03-05,2025-03-05,Active,Midwest,1170.16
P000334,C00432,A0044,Auto,2023-10-01,2024-09-30,Active,South,1030.48
P000335,C00947,A0020,Health,2023-09-12,2024-09-11,Cancelled,South,6160.25
P000336,C00125,A0078,Home,2023-10-13,2024-10-12,Active,Northeast,3166.92
P000337,C00716,A0052,Life,2024-11-19,2025-11-19,Active,West,754.96
P000338,C00558,A0021,Life,2023-12-18,2024-12-17,Renewed,South,1445.77
P000339,C00130,A0064,Health,2024-06-16,2025-06-16,Renewed,Northeast,5689.01
P000340,C00797,A0056,Health,2024-04-17,2025-04-17,Active,South,6330.42
P000341,C00214,A0060,Health,2025-03-31,2026-03-31,Active,West,6589.5
P000342,C00634,A0046,Life,2024-03-14,2025-03-14,Renewed,West,864.18
P000343,C00201,A0042,Commercial,2024-09-20,2025-09-20,Active,Midwest,10271.21
P000344,C00318,A0003,Commercial,2024-03-22,2025-03-22,Cancelled,South,4468.8
P000345,C00997,A0040,Auto,2023-03-12,2024-03-11,Expired,West,2217.26
P000346,C00463,A0032,Auto,2023-01-05,2024-01-05,Active,Midwest,1090.23
P000347,C00031,A0067,Commercial,2024-07-27,2025-07-27,Active,South,8088.54
P000348,C00314,A0034,Life,2024-01-03,2025-01-02,Expired,Northeast,1139.17
P000349,C00662,A0035,Life,2024-03-14,2025-03-14,Active,South,734.61
P000350,C00387,A0020,Health,2024-12-09,2025-12-09,Expired,South,2759.55
P000351,C00216,A0061,Home,2024-01-20,2025-01-19,Active,South,1228.15
P000352,C00729,A0040,Health,2025-06-27,2026-06-27,Active,West,5622.58
P000353,C00676,A0054,Life,2024-11-07,2025-11-07,Expired,West,1012.76
P000354,C00846,A0061,Auto,2025-05-05,2026-05-05,Active,South,1447.15
P000355,C00967,A0062,Life,2024-06-28,2025-06-28,Active,South,1211.91
P000356,C00879,A0001,Home,2024-01-28,2025-01-27,Expired,Northeast,1288.15
P000357,C00368,A0075,Health,2024-11-10,2025-11-10,Active,Midwest,3053.89
P000358,C00790,A0063,Auto,2023-02-01,2024-02-01,Active,Northeast,1350.44
P000359,C00786,A0035,Life,2023-09-12,2024-09-11,Expired,South,709.79
P000360,C00191,A0067,Auto,2024-12-22,2025-12-22,Active,South,1108.85
P000361,C00799,A0014,Commercial,2024-11-14,2025-11-14,Renewed,South,4047.3
P000362,C00034,A0008,Commercial,2023-11-01,2024-10-31,Active,Midwest,5736.35
P000363,C00458,A0008,Commercial,2025-01-21,2026-01-21,Expired,Midwest,10521.85
P000364,C00700,A0021,Life,2025-06-01,2026-06-01,Active,South,1346.89
P000365,C00623,A0012,Life,2023-12-02,2024-12-01,Active,Midwest,1286.5
P000366,C00246,A0057,Auto,2025-03-12,2026-03-12,Active,Northeast,2207.52
P000367,C00821,A0067,Health,2024-08-12,2025-08-12,Expired,South,6132.84
P000368,C00939,A0067,Health,2025-01-24,2026-01-24,Active,South,3692.46
P000369,C00545,A0054,Home,2023-01-15,2024-01-15,Active,West,2658.62
P000370,C00334,A0040,Home,2024-07-25,2025-07-25,Cancelled,West,1877.44
P000371,C00945,A0010,Life,2024-11-01,2025-11-01,Active,Midwest,1561.92
P000372,C00503,A0033,Auto,2023-09-02,2024-09-01,Expired,Midwest,1869.16
P000373,C00354,A0015,Home,2023-08-04,2024-08-03,Renewed,South,2332.22
P000374,C00604,A0020,Commercial,2024-01-30,2025-01-29,Renewed,South,7906.11
P000375,C00950,A0076,Commercial,2023-01-03,2024-01-03,Active,South,9807.14
P000376,C00047,A0060,Commercial,2024-02-27,2025-02-26,Active,West,10337.51
P000377,C00397,A0015,Auto,2024-06-25,2025-06-25,Renewed,South,1488.76
P000378,C00303,A0045,Commercial,2024-07-22,2025-07-22,Renewed,Northeast,10064.27
P000379,C00650,A0041,Health,2023-01-09,2024-01-09,Cancelled,South,4083.45
P000380,C00437,A0046,Health,2023-12-02,2024-12-01,Active,West,2791.41
P000381,C00389,A0068,Health,2023-10-01,2024-09-30,Active,Northeast,5837.1
P000382,C00154,A0052,Home,2024-10-27,2025-10-27,Renewed,West,3117.03
P000383,C00686,A0068,Auto,2025-05-31,2026-05-31,Active,Northeast,1368.07
P000384,C00568,A0032,Life,2023-07-13,2024-07-12,Active,Midwest,992.3
P000385,C00273,A0015,Auto,2024-10-09,2025-10-09,Renewed,South,1963.89
P000386,C00344,A0069,Commercial,2024-02-18,2025-02-17,Active,South,11024.87
P000387,C00984,A0076,Commercial,2023-04-14,2024-04-13,Cancelled,South,10702.83
P000388,C00134,A0043,Health,2025-04-23,2026-04-23,Active,Northeast,6553.15
P000389,C00326,A0068,Health,2023-04-09,2024-04-08,Expired,Northeast,6806.7
P000390,C00594,A0074,Commercial,2024-11-19,2025-11-19,Active,South,4512.14
P000391,C00038,A0051,Home,2025-04-02,2026-04-02,Expired,South,1692.19
P000392,C00670,A0047,Commercial,2023-11-16,2024-11-15,Renewed,South,6743.31
P000393,C00488,A0018,Home,2023-08-30,2024-08-29,Expired,West,1524.28
P000394,C00781,A0066,Auto,2024-01-22,2025-01-21,Renewed,West,1394.99
P000395,C00125,A0034,Auto,2024-11-22,2025-11-22,Expired,Northeast,2081.5
P000396,C00943,A0010,Commercial,2024-09-25,2025-09-25,Renewed,Midwest,5755.09
P000397,C00222,A0021,Health,2025-01-17,2026-01-17,Expired,South,6192.89
P000398,C00704,A0035,Life,2023-03-04,2024-03-03,Cancelled,South,1186.24
P000399,C00443,A0028,Life,2023-10-06,2024-10-05,Active,Midwest,847.14
P000400,C00036,A0032,Home,2023-06-17,2024-06-16,Active,Midwest,2363.65
P000401,C00109,A0059,Life,2023-11-20,2024-11-19,Active,Midwest,1561.69
P000402,C00316,A0012,Home,2023-01-16,2024-01-16,Active,Midwest,1948.71
P000403,C00628,A0025,Life,2024-04-28,2025-04-28,Cancelled,West,1025.15
P000404,C00925,A0033,Life,2024-08-06,2025-08-06,Active,Midwest,1529.59
P000405,C00795,A0038,Health,2024-04-08,2025-04-08,Renewed,South,6578.77
P000406,C00505,A0067,Health,2023-11-16,2024-11-15,Renewed,South,3342.86
P000407,C00253,A0075,Health,2024-05-03,2025-05-03,Active,Midwest,2844.55
P000408,C00203,A0041,Auto,2023-01-05,2024-01-05,Active,South,1484.87
P000409,C00886,A0054,Life,2024-09-13,2025-09-13,Cancelled,West,935.98
P000410,C00154,A0030,Home,2025-01-10,2026-01-10,Active,West,1496.82
P000411,C00424,A0067,Home,2025-03-09,2026-03-09,Active,South,2597.56
P000412,C00418,A0071,Home,2023-03-22,2024-03-21,Expired,South,2402.2
P000413,C00368,A0012,Auto,2023-06-26,2024-06-25,Expired,Midwest,1006.24
P000414,C00213,A0030,Auto,2023-05-03,2024-05-02,Cancelled,West,1051.97
P000415,C00109,A0026,Home,2025-06-22,2026-06-22,Active,Midwest,2977.84
P000416,C00890,A0009,Auto,2024-11-12,2025-11-12,Active,Midwest,930.76
P000417,C00203,A0067,Health,2025-05-25,2026-05-25,Active,South,6819.45
P000418,C00529,A0048,Health,2023-08-14,2024-08-13,Renewed,West,5047.88
P000419,C00237,A0026,Commercial,2024-11-10,2025-11-10,Active,Midwest,10432.84
P000420,C00796,A0014,Life,2023-04-22,2024-04-21,Active,South,960.76
P000421,C00149,A0068,Health,2023-10-02,2024-10-01,Renewed,Northeast,7271.06
P000422,C00818,A0059,Commercial,2024-08-19,2025-08-19,Active,Midwest,4497.29
P000423,C00093,A0049,Commercial,2023-07-07,2024-07-06,Active,Midwest,8938.08
P000424,C00591,A0075,Life,2025-02-28,2026-02-28,Active,Midwest,716.51
P000425,C00774,A0009,Auto,2023-02-23,2024-02-23,Active,Midwest,1325.59
P000426,C00533,A0040,Health,2023-04-08,2024-04-07,Active,West,5148.13
P000427,C00045,A0032,Auto,2023-08-17,2024-08-16,Active,Midwest,1075.1
P000428,C00307,A0066,Life,2023-11-14,2024-11-13,Active,West,750.21
P000429,C00525,A0008,Commercial,2023-01-20,2024-01-20,Active,Midwest,6031.95
P000430,C00494,A0074,Health,2023-05-23,2024-05-22,Active,South,7353.88
P000431,C00160,A0070,Commercial,2023-05-23,2024-05-22,Active,South,4840.54
P000432,C00723,A0034,Home,2025-01-02,2026-01-02,Active,Northeast,1613.22
P000433,C00976,A0012,Home,2024-11-19,2025-11-19,Active,Midwest,2346.76
P000434,C00714,A0049,Commercial,2024-05-18,2025-05-18,Renewed,Midwest,8270.31
P000435,C00057,A0030,Health,2023-04-03,2024-04-02,Renewed,West,3955.99
P000436,C00456,A0063,Health,2023-06-28,2024-06-27,Cancelled,Northeast,4429.15
P000437,C00169,A0047,Life,2023-09-28,2024-09-27,Cancelled,South,1098.96
P000438,C00400,A0065,Home,2024-08-05,2025-08-05,Expired,South,1618.63
P000439,C00356,A0017,Health,2025-01-18,2026-01-18,Active,Northeast,7285.22
P000440,C00592,A0080,Home,2023-06-02,2024-06-01,Renewed,Midwest,2639.68
P000441,C00782,A0023,Life,2024-04-17,2025-04-17,Expired,Northeast,1093.05
P000442,C00071,A0011,Health,2023-02-18,2024-02-18,Renewed,South,7255.17
P000443,C00788,A0043,Auto,2024-08-15,2025-08-15,Expired,Northeast,1222.87
P000444,C00237,A0042,Auto,2024-09-28,2025-09-28,Active,Midwest,1955.4
P000445,C00162,A0027,Commercial,2024-06-25,2025-06-25,Renewed,Midwest,11029.05
P000446,C00839,A0002,Home,2024-06-06,2025-06-06,Renewed,Midwest,2300.01
P000447,C00603,A0060,Commercial,2023-07-22,2024-07-21,Cancelled,West,7954.96
P000448,C00955,A0023,Home,2023-07-24,2024-07-23,Expired,Northeast,1686.16
P000449,C00488,A0054,Home,2025-03-16,2026-03-16,Renewed,West,1181.25
P000450,C00399,A0044,Health,2024-08-11,2025-08-11,Cancelled,South,3392.68
P000451,C00447,A0018,Auto,2023-10-22,2024-10-21,Active,West,1816.55
P000452,C00531,A0009,Health,2023-07-03,2024-07-02,Expired,Midwest,5494.72
P000453,C00503,A0080,Commercial,2024-07-16,2025-07-16,Cancelled,Midwest,9393.14
P000454,C00372,A0037,Home,2024-12-02,2025-12-02,Renewed,South,1479.92
P000455,C00706,A0043,Home,2023-03-06,2024-03-05,Renewed,Northeast,1245.87
P000456,C00270,A0027,Commercial,2025-03-05,2026-03-05,Renewed,Midwest,8287.53
P000457,C00563,A0077,Auto,2023-07-04,2024-07-03,Active,Northeast,1116.71
P000458,C00962,A0008,Life,2023-03-28,2024-03-27,Cancelled,Midwest,1241.68
P000459,C00356,A0079,Life,2023-10-04,2024-10-03,Active,Northeast,1436.03
P000460,C00744,A0024,Life,2024-04-13,2025-04-13,Renewed,South,926.77
P000461,C00567,A0049,Health,2025-04-14,2026-04-14,Active,Midwest,4818.18
P000462,C00830,A0012,Health,2025-05-14,2026-05-14,Active,Midwest,3756.66
P000463,C00110,A0071,Commercial,2023-08-29,2024-08-28,Renewed,South,3921.2
P000464,C00904,A0004,Health,2024-09-10,2025-09-10,Active,South,4377.25
P000465,C00242,A0060,Home,2023-12-24,2024-12-23,Renewed,West,2477.78
P000466,C00711,A0011,Commercial,2024-07-08,2025-07-08,Active,South,7312.66
P000467,C00865,A0079,Auto,2025-01-27,2026-01-27,Renewed,Northeast,1511.54
P000468,C00633,A0007,Auto,2023-03-25,2024-03-24,Active,South,1794.5
P000469,C00157,A0023,Life,2024-12-13,2025-12-13,Cancelled,Northeast,1621.26
P000470,C00361,A0020,Commercial,2024-08-11,2025-08-11,Renewed,South,7533.96
P000471,C00978,A0054,Commercial,2023-07-17,2024-07-16,Cancelled,West,8792.05
P000472,C00452,A0013,Auto,2025-04-19,2026-04-19,Renewed,West,1512.44
P000473,C00702,A0020,Life,2024-12-19,2025-12-19,Active,South,967.77
P000474,C00671,A0066,Home,2023-01-20,2024-01-20,Cancelled,West,2942.92
P000475,C00884,A0017,Life,2023-12-08,2024-12-07,Renewed,Northeast,593.15
P000476,C00231,A0080,Life,2024-01-08,2025-01-07,Active,Midwest,1436.14
P000477,C00093,A0033,Health,2024-12-01,2025-12-01,Renewed,Midwest,7708.07
P000478,C00381,A0057,Home,2023-12-06,2024-12-05,Renewed,Northeast,1963.06
P000479,C00352,A0080,Commercial,2025-04-14,2026-04-14,Active,Midwest,4255.83
P000480,C00449,A0065,Home,2024-10-19,2025-10-19,Active,South,1822.21
P000481,C00170,A0046,Health,2023-09-16,2024-09-15,Active,West,3010.53
P000482,C00913,A0043,Health,2024-07-02,2025-07-02,Expired,Northeast,6892.39
P000483,C00981,A0043,Life,2024-02-23,2025-02-22,Expired,Northeast,586.88
P000484,C00592,A0027,Life,2025-04-07,2026-04-07,Active,Midwest,1461.41
P000485,C00509,A0034,Health,2024-12-07,2025-12-07,Active,Northeast,4698.56
P000486,C00800,A0027,Home,2025-03-22,2026-03-22,Active,Midwest,1791.29
P000487,C00845,A0006,Health,2025-03-13,2026-03-13,Renewed,South,4472.74
P000488,C00579,A0068,Home,2025-06-07,2026-06-07,Active,Northeast,1177.87
P000489,C00266,A0035,Auto,2025-05-15,2026-05-15,Expired,South,1049.42
P000490,C00902,A0051,Life,2025-04-11,2026-04-11,Active,South,1637.56
P000491,C00247,A0053,Health,2023-03-12,2024-03-11,Expired,Northeast,3042.05
P000492,C00672,A0005,Auto,2024-01-12,2025-01-11,Active,West,1918.39
P000493,C00703,A0017,Home,2023-04-05,2024-04-04,Expired,Northeast,2141.38
P000494,C00083,A0054,Commercial,2024-12-28,2025-12-28,Active,West,4492.07
P000495,C00681,A0007,Life,2025-03-22,2026-03-22,Active,South,1570.6
P000496,C00364,A0002,Commercial,2025-04-17,2026-04-17,Active,Midwest,4192.3
P000497,C00204,A0010,Health,2023-05-06,2024-05-05,Active,Midwest,3481.08
P000498,C00398,A0059,Health,2025-03-18,2026-03-18,Expired,Midwest,6915.87
P000499,C00763,A0009,Life,2024-05-15,2025-05-15,Active,Midwest,627.13
P000500,C00367,A0046,Auto,2024-07-09,2025-07-09,Expired,West,2192.57
P000501,C00228,A0078,Health,2023-11-23,2024-11-22,Renewed,Northeast,5748.14
P000502,C00843,A0040,Auto,2024-01-06,2025-01-05,Expired,West,1185.42
P000503,C00371,A0007,Auto,2024-06-28,2025-06-28,Renewed,South,2134.2
P000504,C00294,A0004,Commercial,2024-11-23,2025-11-23,Renewed,South,5921.87
P000505,C00484,A0001,Auto,2023-04-14,2024-04-13,Active,Northeast,1459.52
P000506,C00908,A0029,Life,2024-06-29,2025-06-29,Active,Northeast,783.8
P000507,C00837,A0057,Auto,2025-05-13,2026-05-13,Active,Northeast,1622.25
P000508,C00420,A0031,Health,2023-04-21,2024-04-20,Active,South,6498.53
P000509,C00219,A0065,Home,2024-12-09,2025-12-09,Cancelled,South,1800.79
P000510,C00671,A0005,Home,2023-11-23,2024-11-22,Cancelled,West,3136.39
P000511,C00194,A0040,Commercial,2023-02-11,2024-02-11,Cancelled,West,8180.73
P000512,C00243,A0070,Life,2024-01-17,2025-01-16,Expired,South,1109.94
P000513,C00828,A0039,Life,2024-02-29,2025-02-28,Active,West,1107.47
P000514,C00585,A0006,Home,2025-06-03,2026-06-03,Active,South,2978.44
P000515,C00523,A0034,Life,2023-02-02,2024-02-02,Active,Northeast,1575.09
P000516,C00405,A0022,Commercial,2023-01-07,2024-01-07,Active,South,7213.16
P000517,C00319,A0023,Commercial,2024-09-07,2025-09-07,Cancelled,Northeast,6773.47
P000518,C00203,A0035,Commercial,2024-01-01,2024-12-31,Active,South,10571.41
P000519,C00550,A0056,Home,2024-03-31,2025-03-31,Cancelled,South,1712.44
P000520,C00397,A0006,Life,2023-07-26,2024-07-25,Renewed,South,1179.05
P000521,C00207,A0072,Commercial,2023-11-15,2024-11-14,Active,South,10109.8
P000522,C00056,A0038,Home,2023-03-22,2024-03-21,Active,South,2345.77
P000523,C00217,A0071,Home,2023-05-17,2024-05-16,Active,South,2552.89
P000524,C00175,A0033,Life,2025-02-10,2026-02-10,Renewed,Midwest,1328.54
P000525,C00699,A0025,Commercial,2025-03-31,2026-03-31,Renewed,West,9264.16
P000526,C00899,A0026,Auto,2025-06-08,2026-06-08,Active,Midwest,1799.87
P000527,C00539,A0071,Auto,2024-08-31,2025-08-31,Active,South,2013.04
P000528,C00974,A0021,Commercial,2023-05-28,2024-05-27,Active,South,5136.75
P000529,C00320,A0028,Home,2024-11-14,2025-11-14,Active,Midwest,2645.81
P000530,C00809,A0014,Home,2023-06-26,2024-06-25,Expired,South,2074.33
P000531,C00864,A0016,Home,2024-09-24,2025-09-24,Active,South,1488.72
P000532,C00959,A0075,Commercial,2024-02-13,2025-02-12,Active,Midwest,4306.9
P000533,C00695,A0046,Life,2023-05-24,2024-05-23,Active,West,1062.7
P000534,C00218,A0019,Commercial,2025-06-08,2026-06-08,Active,Northeast,4628.57
P000535,C00922,A0026,Life,2025-03-31,2026-03-31,Active,Midwest,891.85
P000536,C00817,A0051,Home,2023-07-08,2024-07-07,Renewed,South,2575.63
P000537,C00917,A0052,Health,2024-03-22,2025-03-22,Renewed,West,3292.0
P000538,C00517,A0026,Commercial,2025-06-24,2026-06-24,Active,Midwest,4424.78
P000539,C00746,A0059,Auto,2024-06-14,2025-06-14,Cancelled,Midwest,2219.61
P000540,C00187,A0040,Home,2024-04-21,2025-04-21,Cancelled,West,2737.92
P000541,C00808,A0065,Home,2023-10-08,2024-10-07,Active,South,2568.05
P000542,C00493,A0014,Life,2023-12-15,2024-12-14,Renewed,South,1584.75
P000543,C00937,A0070,Commercial,2024-07-08,2025-07-08,Renewed,South,7096.61
P000544,C00755,A0006,Commercial,2024-04-25,2025-04-25,Active,South,11067.7
P000545,C00030,A0030,Life,2023-11-29,2024-11-28,Renewed,West,1373.73
P000546,C00828,A0005,Auto,2023-05-20,2024-05-19,Expired,West,1667.35
P000547,C00982,A0058,Auto,2023-05-20,2024-05-19,Active,South,1659.66
P000548,C00440,A0010,Commercial,2024-10-11,2025-10-11,Cancelled,Midwest,8075.09
P000549,C00057,A0046,Home,2025-05-09,2026-05-09,Active,West,2254.23
P000550,C00738,A0074,Commercial,2024-03-30,2025-03-30,Active,South,5804.24
P000551,C00431,A0051,Auto,2025-06-30,2026-06-30,Active,South,1051.79
P000552,C00353,A0036,Life,2024-04-14,2025-04-14,Active,Northeast,679.58
P000553,C00841,A0077,Commercial,2024-07-21,2025-07-21,Active,Northeast,4450.3
P000554,C00456,A0078,Health,2024-05-04,2025-05-04,Expired,Northeast,5121.15
P000555,C00414,A0036,Commercial,2024-08-14,2025-08-14,Expired,Northeast,7820.23
P000556,C00767,A0060,Home,2023-11-18,2024-11-17,Active,West,1793.95
P000557,C00177,A0001,Life,2023-03-02,2024-03-01,Cancelled,Northeast,850.53
P000558,C00840,A0012,Health,2024-03-11,2025-03-11,Cancelled,Midwest,5422.72
P000559,C00951,A0069,Home,2024-01-16,2025-01-15,Renewed,South,2110.16
P000560,C00344,A0015,Commercial,2024-10-29,2025-10-29,Active,South,7359.17
P000561,C00518,A0078,Life,2023-06-14,2024-06-13,Renewed,Northeast,734.42
P000562,C00347,A0054,Home,2025-01-12,2026-01-12,Renewed,West,3185.02
P000563,C00124,A0025,Home,2024-10-24,2025-10-24,Expired,West,3147.7
P000564,C00163,A0013,Auto,2023-04-01,2024-03-31,Active,West,1768.39
P000565,C00737,A0039,Home,2023-04-07,2024-04-06,Active,West,1197.44
P000566,C00773,A0035,Commercial,2024-08-20,2025-08-20,Active,South,10021.35
P000567,C00980,A0066,Life,2024-04-14,2025-04-14,Cancelled,West,828.08
P000568,C00640,A0018,Life,2024-04-20,2025-04-20,Active,West,992.29
P000569,C00862,A0019,Life,2025-02-01,2026-02-01,Active,Northeast,1374.93
P000570,C00686,A0023,Auto,2024-11-03,2025-11-03,Cancelled,Northeast,1947.8
P000571,C00461,A0042,Home,2025-06-05,2026-06-05,Active,Midwest,2770.47
P000572,C00936,A0058,Auto,2024-09-01,2025-09-01,Active,South,1285.25
P000573,C00903,A0027,Home,2024-10-01,2025-10-01,Active,Midwest,1390.48
P000574,C00490,A0047,Auto,2024-05-20,2025-05-20,Active,South,1965.5
P000575,C00530,A0038,Health,2023-12-17,2024-12-16,Renewed,South,4412.62
P000576,C00678,A0076,Life,2024-05-04,2025-05-04,Active,South,817.42
P000577,C00198,A0069,Auto,2023-04-18,2024-04-17,Active,South,1958.13
P000578,C00408,A0025,Home,2024-12-06,2025-12-06,Renewed,West,3110.45
P000579,C00388,A0052,Auto,2025-06-30,2026-06-30,Cancelled,West,1037.83
P000580,C00785,A0044,Commercial,2023-09-22,2024-09-21,Active,South,4630.28
P000581,C00233,A0018,Life,2023-03-31,2024-03-30,Expired,West,1637.37
P000582,C00059,A0046,Commercial,2024-10-15,2025-10-15,Active,West,6575.54
P000583,C00908,A0055,Commercial,2024-09-30,2025-09-30,Renewed,Northeast,10403.75
P000584,C00215,A0026,Health,2025-05-05,2026-05-05,Active,Midwest,5447.36
P000585,C00780,A0022,Commercial,2023-01-17,2024-01-17,Active,South,7149.34
P000586,C00192,A0050,Commercial,2023-06-23,2024-06-22,Active,South,5428.65
P000587,C00404,A0018,Life,2024-10-01,2025-10-01,Active,West,1505.7
P000588,C00604,A0015,Commercial,2024-04-29,2025-04-29,Cancelled,South,9602.03
P000589,C00838,A0011,Commercial,2023-11-13,2024-11-12,Renewed,South,5369.29
P000590,C00102,A0002,Home,2024-05-09,2025-05-09,Active,Midwest,2957.2
P000591,C00551,A0047,Home,2023-06-20,2024-06-19,Active,South,3327.9
P000592,C00377,A0048,Life,2023-03-30,2024-03-29,Renewed,West,880.88
P000593,C00432,A0004,Auto,2024-04-20,2025-04-20,Active,South,2127.05
P000594,C00550,A0070,Auto,2024-10-28,2025-10-28,Cancelled,South,1475.12
P000595,C00397,A0022,Commercial,2023-12-07,2024-12-06,Active,South,4929.31
P000596,C00163,A0039,Commercial,2023-01-02,2024-01-02,Active,West,8531.03
P000597,C00284,A0059,Health,2024-06-17,2025-06-17,Active,Midwest,6698.98
P000598,C00139,A0015,Life,2023-06-17,2024-06-16,Active,South,904.81
P000599,C00408,A0066,Auto,2024-07-23,2025-07-23,Active,West,1623.1
P000600,C00108,A0041,Auto,2024-12-15,2025-12-15,Active,South,1039.38
P000601,C00166,A0067,Auto,2024-11-16,2025-11-16,Active,South,1030.56
P000602,C00754,A0058,Life,2024-05-02,2025-05-02,Renewed,South,692.88
P000603,C00384,A0004,Life,2024-10-17,2025-10-17,Active,South,1073.93
P000604,C00036,A0049,Health,2023-03-13,2024-03-12,Expired,Midwest,2951.03
P000605,C00888,A0056,Home,2024-07-05,2025-07-05,Renewed,South,2056.7
P000606,C00746,A0049,Auto,2025-03-05,2026-03-05,Active,Midwest,1945.75
P000607,C00615,A0039,Commercial,2024-08-18,2025-08-18,Active,West,6964.69
P000608,C00532,A0050,Auto,2024-12-19,2025-12-19,Expired,South,1118.4
P000609,C00349,A0031,Home,2024-02-09,2025-02-08,Active,South,2433.36
P000610,C00985,A0009,Home,2024-03-26,2025-03-26,Active,Midwest,1993.08
P000611,C00380,A0032,Health,2024-11-15,2025-11-15,Active,Midwest,7505.3
P000612,C00644,A0058,Health,2024-03-15,2025-03-15,Active,South,3178.76
P000613,C00242,A0054,Commercial,2024-01-08,2025-01-07,Active,West,9018.48
P000614,C00975,A0077,Home,2024-06-10,2025-06-10,Active,Northeast,1334.97
P000615,C00463,A0049,Life,2024-05-04,2025-05-04,Active,Midwest,1623.61
P000616,C00909,A0075,Home,2024-02-21,2025-02-20,Expired,Midwest,2199.74
P000617,C00773,A0076,Auto,2025-04-19,2026-04-19,Cancelled,South,1789.32
P000618,C00467,A0030,Life,2024-12-08,2025-12-08,Active,West,1621.59
P000619,C00986,A0024,Life,2023-09-13,2024-09-12,Active,South,792.27
P000620,C00237,A0010,Auto,2025-06-11,2026-06-11,Active,Midwest,2217.07
P000621,C00118,A0021,Commercial,2024-02-06,2025-02-05,Active,South,6657.39
P000622,C00912,A0036,Auto,2023-11-18,2024-11-17,Active,Northeast,1523.61
P000623,C00162,A0009,Commercial,2024-12-19,2025-12-19,Renewed,Midwest,5725.04
P000624,C00349,A0065,Health,2024-02-24,2025-02-23,Active,South,6351.82
P000625,C00262,A0039,Auto,2023-05-10,2024-05-09,Active,West,1734.45
P000626,C00032,A0002,Health,2025-03-21,2026-03-21,Active,Midwest,5113.84
P000627,C00290,A0076,Health,2025-04-22,2026-04-22,Active,South,3930.5
P000628,C00463,A0033,Health,2024-11-14,2025-11-14,Expired,Midwest,7249.55
P000629,C00556,A0049,Health,2023-03-06,2024-03-05,Cancelled,Midwest,3863.33
P000630,C00032,A0026,Life,2024-10-04,2025-10-04,Active,Midwest,1008.59
P000631,C00679,A0032,Auto,2025-01-18,2026-01-18,Expired,Midwest,1959.19
P000632,C00628,A0040,Commercial,2025-06-16,2026-06-16,Active,West,5555.03
P000633,C00908,A0023,Health,2023-10-12,2024-10-11,Active,Northeast,2732.69
P000634,C00212,A0029,Home,2025-05-30,2026-05-30,Active,Northeast,2922.62
P000635,C00907,A0036,Health,2023-02-01,2024-02-01,Active,Northeast,4649.0
P000636,C00546,A0033,Auto,2024-12-12,2025-12-12,Cancelled,Midwest,1181.19
P000637,C00859,A0064,Home,2023-08-08,2024-08-07,Active,Northeast,2779.59
P000638,C00449,A0047,Home,2023-02-12,2024-02-12,Active,South,1557.82
P000639,C00348,A0008,Home,2023-10-31,2024-10-30,Expired,Midwest,2609.12
P000640,C00089,A0049,Home,2024-03-30,2025-03-30,Active,Midwest,1635.33
P000641,C00818,A0026,Auto,2024-02-10,2025-02-09,Active,Midwest,814.84
P000642,C00464,A0009,Health,2025-03-23,2026-03-23,Active,Midwest,4563.6
P000643,C00198,A0047,Auto,2024-03-26,2025-03-26,Renewed,South,864.77
P000644,C00371,A0050,Home,2025-06-11,2026-06-11,Active,South,2298.29
P000645,C00249,A0010,Life,2024-05-09,2025-05-09,Cancelled,Midwest,1466.57
P000646,C00239,A0014,Home,2023-05-07,2024-05-06,Active,South,2977.76
P000647,C00193,A0078,Commercial,2023-05-14,2024-05-13,Active,Northeast,7586.44
P000648,C00891,A0027,Auto,2025-04-26,2026-04-26,Active,Midwest,1727.32
P000649,C00992,A0020,Life,2024-08-01,2025-08-01,Active,South,1285.28
P000650,C00036,A0026,Home,2023-12-01,2024-11-30,Active,Midwest,1873.56
P000651,C00061,A0011,Auto,2023-11-06,2024-11-05,Active,South,2056.67
P000652,C00253,A0012,Commercial,2025-02-11,2026-02-11,Active,Midwest,7294.52
P000653,C00882,A0080,Health,2025-03-28,2026-03-28,Active,Midwest,7173.03
P000654,C00834,A0060,Auto,2025-01-19,2026-01-19,Renewed,West,1261.07
P000655,C00725,A0055,Commercial,2025-06-08,2026-06-08,Cancelled,Northeast,10441.05
P000656,C00395,A0020,Home,2025-01-11,2026-01-11,Cancelled,South,3271.76
P000657,C00724,A0070,Life,2023-10-28,2024-10-27,Active,South,950.19
P000658,C00170,A0054,Health,2024-11-17,2025-11-17,Active,West,5609.5
P000659,C00816,A0039,Commercial,2024-09-03,2025-09-03,Active,West,5493.99
P000660,C00632,A0047,Commercial,2023-12-09,2024-12-08,Active,South,4933.23
P000661,C00710,A0079,Home,2023-11-27,2024-11-26,Active,Northeast,1349.73
P000662,C00647,A0048,Home,2023-09-24,2024-09-23,Active,West,1878.67
P000663,C00598,A0019,Auto,2024-04-28,2025-04-28,Active,Northeast,922.35
P000664,C00882,A0028,Health,2024-11-12,2025-11-12,Active,Midwest,3220.74
P000665,C00595,A0046,Life,2025-02-27,2026-02-27,Active,West,1525.38
P000666,C00048,A0057,Health,2023-05-23,2024-05-22,Renewed,Northeast,6265.2
P000667,C00481,A0041,Health,2024-07-14,2025-07-14,Active,South,4036.04
P000668,C00896,A0025,Life,2024-08-16,2025-08-16,Cancelled,West,1457.71
P000669,C00097,A0036,Commercial,2024-05-02,2025-05-02,Renewed,Northeast,4959.65
P000670,C00416,A0054,Life,2025-02-26,2026-02-26,Active,West,1374.03
P000671,C00192,A0062,Home,2024-12-08,2025-12-08,Active,South,2218.78
P000672,C00251,A0020,Home,2023-12-14,2024-12-13,Active,South,2849.31
P000673,C00531,A0059,Home,2023-09-27,2024-09-26,Expired,Midwest,1472.5
P000674,C00961,A0020,Auto,2023-05-08,2024-05-07,Active,South,1911.11
P000675,C00123,A0047,Home,2023-12-10,2024-12-09,Expired,South,2394.47
P000676,C00898,A0022,Health,2023-02-23,2024-02-23,Active,South,4061.51
P000677,C00939,A0051,Life,2024-03-16,2025-03-16,Active,South,955.43
P000678,C00044,A0031,Health,2024-02-21,2025-02-20,Active,South,6489.93
P000679,C00511,A0020,Health,2024-02-17,2025-02-16,Active,South,6304.66
P000680,C00220,A0018,Life,2025-04-30,2026-04-30,Active,West,1325.83
P000681,C00125,A0079,Health,2024-12-07,2025-12-07,Active,Northeast,7747.31
P000682,C00550,A0061,Auto,2023-01-23,2024-01-23,Active,South,1151.2
P000683,C00568,A0059,Life,2023-12-16,2024-12-15,Active,Midwest,1239.44
P000684,C00346,A0025,Home,2025-03-20,2026-03-20,Expired,West,1626.7
P000685,C00217,A0065,Commercial,2024-04-28,2025-04-28,Active,South,6001.52
P000686,C00110,A0011,Commercial,2025-04-11,2026-04-11,Renewed,South,9935.37
P000687,C00567,A0027,Home,2023-01-22,2024-01-22,Cancelled,Midwest,2708.71
P000688,C00881,A0031,Auto,2025-01-02,2026-01-02,Active,South,1095.73
P000689,C00968,A0050,Life,2023-02-26,2024-02-26,Expired,South,1552.68
P000690,C00460,A0026,Commercial,2023-04-08,2024-04-07,Expired,Midwest,5880.28
P000691,C00844,A0022,Home,2023-05-01,2024-04-30,Active,South,2204.99
P000692,C00803,A0059,Auto,2024-06-20,2025-06-20,Active,Midwest,1486.22
P000693,C00665,A0065,Commercial,2025-04-16,2026-04-16,Renewed,South,7560.93
P000694,C00359,A0075,Home,2025-05-26,2026-05-26,Active,Midwest,2001.99
P000695,C00668,A0047,Health,2023-10-29,2024-10-28,Active,South,6890.25
P000696,C00595,A0018,Auto,2025-06-30,2026-06-30,Active,West,1610.35
P000697,C00446,A0018,Auto,2024-11-29,2025-11-29,Cancelled,West,1477.04
P000698,C00485,A0031,Life,2024-09-15,2025-09-15,Active,South,1625.61
P000699,C00200,A0075,Commercial,2023-12-22,2024-12-21,Active,Midwest,4130.36
P000700,C00230,A0003,Life,2025-01-12,2026-01-12,Active,South,1393.14
P000701,C00648,A0058,Auto,2024-06-20,2025-06-20,Expired,South,2217.89
P000702,C00922,A0008,Home,2025-05-31,2026-05-31,Expired,Midwest,1514.98
P000703,C00827,A0025,Home,2024-11-03,2025-11-03,Expired,West,1271.07
P000704,C00561,A0009,Home,2025-05-31,2026-05-31,Renewed,Midwest,1470.97
P000705,C00594,A0021,Home,2023-04-08,2024-04-07,Expired,South,3081.64
P000706,C00790,A0077,Auto,2023-12-26,2024-12-25,Active,Northeast,1694.66
P000707,C00993,A0009,Health,2024-03-19,2025-03-19,Active,Midwest,7110.54
P000708,C00786,A0003,Home,2023-05-16,2024-05-15,Active,South,2325.49
P000709,C00724,A0003,Life,2024-02-10,2025-02-09,Active,South,1476.27
P000710,C00708,A0034,Auto,2024-05-01,2025-05-01,Active,Northeast,829.13
P000711,C00589,A0062,Commercial,2023-09-04,2024-09-03,Active,South,6121.31
P000712,C00019,A0052,Commercial,2024-11-24,2025-11-24,Active,West,8903.41
P000713,C00592,A0049,Health,2023-10-01,2024-09-30,Active,Midwest,7063.27
P000714,C00760,A0013,Health,2024-01-30,2025-01-29,Active,West,6837.27
P000715,C00442,A0062,Auto,2023-10-15,2024-10-14,Renewed,South,1835.71
P000716,C00642,A0047,Home,2025-01-06,2026-01-06,Expired,South,2793.05
P000717,C00555,A0009,Life,2023-08-12,2024-08-11,Active,Midwest,1539.14
P000718,C00120,A0035,Commercial,2023-09-08,2024-09-07,Expired,South,9330.59
P000719,C00256,A0057,Commercial,2025-02-20,2026-02-20,Renewed,Northeast,8323.18
P000720,C00020,A0010,Health,2024-09-22,2025-09-22,Active,Midwest,3298.28
P000721,C00975,A0019,Auto,2023-05-24,2024-05-23,Cancelled,Northeast,1948.16
P000722,C00981,A0057,Health,2023-06-14,2024-06-13,Active,Northeast,2746.95
P000723,C00094,A0044,Home,2023-09-02,2024-09-01,Active,South,2789.76
P000724,C00018,A0026,Life,2023-08-08,2024-08-07,Active,Midwest,1240.41
P000725,C00500,A0032,Health,2024-12-04,2025-12-04,Expired,Midwest,6006.47
P000726,C00873,A0003,Health,2023-01-19,2024-01-19,Active,South,5506.43
P000727,C00108,A0051,Health,2024-01-18,2025-01-17,Active,South,3359.97
P000728,C00908,A0045,Commercial,2024-05-26,2025-05-26,Expired,Northeast,10658.25
P000729,C00669,A0052,Auto,2023-01-19,2024-01-19,Active,West,2060.49
P000730,C00937,A0004,Health,2025-03-20,2026-03-20,Renewed,South,2839.03
P000731,C00998,A0031,Home,2023-02-12,2024-02-12,Active,South,2725.5
P000732,C00420,A0061,Home,2025-06-26,2026-06-26,Active,South,2636.7
P000733,C00503,A0009,Auto,2023-05-06,2024-05-05,Renewed,Midwest,978.43
P000734,C00958,A0037,Health,2023-01-01,2024-01-01,Active,South,4365.78
P000735,C00410,A0045,Life,2024-06-06,2025-06-06,Active,Northeast,866.0
P000736,C00521,A0030,Auto,2025-03-15,2026-03-15,Active,West,1530.03
P000737,C00095,A0062,Commercial,2024-07-31,2025-07-31,Active,South,4207.39
P000738,C00482,A0012,Life,2023-04-29,2024-04-28,Active,Midwest,622.47
P000739,C00763,A0059,Life,2024-05-20,2025-05-20,Active,Midwest,972.87
P000740,C00269,A0050,Auto,2023-03-10,2024-03-09,Expired,South,1154.47
P000741,C00019,A0025,Home,2024-09-13,2025-09-13,Active,West,1564.48
P000742,C00646,A0029,Health,2023-06-11,2024-06-10,Renewed,Northeast,7645.98
P000743,C00290,A0067,Commercial,2023-02-08,2024-02-08,Active,South,9495.48
P000744,C00237,A0028,Auto,2023-05-21,2024-05-20,Expired,Midwest,1357.76
P000745,C00422,A0049,Commercial,2023-07-12,2024-07-11,Renewed,Midwest,3931.74
P000746,C00278,A0045,Health,2023-05-04,2024-05-03,Expired,Northeast,2786.2
P000747,C00243,A0074,Home,2024-11-08,2025-11-08,Active,South,1861.51
P000748,C00871,A0070,Auto,2023-11-10,2024-11-09,Active,South,1477.64
P000749,C00755,A0044,Auto,2024-10-30,2025-10-30,Active,South,1326.44
P000750,C00399,A0016,Home,2025-06-27,2026-06-27,Active,South,2515.33
P000751,C00943,A0032,Life,2024-05-11,2025-05-11,Active,Midwest,1427.5
P000752,C00691,A0054,Commercial,2023-10-27,2024-10-26,Active,West,3993.81
P000753,C00706,A0034,Life,2025-02-07,2026-02-07,Expired,Northeast,965.05
P000754,C00608,A0063,Health,2023-07-28,2024-07-27,Active,Northeast,7292.32
P000755,C00027,A0042,Life,2024-09-14,2025-09-14,Renewed,Midwest,840.63
P000756,C00547,A0070,Auto,2023-09-12,2024-09-11,Cancelled,South,916.67
P000757,C00523,A0057,Home,2025-05-30,2026-05-30,Renewed,Northeast,1502.62
P000758,C00816,A0005,Health,2023-06-23,2024-06-22,Cancelled,West,5755.69
P000759,C00717,A0010,Auto,2024-05-08,2025-05-08,Renewed,Midwest,1461.21
P000760,C00424,A0067,Life,2024-03-05,2025-03-05,Active,South,678.39
P000761,C00726,A0056,Health,2023-03-11,2024-03-10,Active,South,5804.96
P000762,C00954,A0014,Home,2024-05-18,2025-05-18,Active,South,2496.1
P000763,C00583,A0073,Health,2025-01-10,2026-01-10,Active,Northeast,5695.09
P000764,C00613,A0026,Commercial,2023-06-18,2024-06-17,Expired,Midwest,6411.11
P000765,C00625,A0045,Commercial,2023-01-20,2024-01-20,Active,Northeast,5590.92
P000766,C00866,A0055,Auto,2024-11-15,2025-11-15,Active,Northeast,913.04
P000767,C00461,A0049,Commercial,2023-05-04,2024-05-03,Active,Midwest,9188.36
P000768,C00453,A0063,Commercial,2023-09-08,2024-09-07,Active,Northeast,7000.09
P000769,C00020,A0028,Health,2023-09-23,2024-09-22,Cancelled,Midwest,4956.93
P000770,C00717,A0080,Home,2025-06-28,2026-06-28,Expired,Midwest,1910.31
P000771,C00819,A0075,Home,2023-02-17,2024-02-17,Active,Midwest,1971.87
P000772,C00091,A0004,Home,2023-11-21,2024-11-20,Active,South,3113.66
P000773,C00615,A0054,Home,2023-05-04,2024-05-03,Active,West,3256.7
P000774,C00305,A0002,Auto,2025-01-22,2026-01-22,Renewed,Midwest,1684.46
P000775,C00801,A0079,Commercial,2025-01-08,2026-01-08,Active,Northeast,10798.74
P000776,C00223,A0012,Commercial,2025-04-22,2026-04-22,Active,Midwest,7836.51
P000777,C00007,A0009,Auto,2024-10-16,2025-10-16,Renewed,Midwest,1998.93
P000778,C00620,A0025,Health,2024-12-25,2025-12-25,Active,West,6641.95
P000779,C00097,A0078,Health,2025-05-22,2026-05-22,Expired,Northeast,3242.51
P000780,C00228,A0063,Life,2023-04-17,2024-04-16,Active,Northeast,1569.4
P000781,C00412,A0049,Home,2023-06-09,2024-06-08,Expired,Midwest,2834.15
P000782,C00391,A0040,Health,2023-04-22,2024-04-21,Renewed,West,6322.15
P000783,C00357,A0027,Health,2023-03-27,2024-03-26,Active,Midwest,4754.99
P000784,C00172,A0007,Home,2024-06-25,2025-06-25,Renewed,South,2465.6
P000785,C00983,A0041,Home,2024-06-17,2025-06-17,Active,South,3031.1
P000786,C00522,A0059,Home,2023-05-14,2024-05-13,Renewed,Midwest,2301.75
P000787,C00049,A0028,Life,2024-09-09,2025-09-09,Renewed,Midwest,804.64
P000788,C00266,A0016,Home,2024-04-05,2025-04-05,Active,South,2416.22
P000789,C00674,A0001,Health,2023-11-21,2024-11-20,Active,Northeast,4476.93
P000790,C00368,A0002,Life,2024-08-16,2025-08-16,Active,Midwest,944.05
P000791,C00960,A0013,Commercial,2023-05-02,2024-05-01,Active,West,5075.64
P000792,C00408,A0013,Home,2024-04-23,2025-04-23,Active,West,1979.17
P000793,C00150,A0018,Health,2025-01-02,2026-01-02,Active,West,7125.52
P000794,C00810,A0038,Home,2025-03-07,2026-03-07,Renewed,South,3275.72
P000795,C00676,A0005,Life,2023-09-24,2024-09-23,Renewed,West,875.6
P000796,C00340,A0076,Commercial,2023-07-30,2024-07-29,Active,South,4847.64
P000797,C00833,A0022,Home,2024-08-14,2025-08-14,Active,South,2932.51
P000798,C00092,A0014,Commercial,2024-08-07,2025-08-07,Active,South,6133.54
P000799,C00707,A0035,Commercial,2023-03-21,2024-03-20,Active,South,6489.08
P000800,C00141,A0049,Auto,2023-09-09,2024-09-08,Active,Midwest,1117.01
P000801,C00216,A0076,Health,2023-06-28,2024-06-27,Active,South,5865.79
P000802,C00872,A0025,Auto,2023-05-28,2024-05-27,Cancelled,West,1119.33
P000803,C00390,A0018,Commercial,2025-05-31,2026-05-31,Active,West,6660.02
P000804,C00502,A0023,Health,2025-03-10,2026-03-10,Active,Northeast,3132.99
P000805,C00359,A0033,Auto,2023-02-08,2024-02-08,Active,Midwest,965.47
P000806,C00977,A0050,Home,2023-09-23,2024-09-22,Active,South,1451.79
P000807,C00123,A0069,Commercial,2023-08-20,2024-08-19,Active,South,6518.64
P000808,C00456,A0068,Life,2023-04-29,2024-04-28,Renewed,Northeast,1121.1
P000809,C00351,A0005,Auto,2024-07-03,2025-07-03,Active,West,2133.0
P000810,C00740,A0013,Home,2023-02-10,2024-02-10,Active,West,2319.47
P000811,C00036,A0049,Home,2025-02-06,2026-02-06,Expired,Midwest,2714.9
P000812,C00798,A0020,Auto,2023-09-14,2024-09-13,Active,South,989.04
P000813,C00075,A0075,Life,2023-03-07,2024-03-06,Active,Midwest,683.79
P000814,C00028,A0067,Commercial,2024-08-05,2025-08-05,Active,South,5297.55
P000815,C00975,A0034,Life,2025-01-26,2026-01-26,Expired,Northeast,670.15
P000816,C00407,A0029,Home,2023-12-04,2024-12-03,Renewed,Northeast,2714.61
P000817,C00767,A0060,Auto,2024-06-05,2025-06-05,Cancelled,West,1834.81
P000818,C00323,A0051,Health,2023-06-13,2024-06-12,Active,South,6277.41
P000819,C00669,A0046,Auto,2023-05-27,2024-05-26,Cancelled,West,1232.86
P000820,C00745,A0013,Commercial,2024-01-31,2025-01-30,Active,West,7124.82
P000821,C00183,A0004,Life,2024-06-29,2025-06-29,Renewed,South,814.88
P000822,C00692,A0059,Health,2023-03-03,2024-03-02,Expired,Midwest,7044.95
P000823,C00346,A0040,Health,2024-07-11,2025-07-11,Active,West,3696.73
P000824,C00727,A0042,Life,2024-07-16,2025-07-16,Expired,Midwest,1247.49
P000825,C00824,A0026,Commercial,2023-05-11,2024-05-10,Active,Midwest,10219.8
P000826,C00199,A0078,Auto,2024-04-20,2025-04-20,Renewed,Northeast,1344.55
P000827,C00745,A0066,Auto,2025-02-20,2026-02-20,Renewed,West,2125.88
P000828,C00599,A0054,Auto,2023-03-11,2024-03-10,Active,West,1271.25
P000829,C00056,A0041,Auto,2024-01-19,2025-01-18,Active,South,886.79
P000830,C00741,A0025,Home,2025-03-17,2026-03-17,Cancelled,West,2969.1
P000831,C00763,A0032,Commercial,2023-11-23,2024-11-22,Renewed,Midwest,5527.53
P000832,C00736,A0022,Home,2025-04-08,2026-04-08,Active,South,2232.65
P000833,C00295,A0053,Life,2025-05-19,2026-05-19,Active,Northeast,1045.87
P000834,C00556,A0059,Auto,2023-08-03,2024-08-02,Active,Midwest,1626.46
P000835,C00939,A0072,Life,2025-06-04,2026-06-04,Active,South,1503.4
P000836,C00065,A0027,Auto,2024-02-26,2025-02-25,Expired,Midwest,1033.01
P000837,C00037,A0056,Life,2023-02-21,2024-02-21,Active,South,1480.74
P000838,C00778,A0005,Home,2024-01-18,2025-01-17,Expired,West,2294.33
P000839,C00514,A0070,Commercial,2024-05-08,2025-05-08,Active,South,7576.67
P000840,C00306,A0011,Home,2023-07-09,2024-07-08,Renewed,South,1312.38
P000841,C00051,A0050,Commercial,2025-04-05,2026-04-05,Active,South,4806.15
P000842,C00996,A0025,Home,2024-08-27,2025-08-27,Active,West,1719.06
P000843,C00104,A0054,Home,2023-01-26,2024-01-26,Renewed,West,3137.18
P000844,C00591,A0032,Commercial,2024-11-20,2025-11-20,Cancelled,Midwest,4960.02
P000845,C00178,A0052,Home,2024-07-22,2025-07-22,Expired,West,1867.05
P000846,C00841,A0001,Home,2024-01-10,2025-01-09,Active,Northeast,3289.41
P000847,C00517,A0009,Auto,2023-08-24,2024-08-23,Renewed,Midwest,1411.0
P000848,C00117,A0042,Home,2024-12-06,2025-12-06,Active,Midwest,1682.15
P000849,C00402,A0049,Auto,2024-02-11,2025-02-10,Active,Midwest,780.38
P000850,C00726,A0020,Auto,2025-02-15,2026-02-15,Renewed,South,1692.45
P000851,C00763,A0028,Home,2024-01-19,2025-01-18,Renewed,Midwest,1987.43
P000852,C00469,A0041,Commercial,2024-02-02,2025-02-01,Active,South,4379.06
P000853,C00891,A0009,Life,2025-04-06,2026-04-06,Active,Midwest,621.41
P000854,C00199,A0029,Commercial,2023-09-24,2024-09-23,Active,Northeast,6735.55
P000855,C00735,A0029,Commercial,2023-06-01,2024-05-31,Active,Northeast,8358.97
P000856,C00206,A0042,Life,2024-08-22,2025-08-22,Renewed,Midwest,979.5
P000857,C00364,A0032,Commercial,2023-08-16,2024-08-15,Active,Midwest,4911.46
P000858,C00178,A0005,Auto,2025-04-06,2026-04-06,Active,West,924.38
P000859,C00575,A0004,Commercial,2024-04-04,2025-04-04,Cancelled,South,6359.47
P000860,C00433,A0015,Life,2024-03-03,2025-03-03,Cancelled,South,626.74
P000861,C00627,A0039,Home,2023-03-29,2024-03-28,Renewed,West,3324.61
P000862,C00616,A0066,Life,2025-02-05,2026-02-05,Expired,West,1306.9
P000863,C00139,A0031,Health,2024-07-04,2025-07-04,Active,South,7228.61
P000864,C00860,A0053,Commercial,2024-06-12,2025-06-12,Active,Northeast,8071.01
P000865,C00283,A0063,Life,2023-01-05,2024-01-05,Active,Northeast,721.5
P000866,C00327,A0019,Home,2025-04-26,2026-04-26,Active,Northeast,2216.0
P000867,C00117,A0028,Auto,2025-05-15,2026-05-15,Active,Midwest,1645.41
P000868,C00113,A0026,Life,2024-11-08,2025-11-08,Expired,Midwest,853.72
P000869,C00123,A0069,Home,2025-01-25,2026-01-25,Active,South,1797.41
P000870,C00867,A0056,Home,2024-12-14,2025-12-14,Expired,South,2058.19
P000871,C00167,A0018,Health,2025-06-14,2026-06-14,Active,West,4479.66
P000872,C00164,A0076,Commercial,2025-03-12,2026-03-12,Renewed,South,10328.38
P000873,C00614,A0004,Life,2023-05-25,2024-05-24,Renewed,South,614.8
P000874,C00017,A0050,Commercial,2024-03-12,2025-03-12,Active,South,8300.17
P000875,C00782,A0053,Commercial,2024-09-29,2025-09-29,Active,Northeast,10504.35
P000876,C00140,A0008,Home,2023-10-26,2024-10-25,Expired,Midwest,1469.02
P000877,C00670,A0062,Auto,2023-01-13,2024-01-13,Active,South,2158.7
P000878,C00731,A0067,Home,2023-11-06,2024-11-05,Active,South,1642.58
P000879,C00578,A0073,Health,2024-02-15,2025-02-14,Active,Northeast,7692.19
P000880,C00119,A0048,Health,2023-05-01,2024-04-30,Active,West,6141.99
P000881,C00116,A0012,Life,2024-04-21,2025-04-21,Renewed,Midwest,1656.17
P000882,C00900,A0048,Life,2024-04-15,2025-04-15,Active,West,1276.99
P000883,C00642,A0069,Commercial,2024-01-10,2025-01-09,Active,South,5410.65
P000884,C00579,A0034,Commercial,2024-08-09,2025-08-09,Active,Northeast,5336.46
P000885,C00682,A0024,Commercial,2023-06-16,2024-06-15,Renewed,South,6067.15
P000886,C00571,A0054,Auto,2023-10-20,2024-10-19,Active,West,1612.33
P000887,C00668,A0051,Health,2025-04-04,2026-04-04,Expired,South,3800.81
P000888,C00381,A0063,Commercial,2023-05-22,2024-05-21,Active,Northeast,6034.51
P000889,C00452,A0052,Health,2025-04-16,2026-04-16,Active,West,6548.58
P000890,C00156,A0064,Home,2023-08-04,2024-08-03,Renewed,Northeast,2610.25
P000891,C00239,A0061,Home,2024-08-03,2025-08-03,Active,South,2365.05
P000892,C00804,A0025,Home,2023-10-23,2024-10-22,Active,West,2523.15
P000893,C00615,A0018,Commercial,2023-12-13,2024-12-12,Active,West,11050.84
P000894,C00373,A0016,Health,2024-09-23,2025-09-23,Active,South,3093.48
P000895,C00214,A0013,Commercial,2024-11-22,2025-11-22,Active,West,5365.55
P000896,C00120,A0071,Auto,2023-08-30,2024-08-29,Active,South,1961.98
P000897,C00628,A0030,Auto,2023-07-13,2024-07-12,Active,West,1537.38
P000898,C00543,A0044,Auto,2023-12-12,2024-12-11,Active,South,1466.25
P000899,C00172,A0004,Life,2023-01-03,2024-01-03,Active,South,590.24
P000900,C00959,A0049,Health,2024-06-13,2025-06-13,Active,Midwest,6670.25
P000901,C00655,A0023,Home,2024-12-03,2025-12-03,Active,Northeast,1606.73
P000902,C00199,A0029,Commercial,2024-01-31,2025-01-30,Active,Northeast,5235.17
P000903,C00746,A0026,Health,2023-06-08,2024-06-07,Cancelled,Midwest,2894.38
P000904,C00104,A0066,Life,2023-08-09,2024-08-08,Renewed,West,947.48
P000905,C00739,A0070,Commercial,2024-05-07,2025-05-07,Cancelled,South,5462.75
P000906,C00080,A0032,Health,2024-09-04,2025-09-04,Expired,Midwest,7430.06
P000907,C00820,A0059,Commercial,2024-06-10,2025-06-10,Active,Midwest,10704.78
P000908,C00246,A0057,Life,2025-01-08,2026-01-08,Expired,Northeast,1007.15
P000909,C00658,A0046,Auto,2024-08-03,2025-08-03,Expired,West,1381.64
P000910,C00356,A0078,Commercial,2024-10-10,2025-10-10,Active,Northeast,4623.39
P000911,C00294,A0016,Home,2024-09-26,2025-09-26,Active,South,2805.49
P000912,C00676,A0046,Commercial,2023-08-08,2024-08-07,Active,West,8512.29
P000913,C00054,A0066,Health,2025-03-27,2026-03-27,Active,West,4328.68
P000914,C00338,A0028,Life,2024-01-22,2025-01-21,Expired,Midwest,1470.59
P000915,C00646,A0079,Health,2024-10-23,2025-10-23,Renewed,Northeast,5927.65
P000916,C00231,A0010,Home,2024-11-17,2025-11-17,Expired,Midwest,2256.73
P000917,C00280,A0020,Auto,2023-10-09,2024-10-08,Active,South,1033.35
P000918,C00084,A0028,Health,2024-11-21,2025-11-21,Renewed,Midwest,3841.15
P000919,C00895,A0075,Home,2025-03-17,2026-03-17,Cancelled,Midwest,2124.53
P000920,C00939,A0069,Health,2024-08-14,2025-08-14,Expired,South,6632.52
P000921,C00495,A0050,Health,2023-04-25,2024-04-24,Active,South,5103.09
P000922,C00601,A0033,Auto,2025-06-29,2026-06-29,Active,Midwest,1888.97
P000923,C00806,A0014,Health,2023-07-09,2024-07-08,Renewed,South,3411.72
P000924,C00967,A0016,Auto,2024-04-25,2025-04-25,Renewed,South,1770.5
P000925,C00606,A0051,Auto,2023-09-15,2024-09-14,Active,South,1638.03
P000926,C00934,A0046,Home,2023-12-22,2024-12-21,Expired,West,2159.37
P000927,C00382,A0002,Home,2025-02-05,2026-02-05,Active,Midwest,3199.02
P000928,C00500,A0012,Commercial,2024-08-10,2025-08-10,Cancelled,Midwest,10486.2
P000929,C00033,A0074,Health,2023-01-11,2024-01-11,Cancelled,South,6249.35
P000930,C00809,A0041,Commercial,2024-02-25,2025-02-24,Active,South,5464.84
P000931,C00142,A0080,Commercial,2023-04-28,2024-04-27,Expired,Midwest,8175.08
P000932,C00135,A0032,Life,2025-06-29,2026-06-29,Renewed,Midwest,1261.62
P000933,C00808,A0047,Auto,2023-02-15,2024-02-15,Expired,South,1953.83
P000934,C00911,A0066,Health,2025-01-01,2026-01-01,Active,West,5701.9
P000935,C00388,A0054,Health,2025-03-05,2026-03-05,Active,West,2857.21
P000936,C00719,A0043,Commercial,2023-11-17,2024-11-16,Renewed,Northeast,4940.3
P000937,C00241,A0002,Commercial,2023-03-30,2024-03-29,Renewed,Midwest,4810.55
P000938,C00634,A0039,Life,2025-06-04,2026-06-04,Active,West,943.46
P000939,C00422,A0009,Health,2024-09-27,2025-09-27,Active,Midwest,6295.71
P000940,C00195,A0051,Life,2024-04-03,2025-04-03,Active,South,1639.46
P000941,C00956,A0074,Health,2023-07-19,2024-07-18,Active,South,4503.01
P000942,C00696,A0060,Health,2023-01-03,2024-01-03,Active,West,5317.47
P000943,C00307,A0054,Commercial,2024-08-19,2025-08-19,Cancelled,West,7648.06
P000944,C00762,A0071,Auto,2024-02-12,2025-02-11,Active,South,1183.07
P000945,C00400,A0014,Home,2024-09-11,2025-09-11,Active,South,1271.76
P000946,C00267,A0032,Commercial,2023-11-15,2024-11-14,Active,Midwest,5737.28
P000947,C00417,A0074,Commercial,2023-10-15,2024-10-14,Active,South,6075.09
P000948,C00197,A0013,Auto,2024-05-09,2025-05-09,Renewed,West,1448.16
P000949,C00151,A0071,Commercial,2025-02-26,2026-02-26,Active,South,6570.71
P000950,C00638,A0030,Life,2023-07-25,2024-07-24,Renewed,West,1001.03
P000951,C00659,A0033,Health,2023-04-18,2024-04-17,Renewed,Midwest,4738.63
P000952,C00836,A0042,Auto,2023-02-12,2024-02-12,Expired,Midwest,1502.57
P000953,C00110,A0067,Health,2025-03-31,2026-03-31,Active,South,4963.87
P000954,C00497,A0059,Home,2023-06-21,2024-06-20,Expired,Midwest,3010.53
P000955,C00076,A0036,Home,2024-09-13,2025-09-13,Active,Northeast,2801.05
P000956,C00244,A0013,Auto,2024-08-29,2025-08-29,Active,West,1047.84
P000957,C00304,A0013,Auto,2024-10-18,2025-10-18,Active,West,2073.08
P000958,C00445,A0047,Health,2025-06-17,2026-06-17,Renewed,South,5226.68
P000959,C00874,A0001,Health,2023-05-27,2024-05-26,Active,Northeast,4838.13
P000960,C00775,A0007,Commercial,2025-06-29,2026-06-29,Expired,South,4634.07
P000961,C00591,A0002,Health,2025-03-23,2026-03-23,Active,Midwest,5521.8
P000962,C00297,A0028,Auto,2024-03-25,2025-03-25,Expired,Midwest,2040.57
P000963,C00638,A0046,Life,2024-01-02,2025-01-01,Active,West,1162.29
P000964,C00477,A0073,Commercial,2023-02-16,2024-02-16,Renewed,Northeast,4595.26
P000965,C00785,A0047,Auto,2024-12-08,2025-12-08,Renewed,South,1006.81
P000966,C00013,A0058,Health,2023-08-24,2024-08-23,Renewed,South,5144.22
P000967,C00785,A0022,Life,2023-09-23,2024-09-22,Renewed,South,1629.59
P000968,C00515,A0003,Life,2024-07-05,2025-07-05,Cancelled,South,1088.86
P000969,C00650,A0007,Home,2024-11-08,2025-11-08,Renewed,South,1959.49
P000970,C00927,A0048,Health,2023-05-12,2024-05-11,Cancelled,West,4341.88
P000971,C00980,A0054,Health,2025-04-13,2026-04-13,Expired,West,3672.41
P000972,C00043,A0047,Health,2024-10-03,2025-10-03,Active,South,6490.65
P000973,C00799,A0011,Home,2024-12-14,2025-12-14,Active,South,1602.04
P000974,C00608,A0017,Auto,2023-10-26,2024-10-25,Active,Northeast,1002.89
P000975,C00053,A0007,Life,2024-05-19,2025-05-19,Active,South,1067.52
P000976,C00367,A0040,Life,2025-01-15,2026-01-15,Active,West,835.27
P000977,C00323,A0056,Home,2024-03-25,2025-03-25,Active,South,1790.21
P000978,C00588,A0049,Health,2023-08-24,2024-08-23,Active,Midwest,5268.0
P000979,C00673,A0029,Health,2023-09-01,2024-08-31,Active,Northeast,6369.0
P000980,C00775,A0035,Commercial,2024-08-17,2025-08-17,Active,South,4352.65
P000981,C00875,A0046,Auto,2025-03-28,2026-03-28,Active,West,1270.73
P000982,C00225,A0064,Life,2025-01-16,2026-01-16,Expired,Northeast,656.47
P000983,C00530,A0020,Commercial,2025-04-28,2026-04-28,Active,South,10338.88
P000984,C00619,A0048,Auto,2025-01-24,2026-01-24,Cancelled,West,1733.98
P000985,C00369,A0025,Home,2025-03-13,2026-03-13,Cancelled,West,2729.33
P000986,C00073,A0072,Commercial,2023-10-12,2024-10-11,Active,South,5351.85
P000987,C00705,A0002,Auto,2024-04-01,2025-04-01,Active,Midwest,1877.96
P000988,C00358,A0015,Commercial,2025-01-13,2026-01-13,Expired,South,6137.09
P000989,C00518,A0043,Life,2023-04-11,2024-04-10,Active,Northeast,1337.5
P000990,C00968,A0074,Commercial,2024-05-24,2025-05-24,Active,South,4773.58
P000991,C00048,A0045,Commercial,2023-09-05,2024-09-04,Renewed,Northeast,5906.72
P000992,C00028,A0037,Life,2025-06-07,2026-06-07,Active,South,1467.74
P000993,C00807,A0058,Commercial,2024-01-01,2024-12-31,Active,South,9876.62
P000994,C00723,A0057,Health,2024-07-16,2025-07-16,Active,Northeast,7369.7
P000995,C00334,A0054,Health,2025-01-06,2026-01-06,Active,West,3859.74
P000996,C00873,A0069,Life,2024-12-24,2025-12-24,Expired,South,1233.25
P000997,C00528,A0006,Auto,2023-05-25,2024-05-24,Renewed,South,1596.45
P000998,C00182,A0018,Auto,2024-11-07,2025-11-07,Active,West,1997.35
P000999,C00306,A0050,Auto,2024-07-20,2025-07-20,Renewed,South,2171.61
P001000,C00326,A0077,Health,2024-04-25,2025-04-25,Expired,Northeast,3216.76
P001001,C00975,A0045,Health,2025-04-26,2026-04-26,Active,Northeast,6842.78
P001002,C00320,A0033,Health,2024-06-24,2025-06-24,Active,Midwest,6919.44
P001003,C00217,A0047,Life,2023-09-27,2024-09-26,Renewed,South,1181.53
P001004,C00312,A0056,Auto,2023-04-03,2024-04-02,Cancelled,South,1711.75
P001005,C00077,A0016,Commercial,2024-12-10,2025-12-10,Active,South,4189.23
P001006,C00108,A0047,Auto,2025-06-09,2026-06-09,Active,South,1379.74
P001007,C00027,A0008,Health,2024-06-20,2025-06-20,Active,Midwest,4452.39
P001008,C00674,A0064,Auto,2023-11-27,2024-11-26,Active,Northeast,1674.66
P001009,C00001,A0058,Health,2024-10-19,2025-10-19,Active,South,6282.76
P001010,C00732,A0001,Auto,2023-12-20,2024-12-19,Renewed,Northeast,1583.15
P001011,C00405,A0031,Commercial,2023-08-17,2024-08-16,Renewed,South,7820.67
P001012,C00282,A0025,Life,2023-11-02,2024-11-01,Active,West,594.47
P001013,C00499,A0025,Auto,2024-06-04,2025-06-04,Renewed,West,1384.56
P001014,C00037,A0016,Commercial,2025-06-09,2026-06-09,Cancelled,South,10343.31
P001015,C00301,A0030,Auto,2024-12-02,2025-12-02,Renewed,West,1748.26
P001016,C00126,A0039,Commercial,2024-05-06,2025-05-06,Active,West,10755.91
P001017,C00382,A0026,Health,2024-06-17,2025-06-17,Active,Midwest,2980.21
P001018,C00241,A0059,Health,2024-09-27,2025-09-27,Expired,Midwest,6815.07
P001019,C00408,A0054,Life,2023-08-25,2024-08-24,Renewed,West,924.96
P001020,C00648,A0074,Home,2023-03-24,2024-03-23,Active,South,1916.02
P001021,C00032,A0028,Auto,2023-11-14,2024-11-13,Renewed,Midwest,2035.8
P001022,C00536,A0005,Auto,2023-11-26,2024-11-25,Active,West,1069.65
P001023,C00975,A0029,Life,2025-06-14,2026-06-14,Active,Northeast,654.77
P001024,C00337,A0066,Commercial,2024-08-02,2025-08-02,Active,West,9183.22
P001025,C00577,A0003,Auto,2024-03-20,2025-03-20,Active,South,922.31
P001026,C00294,A0061,Auto,2024-07-10,2025-07-10,Cancelled,South,2090.58
P001027,C00734,A0062,Life,2023-01-18,2024-01-18,Cancelled,South,606.35
P001028,C00184,A0026,Auto,2023-12-02,2024-12-01,Active,Midwest,809.37
P001029,C00209,A0060,Home,2024-06-12,2025-06-12,Active,West,1468.78
P001030,C00415,A0062,Commercial,2025-03-08,2026-03-08,Active,South,10809.74
P001031,C00334,A0052,Auto,2024-05-15,2025-05-15,Renewed,West,2209.67
P001032,C00459,A0048,Home,2024-12-18,2025-12-18,Active,West,1525.94
P001033,C00353,A0053,Home,2023-08-23,2024-08-22,Expired,Northeast,1992.98
P001034,C00462,A0051,Life,2025-03-07,2026-03-07,Active,South,1367.3
P001035,C00516,A0020,Life,2023-04-25,2024-04-24,Active,South,1254.57
P001036,C00053,A0003,Home,2024-06-13,2025-06-13,Renewed,South,2199.74
P001037,C00421,A0054,Commercial,2024-10-30,2025-10-30,Renewed,West,9828.04
P001038,C00720,A0063,Health,2023-06-16,2024-06-15,Active,Northeast,5811.31
P001039,C00301,A0039,Home,2024-07-28,2025-07-28,Active,West,1950.96
P001040,C00311,A0069,Health,2023-11-20,2024-11-19,Active,South,7085.23
P001041,C00157,A0057,Auto,2023-05-18,2024-05-17,Renewed,Northeast,1396.29
P001042,C00932,A0038,Home,2024-01-09,2025-01-08,Cancelled,South,3099.27
P001043,C00678,A0038,Home,2023-05-09,2024-05-08,Active,South,2871.05
P001044,C00880,A0037,Life,2024-10-17,2025-10-17,Active,South,683.51
P001045,C00982,A0020,Commercial,2025-03-18,2026-03-18,Renewed,South,11010.54
P001046,C00346,A0060,Commercial,2023-05-26,2024-05-25,Active,West,8503.01
P001047,C00863,A0029,Life,2023-02-28,2024-02-28,Active,Northeast,1332.0
P001048,C00100,A0013,Health,2024-09-27,2025-09-27,Expired,West,3096.13
P001049,C00051,A0056,Health,2025-06-08,2026-06-08,Expired,South,6233.24
P001050,C00888,A0056,Auto,2023-09-29,2024-09-28,Cancelled,South,1338.46
P001051,C00319,A0057,Commercial,2023-02-24,2024-02-24,Cancelled,Northeast,5131.7
P001052,C00751,A0004,Home,2024-05-13,2025-05-13,Active,South,2859.48
P001053,C00680,A0056,Commercial,2024-03-21,2025-03-21,Active,South,7023.22
P001054,C00743,A0066,Life,2023-11-28,2024-11-27,Active,West,707.88
P001055,C00978,A0040,Life,2025-05-16,2026-05-16,Expired,West,1141.25
P001056,C00771,A0046,Home,2024-01-02,2025-01-01,Active,West,2565.27
P001057,C00509,A0053,Health,2025-03-30,2026-03-30,Renewed,Northeast,5437.56
P001058,C00705,A0009,Auto,2023-10-18,2024-10-17,Active,Midwest,945.69
P001059,C00833,A0021,Auto,2025-06-07,2026-06-07,Renewed,South,1604.53
P001060,C00476,A0042,Commercial,2025-01-08,2026-01-08,Active,Midwest,10729.45
P001061,C00387,A0061,Home,2024-06-25,2025-06-25,Expired,South,2306.74
P001062,C00597,A0069,Commercial,2024-02-18,2025-02-17,Active,South,8478.36
P001063,C00148,A0006,Home,2023-10-14,2024-10-13,Active,South,2066.91
P001064,C00207,A0070,Life,2023-07-20,2024-07-19,Renewed,South,921.1
P001065,C00680,A0062,Commercial,2024-05-06,2025-05-06,Active,South,9036.42
P001066,C00854,A0059,Home,2023-10-27,2024-10-26,Expired,Midwest,2497.88
P001067,C00981,A0057,Health,2024-07-03,2025-07-03,Renewed,Northeast,3687.86
P001068,C00468,A0007,Auto,2023-12-11,2024-12-10,Active,South,1456.33
P001069,C00850,A0005,Health,2024-09-01,2025-09-01,Active,West,4605.03
P001070,C00687,A0069,Life,2024-09-22,2025-09-22,Expired,South,966.97
P001071,C00642,A0058,Health,2023-03-18,2024-03-17,Renewed,South,7244.58
P001072,C00168,A0052,Auto,2025-06-25,2026-06-25,Expired,West,1410.28
P001073,C00946,A0057,Health,2025-01-29,2026-01-29,Renewed,Northeast,4119.33
P001074,C00958,A0044,Health,2024-07-11,2025-07-11,Active,South,7286.78
P001075,C00177,A0063,Life,2023-11-09,2024-11-08,Active,Northeast,1056.89
P001076,C00951,A0004,Life,2024-01-25,2025-01-24,Renewed,South,1190.87
P001077,C00398,A0002,Health,2024-10-04,2025-10-04,Active,Midwest,6792.69
P001078,C00213,A0052,Home,2024-11-12,2025-11-12,Renewed,West,2797.83
P001079,C00403,A0050,Life,2024-09-03,2025-09-03,Active,South,725.37
P001080,C00185,A0057,Commercial,2023-12-01,2024-11-30,Active,Northeast,10624.46
P001081,C00342,A0012,Health,2023-09-20,2024-09-19,Renewed,Midwest,5282.51
P001082,C00950,A0044,Auto,2025-03-30,2026-03-30,Active,South,1544.46
P001083,C00277,A0048,Home,2025-03-23,2026-03-23,Expired,West,3064.68
P001084,C00234,A0033,Life,2024-12-16,2025-12-16,Renewed,Midwest,1470.82
P001085,C00316,A0009,Commercial,2024-06-25,2025-06-25,Expired,Midwest,4340.86
P001086,C00334,A0005,Auto,2023-12-12,2024-12-11,Active,West,1382.65
P001087,C00899,A0009,Auto,2025-04-15,2026-04-15,Active,Midwest,2124.42
P001088,C00491,A0054,Life,2023-11-14,2024-11-13,Active,West,1640.98
P001089,C00523,A0023,Home,2023-01-03,2024-01-03,Active,Northeast,1726.89
P001090,C00534,A0076,Auto,2023-10-31,2024-10-30,Renewed,South,1342.62
P001091,C00955,A0068,Auto,2025-03-14,2026-03-14,Cancelled,Northeast,1882.37
P001092,C00175,A0012,Life,2025-01-22,2026-01-22,Expired,Midwest,1521.98
P001093,C00213,A0039,Auto,2024-07-12,2025-07-12,Active,West,1528.49
P001094,C00669,A0048,Health,2024-04-09,2025-04-09,Renewed,West,6181.71
P001095,C00444,A0005,Home,2023-08-24,2024-08-23,Expired,West,1480.85
P001096,C00719,A0043,Auto,2023-08-16,2024-08-15,Active,Northeast,1166.91
P001097,C00138,A0076,Auto,2023-09-09,2024-09-08,Renewed,South,837.58
P001098,C00267,A0042,Life,2024-03-19,2025-03-19,Renewed,Midwest,797.96
P001099,C00010,A0040,Health,2025-03-15,2026-03-15,Active,West,3962.62
P001100,C00863,A0063,Health,2024-07-28,2025-07-28,Expired,Northeast,6141.44
P001101,C00032,A0027,Commercial,2023-09-16,2024-09-15,Active,Midwest,4281.39
P001102,C00854,A0075,Commercial,2024-07-21,2025-07-21,Active,Midwest,4876.46
P001103,C00763,A0008,Home,2024-08-29,2025-08-29,Active,Midwest,2991.86
P001104,C00407,A0001,Life,2025-02-13,2026-02-13,Expired,Northeast,917.91
P001105,C00065,A0012,Home,2023-06-27,2024-06-26,Expired,Midwest,2853.94
P001106,C00216,A0006,Home,2025-06-13,2026-06-13,Active,South,1427.75
P001107,C00515,A0037,Auto,2025-05-27,2026-05-27,Expired,South,811.65
P001108,C00445,A0015,Commercial,2023-10-14,2024-10-13,Renewed,South,6216.4
P001109,C00591,A0075,Commercial,2023-02-08,2024-02-08,Expired,Midwest,6210.69
P001110,C00270,A0027,Health,2025-01-18,2026-01-18,Active,Midwest,4836.55
P001111,C00623,A0002,Commercial,2025-06-25,2026-06-25,Active,Midwest,6701.19
P001112,C00628,A0013,Life,2024-02-26,2025-02-25,Cancelled,West,663.71
P001113,C00987,A0079,Auto,2023-03-13,2024-03-12,Active,Northeast,1626.19
P001114,C00626,A0080,Commercial,2024-04-08,2025-04-08,Renewed,Midwest,5280.69
P001115,C00965,A0066,Life,2023-02-17,2024-02-17,Active,West,1661.78
P001116,C00270,A0002,Commercial,2024-02-25,2025-02-24,Active,Midwest,10331.77
P001117,C00414,A0078,Commercial,2024-04-17,2025-04-17,Renewed,Northeast,10609.27
P001118,C00001,A0051,Auto,2024-02-21,2025-02-20,Renewed,South,1523.24
P001119,C00180,A0053,Health,2024-02-21,2025-02-20,Active,Northeast,7176.2
P001120,C00457,A0060,Health,2025-01-23,2026-01-23,Cancelled,West,3897.7
P001121,C00919,A0013,Home,2024-11-04,2025-11-04,Expired,West,1721.18
P001122,C00461,A0012,Commercial,2025-03-22,2026-03-22,Renewed,Midwest,7187.92
P001123,C00424,A0011,Commercial,2025-02-15,2026-02-15,Renewed,South,6714.64
P001124,C00476,A0059,Home,2025-01-09,2026-01-09,Active,Midwest,2829.54
P001125,C00849,A0052,Commercial,2023-05-04,2024-05-03,Renewed,West,5808.06
P001126,C00151,A0070,Auto,2024-11-11,2025-11-11,Cancelled,South,961.63
P001127,C00171,A0072,Life,2024-07-04,2025-07-04,Active,South,1047.19
P001128,C00395,A0074,Life,2023-10-28,2024-10-27,Expired,South,1518.98
P001129,C00302,A0068,Home,2024-03-21,2025-03-21,Expired,Northeast,2121.55
P001130,C00965,A0048,Home,2025-03-30,2026-03-30,Expired,West,3217.78
P001131,C00979,A0072,Home,2023-10-06,2024-10-05,Active,South,2648.23
P001132,C00903,A0059,Auto,2023-11-30,2024-11-29,Renewed,Midwest,1346.76
P001133,C00101,A0061,Commercial,2025-03-01,2026-03-01,Cancelled,South,10916.56
P001134,C00615,A0039,Home,2023-04-22,2024-04-21,Active,West,2816.58
P001135,C00791,A0068,Auto,2023-10-21,2024-10-20,Active,Northeast,1783.03
P001136,C00116,A0009,Auto,2024-10-31,2025-10-31,Renewed,Midwest,1113.84
P001137,C00783,A0001,Life,2023-03-13,2024-03-12,Active,Northeast,887.71
P001138,C00708,A0055,Commercial,2024-12-16,2025-12-16,Cancelled,Northeast,9837.51
P001139,C00735,A0068,Auto,2023-01-04,2024-01-04,Active,Northeast,1707.14
P001140,C00859,A0017,Commercial,2023-09-07,2024-09-06,Cancelled,Northeast,5096.39
P001141,C00632,A0044,Life,2023-04-11,2024-04-10,Renewed,South,1489.92
P001142,C00819,A0042,Health,2024-05-14,2025-05-14,Cancelled,Midwest,7364.71
P001143,C00744,A0067,Commercial,2023-09-09,2024-09-08,Active,South,10186.58
P001144,C00642,A0003,Home,2023-11-30,2024-11-29,Active,South,2231.0
P001145,C00020,A0075,Commercial,2023-01-22,2024-01-22,Active,Midwest,4225.46
P001146,C00677,A0035,Commercial,2023-05-31,2024-05-30,Active,South,10250.32
P001147,C00259,A0062,Home,2023-06-15,2024-06-14,Active,South,1658.55
P001148,C00536,A0013,Home,2024-07-05,2025-07-05,Cancelled,West,3133.46
P001149,C00012,A0024,Health,2024-12-13,2025-12-13,Active,South,7449.26
P001150,C00050,A0018,Life,2023-11-27,2024-11-26,Expired,West,1164.12
P001151,C00944,A0051,Health,2025-04-23,2026-04-23,Renewed,South,6106.31
P001152,C00332,A0033,Auto,2023-12-03,2024-12-02,Expired,Midwest,2154.24
P001153,C00629,A0023,Home,2025-03-18,2026-03-18,Renewed,Northeast,1799.05
P001154,C00815,A0024,Health,2025-05-27,2026-05-27,Expired,South,6269.8
P001155,C00011,A0027,Life,2023-12-05,2024-12-04,Renewed,Midwest,966.81
P001156,C00584,A0031,Health,2023-06-20,2024-06-19,Cancelled,South,4866.16
P001157,C00952,A0055,Commercial,2025-01-21,2026-01-21,Active,Northeast,7980.99
P001158,C00550,A0044,Home,2023-08-11,2024-08-10,Renewed,South,3133.08
P001159,C00221,A0013,Home,2023-08-25,2024-08-24,Expired,West,2253.78
P001160,C00255,A0057,Life,2024-06-02,2025-06-02,Active,Northeast,857.6
P001161,C00380,A0075,Life,2023-07-13,2024-07-12,Active,Midwest,1339.34
P001162,C00011,A0002,Commercial,2023-08-06,2024-08-05,Renewed,Midwest,8936.67
P001163,C00795,A0035,Health,2023-07-14,2024-07-13,Active,South,4959.81
P001164,C00895,A0032,Auto,2023-09-13,2024-09-12,Expired,Midwest,1472.42
P001165,C00115,A0033,Home,2023-03-07,2024-03-06,Active,Midwest,1514.68
P001166,C00822,A0036,Life,2023-03-15,2024-03-14,Active,Northeast,1459.39
P001167,C00806,A0031,Commercial,2025-02-18,2026-02-18,Renewed,South,10125.49
P001168,C00699,A0052,Home,2024-03-19,2025-03-19,Active,West,1525.89
P001169,C00333,A0028,Life,2024-11-21,2025-11-21,Cancelled,Midwest,1257.37
P001170,C00200,A0008,Commercial,2024-12-14,2025-12-14,Cancelled,Midwest,10038.48
P001171,C00651,A0071,Life,2023-04-27,2024-04-26,Active,South,1013.94
P001172,C00045,A0008,Life,2024-03-26,2025-03-26,Active,Midwest,1425.52
P001173,C00136,A0012,Health,2023-11-20,2024-11-19,Active,Midwest,7168.61
P001174,C00827,A0040,Commercial,2023-09-10,2024-09-09,Active,West,10528.95
P001175,C00397,A0006,Life,2023-10-12,2024-10-11,Renewed,South,1620.35
P001176,C00327,A0023,Health,2024-02-16,2025-02-15,Active,Northeast,3391.17
P001177,C00517,A0059,Life,2024-11-29,2025-11-29,Active,Midwest,1277.7
P001178,C00237,A0042,Home,2023-06-28,2024-06-27,Active,Midwest,3180.35
P001179,C00745,A0054,Health,2025-06-25,2026-06-25,Cancelled,West,5383.99
P001180,C00139,A0007,Health,2023-10-11,2024-10-10,Renewed,South,6909.82
P001181,C00387,A0041,Health,2025-04-24,2026-04-24,Cancelled,South,5043.85
P001182,C00946,A0001,Health,2024-12-30,2025-12-30,Active,Northeast,5675.61
P001183,C00933,A0028,Commercial,2025-06-08,2026-06-08,Active,Midwest,7719.09
P001184,C00033,A0067,Life,2023-06-30,2024-06-29,Renewed,South,974.42
P001185,C00145,A0021,Home,2023-04-10,2024-04-09,Cancelled,South,2761.31
P001186,C00368,A0042,Health,2023-03-07,2024-03-06,Active,Midwest,7076.25
P001187,C00209,A0040,Auto,2024-11-19,2025-11-19,Active,West,1473.89
P001188,C00529,A0048,Home,2023-05-13,2024-05-12,Expired,West,2242.78
P001189,C00449,A0069,Home,2023-12-24,2024-12-23,Active,South,3172.75
P001190,C00630,A0054,Commercial,2024-07-21,2025-07-21,Cancelled,West,8463.92
P001191,C00986,A0014,Home,2024-12-08,2025-12-08,Expired,South,1935.16
P001192,C00794,A0023,Life,2025-01-22,2026-01-22,Active,Northeast,1027.56
P001193,C00288,A0071,Auto,2023-09-02,2024-09-01,Renewed,South,1994.35
P001194,C00254,A0028,Health,2024-08-16,2025-08-16,Active,Midwest,2974.83
P001195,C00094,A0065,Commercial,2024-04-09,2025-04-09,Renewed,South,5477.75
P001196,C00708,A0043,Life,2023-11-06,2024-11-05,Renewed,Northeast,1325.56
P001197,C00179,A0040,Auto,2024-03-21,2025-03-21,Renewed,West,2203.2
P001198,C00549,A0021,Auto,2024-10-28,2025-10-28,Active,South,1520.25
P001199,C00151,A0031,Life,2023-04-01,2024-03-31,Active,South,909.66
P001200,C00138,A0003,Life,2023-01-25,2024-01-25,Expired,South,1208.9
P001201,C00647,A0048,Life,2023-09-21,2024-09-20,Active,West,1472.99
P001202,C00523,A0077,Commercial,2024-01-29,2025-01-28,Active,Northeast,8512.59
P001203,C00482,A0032,Home,2024-09-28,2025-09-28,Renewed,Midwest,1179.18
P001204,C00902,A0015,Home,2023-05-28,2024-05-27,Renewed,South,2547.01
P001205,C00280,A0031,Health,2024-06-13,2025-06-13,Active,South,7619.65
P001206,C00676,A0046,Home,2025-05-14,2026-05-14,Renewed,West,1884.42
P001207,C00812,A0040,Auto,2023-06-17,2024-06-16,Active,West,852.32
P001208,C00620,A0046,Auto,2024-06-27,2025-06-27,Active,West,1748.99
P001209,C00625,A0063,Commercial,2023-10-01,2024-09-30,Active,Northeast,5520.41
P001210,C00174,A0064,Commercial,2024-09-01,2025-09-01,Active,Northeast,4163.37
P001211,C00184,A0080,Health,2025-06-13,2026-06-13,Renewed,Midwest,5139.55
P001212,C00121,A0012,Life,2024-09-10,2025-09-10,Active,Midwest,1380.09
P001213,C00121,A0009,Auto,2024-03-16,2025-03-16,Renewed,Midwest,1860.67
P001214,C00885,A0023,Health,2025-05-31,2026-05-31,Expired,Northeast,4217.69
P001215,C00980,A0030,Auto,2024-02-20,2025-02-19,Active,West,1951.83
P001216,C00807,A0041,Health,2023-02-03,2024-02-03,Cancelled,South,5560.49
P001217,C00128,A0061,Home,2025-04-03,2026-04-03,Expired,South,2942.85
P001218,C00196,A0026,Auto,2024-07-23,2025-07-23,Active,Midwest,1112.27
P001219,C00322,A0006,Home,2024-01-13,2025-01-12,Expired,South,3094.4
P001220,C00105,A0028,Commercial,2025-01-10,2026-01-10,Active,Midwest,6287.31
P001221,C00758,A0042,Home,2024-09-07,2025-09-07,Active,Midwest,1848.79
P001222,C00145,A0006,Life,2024-03-25,2025-03-25,Active,South,885.81
P001223,C00939,A0061,Life,2023-10-25,2024-10-24,Renewed,South,632.94
P001224,C00260,A0051,Auto,2024-05-13,2025-05-13,Cancelled,South,1708.09
P001225,C00044,A0006,Life,2025-01-19,2026-01-19,Cancelled,South,1029.54
P001226,C00239,A0062,Commercial,2024-03-13,2025-03-13,Active,South,7163.46
P001227,C00914,A0080,Home,2024-12-20,2025-12-20,Active,Midwest,2535.53
P001228,C00484,A0045,Home,2023-11-15,2024-11-14,Expired,Northeast,2838.61
P001229,C00942,A0054,Commercial,2025-06-17,2026-06-17,Active,West,5571.23
P001230,C00934,A0052,Commercial,2024-02-27,2025-02-26,Cancelled,West,8441.69
P001231,C00644,A0056,Auto,2023-04-28,2024-04-27,Active,South,787.45
P001232,C00074,A0062,Commercial,2024-08-26,2025-08-26,Active,South,8421.94
P001233,C00401,A0016,Commercial,2023-11-09,2024-11-08,Active,South,7511.28
P001234,C00739,A0024,Commercial,2025-04-11,2026-04-11,Active,South,9355.79
P001235,C00985,A0028,Home,2024-10-17,2025-10-17,Active,Midwest,1747.0
P001236,C00186,A0004,Health,2023-07-27,2024-07-26,Active,South,3810.54
P001237,C00081,A0055,Commercial,2024-12-26,2025-12-26,Active,Northeast,10529.47
P001238,C00328,A0073,Health,2025-03-19,2026-03-19,Active,Northeast,5243.41
P001239,C00863,A0043,Home,2025-04-13,2026-04-13,Active,Northeast,1705.73
P001240,C00531,A0059,Health,2023-05-05,2024-05-04,Active,Midwest,5688.78
P001241,C00834,A0060,Auto,2023-08-17,2024-08-16,Active,West,2022.01
P001242,C00214,A0013,Life,2024-03-30,2025-03-30,Active,West,669.97
P001243,C00161,A0042,Health,2024-09-16,2025-09-16,Renewed,Midwest,5261.46
P001244,C00790,A0057,Commercial,2024-04-27,2025-04-27,Renewed,Northeast,8886.69
P001245,C00910,A0029,Life,2023-11-04,2024-11-03,Active,Northeast,744.12
P001246,C00389,A0023,Life,2024-12-24,2025-12-24,Active,Northeast,1399.92
P001247,C00588,A0059,Health,2023-11-20,2024-11-19,Active,Midwest,6891.5
P001248,C00221,A0025,Life,2025-03-23,2026-03-23,Active,West,1160.93
P001249,C00189,A0020,Health,2024-06-26,2025-06-26,Cancelled,South,5595.62
P001250,C00497,A0059,Commercial,2024-01-28,2025-01-27,Expired,Midwest,11096.92
P001251,C00020,A0010,Commercial,2023-08-17,2024-08-16,Active,Midwest,8917.65
P001252,C00200,A0059,Auto,2024-01-23,2025-01-22,Expired,Midwest,1300.68
P001253,C00276,A0037,Home,2024-01-02,2025-01-01,Renewed,South,2936.35
P001254,C00742,A0030,Home,2023-01-31,2024-01-31,Active,West,1267.26
P001255,C00689,A0030,Health,2023-11-29,2024-11-28,Active,West,3679.39
P001256,C00514,A0056,Health,2024-09-27,2025-09-27,Active,South,6745.25
P001257,C00753,A0030,Home,2024-06-26,2025-06-26,Renewed,West,1641.26
P001258,C00880,A0007,Life,2023-07-27,2024-07-26,Active,South,1407.25
P001259,C00765,A0062,Life,2023-06-23,2024-06-22,Active,South,674.93
P001260,C00472,A0035,Health,2023-11-11,2024-11-10,Active,South,6298.72
P001261,C00553,A0027,Home,2023-04-01,2024-03-31,Renewed,Midwest,2471.57
P001262,C00087,A0007,Health,2023-10-31,2024-10-30,Cancelled,South,5699.44
P001263,C00874,A0017,Auto,2023-05-18,2024-05-17,Active,Northeast,1561.85
P001264,C00432,A0021,Auto,2024-10-31,2025-10-31,Renewed,South,2144.14
P001265,C00688,A0023,Health,2023-10-01,2024-09-30,Cancelled,Northeast,4525.32
P001266,C00706,A0063,Home,2024-12-28,2025-12-28,Active,Northeast,3011.88
P001267,C00989,A0014,Auto,2023-06-05,2024-06-04,Active,South,1295.91
P001268,C00683,A0010,Health,2023-07-18,2024-07-17,Active,Midwest,3021.16
P001269,C00208,A0023,Life,2025-05-07,2026-05-07,Renewed,Northeast,958.12
P001270,C00878,A0017,Auto,2024-09-16,2025-09-16,Active,Northeast,1381.1
P001271,C00272,A0007,Commercial,2025-02-18,2026-02-18,Expired,South,4495.47
P001272,C00026,A0039,Auto,2024-08-28,2025-08-28,Renewed,West,1551.33
P001273,C00241,A0002,Home,2023-09-11,2024-09-10,Expired,Midwest,1584.99
P001274,C00820,A0009,Commercial,2023-12-26,2024-12-25,Active,Midwest,5935.7
P001275,C00771,A0054,Health,2024-06-16,2025-06-16,Renewed,West,4436.33
P001276,C00513,A0039,Health,2023-06-19,2024-06-18,Expired,West,3639.08
P001277,C00592,A0010,Commercial,2024-05-18,2025-05-18,Active,Midwest,5288.8
P001278,C00624,A0043,Auto,2023-12-10,2024-12-09,Expired,Northeast,1779.04
P001279,C00212,A0045,Auto,2023-10-22,2024-10-21,Renewed,Northeast,2154.98
P001280,C00167,A0040,Home,2023-03-30,2024-03-29,Active,West,2167.41
P001281,C00322,A0038,Health,2023-03-07,2024-03-06,Active,South,3590.59
P001282,C00143,A0002,Auto,2024-11-17,2025-11-17,Renewed,Midwest,1050.79
P001283,C00545,A0046,Health,2024-01-25,2025-01-24,Active,West,4508.24
P001284,C00583,A0079,Auto,2023-12-08,2024-12-07,Active,Northeast,1810.87
P001285,C00810,A0044,Life,2025-03-18,2026-03-18,Renewed,South,1467.71
P001286,C00440,A0010,Commercial,2024-02-15,2025-02-14,Active,Midwest,7109.82
P001287,C00378,A0018,Home,2023-05-07,2024-05-06,Expired,West,1611.4
P001288,C00508,A0017,Commercial,2025-04-10,2026-04-10,Active,Northeast,5931.81
P001289,C00770,A0062,Health,2023-04-07,2024-04-06,Active,South,3711.27
P001290,C00565,A0052,Home,2023-02-10,2024-02-10,Active,West,2672.28
P001291,C00778,A0046,Auto,2023-12-04,2024-12-03,Expired,West,861.47
P001292,C00312,A0035,Life,2024-10-29,2025-10-29,Cancelled,South,647.95
P001293,C00463,A0002,Life,2025-01-10,2026-01-10,Renewed,Midwest,621.19
P001294,C00603,A0046,Health,2024-10-26,2025-10-26,Active,West,6996.89
P001295,C00946,A0045,Home,2023-02-21,2024-02-21,Renewed,Northeast,2678.08
P001296,C00776,A0007,Home,2023-04-24,2024-04-23,Active,South,2732.92
P001297,C00127,A0022,Life,2023-11-02,2024-11-01,Active,South,1285.87
P001298,C00262,A0005,Life,2023-07-17,2024-07-16,Expired,West,967.36
P001299,C00590,A0016,Life,2023-03-24,2024-03-23,Renewed,South,614.45
P001300,C00029,A0042,Life,2024-03-02,2025-03-02,Active,Midwest,937.25
P001301,C00720,A0055,Home,2024-11-06,2025-11-06,Renewed,Northeast,2782.67
P001302,C00322,A0072,Commercial,2025-06-21,2026-06-21,Cancelled,South,10049.3
P001303,C00148,A0070,Health,2024-05-05,2025-05-05,Active,South,5275.19
P001304,C00343,A0032,Commercial,2023-08-20,2024-08-19,Expired,Midwest,6368.97
P001305,C00401,A0014,Home,2024-05-18,2025-05-18,Active,South,1667.91
P001306,C00285,A0072,Health,2023-01-14,2024-01-14,Active,South,6817.7
P001307,C00273,A0061,Health,2023-08-18,2024-08-17,Expired,South,4758.99
P001308,C00562,A0035,Home,2023-05-31,2024-05-30,Active,South,2160.48
P001309,C00806,A0031,Health,2023-10-20,2024-10-19,Active,South,4334.72
P001310,C00101,A0065,Health,2024-08-10,2025-08-10,Renewed,South,7475.7
P001311,C00418,A0044,Health,2024-09-12,2025-09-12,Active,South,3159.23
P001312,C00928,A0021,Home,2024-10-10,2025-10-10,Expired,South,2767.99
P001313,C00084,A0010,Health,2023-03-20,2024-03-19,Expired,Midwest,3605.83
P001314,C00806,A0016,Commercial,2025-02-16,2026-02-16,Active,South,4786.77
P001315,C00772,A0069,Home,2023-04-28,2024-04-27,Active,South,3105.05
P001316,C00976,A0010,Commercial,2024-09-16,2025-09-16,Active,Midwest,7654.62
P001317,C00235,A0051,Life,2024-03-28,2025-03-28,Active,South,1392.31
P001318,C00341,A0060,Life,2023-10-25,2024-10-24,Expired,West,1100.95
P001319,C00067,A0069,Commercial,2024-07-14,2025-07-14,Renewed,South,8456.36
P001320,C00468,A0071,Auto,2023-01-03,2024-01-03,Active,South,1159.39
P001321,C00342,A0002,Home,2025-06-28,2026-06-28,Renewed,Midwest,2377.83
P001322,C00649,A0032,Auto,2023-11-24,2024-11-23,Active,Midwest,1548.86
P001323,C00113,A0075,Auto,2024-08-29,2025-08-29,Active,Midwest,1903.73
P001324,C00511,A0058,Auto,2024-09-04,2025-09-04,Active,South,1192.43
P001325,C00592,A0012,Health,2025-02-25,2026-02-25,Renewed,Midwest,4880.1
P001326,C00203,A0069,Life,2025-04-05,2026-04-05,Active,South,1293.97
P001327,C00770,A0024,Commercial,2025-05-11,2026-05-11,Expired,South,7272.36
P001328,C00201,A0008,Auto,2024-12-25,2025-12-25,Active,Midwest,1656.9
P001329,C00633,A0065,Life,2023-10-30,2024-10-29,Active,South,994.31
P001330,C00193,A0023,Home,2023-07-03,2024-07-02,Renewed,Northeast,2221.21
P001331,C00856,A0035,Life,2024-09-20,2025-09-20,Cancelled,South,1276.11
P001332,C00932,A0016,Life,2024-04-03,2025-04-03,Active,South,1195.67
P001333,C00840,A0080,Commercial,2025-05-08,2026-05-08,Active,Midwest,5803.95
P001334,C00084,A0026,Commercial,2024-06-01,2025-06-01,Active,Midwest,5422.81
P001335,C00708,A0077,Commercial,2024-06-19,2025-06-19,Active,Northeast,10009.38
P001336,C00940,A0014,Commercial,2025-02-25,2026-02-25,Active,South,9201.38
P001337,C00319,A0077,Auto,2024-11-15,2025-11-15,Expired,Northeast,1869.21
P001338,C00551,A0076,Auto,2023-07-22,2024-07-21,Expired,South,1790.38
P001339,C00501,A0041,Health,2023-04-05,2024-04-04,Renewed,South,6158.59
P001340,C00549,A0061,Health,2023-04-04,2024-04-03,Active,South,4659.18
P001341,C00489,A0039,Auto,2023-03-28,2024-03-27,Active,West,1968.34
P001342,C00620,A0046,Commercial,2023-10-03,2024-10-02,Cancelled,West,7991.05
P001343,C00749,A0074,Health,2024-06-29,2025-06-29,Active,South,5514.95
P001344,C00453,A0001,Life,2023-10-07,2024-10-06,Renewed,Northeast,1609.04
P001345,C00054,A0052,Home,2025-03-09,2026-03-09,Active,West,2596.22
P001346,C00435,A0017,Health,2024-10-12,2025-10-12,Active,Northeast,5695.36
P001347,C00688,A0077,Auto,2023-03-02,2024-03-01,Renewed,Northeast,893.81
P001348,C00557,A0061,Health,2023-09-27,2024-09-26,Active,South,6098.07
P001349,C00932,A0069,Auto,2023-12-30,2024-12-29,Expired,South,1664.39
P001350,C00649,A0033,Commercial,2024-06-21,2025-06-21,Renewed,Midwest,4190.47
P001351,C00809,A0067,Commercial,2023-08-21,2024-08-20,Active,South,4476.52
P001352,C00229,A0045,Commercial,2023-02-26,2024-02-26,Cancelled,Northeast,11017.54
P001353,C00587,A0058,Life,2025-04-30,2026-04-30,Renewed,South,1177.02
P001354,C00268,A0051,Health,2024-04-09,2025-04-09,Active,South,7526.61
P001355,C00124,A0048,Auto,2025-01-26,2026-01-26,Renewed,West,1499.84
P001356,C00165,A0017,Auto,2025-01-27,2026-01-27,Renewed,Northeast,2137.33
P001357,C00527,A0070,Life,2024-10-20,2025-10-20,Active,South,1545.01
P001358,C00387,A0035,Health,2024-05-25,2025-05-25,Renewed,South,6457.8
P001359,C00424,A0016,Life,2025-02-01,2026-02-01,Active,South,1125.79
P001360,C00087,A0062,Life,2025-03-07,2026-03-07,Cancelled,South,1288.16
P001361,C00633,A0015,Life,2024-03-09,2025-03-09,Active,South,1055.68
P001362,C00871,A0037,Health,2024-01-07,2025-01-06,Active,South,5502.19
P001363,C00467,A0039,Health,2025-01-15,2026-01-15,Active,West,6970.96
P001364,C00621,A0079,Home,2023-07-02,2024-07-01,Active,Northeast,1538.85
P001365,C00488,A0018,Commercial,2023-04-02,2024-04-01,Renewed,West,10946.22
P001366,C00923,A0017,Commercial,2024-05-03,2025-05-03,Active,Northeast,6324.41
P001367,C00326,A0073,Home,2024-06-03,2025-06-03,Active,Northeast,1574.96
P001368,C00261,A0046,Commercial,2023-11-20,2024-11-19,Active,West,4306.27
P001369,C00484,A0023,Commercial,2024-12-26,2025-12-26,Active,Northeast,8618.7
P001370,C00176,A0011,Auto,2023-09-27,2024-09-26,Active,South,1447.85
P001371,C00900,A0005,Auto,2023-08-06,2024-08-05,Active,West,1259.78
P001372,C00465,A0039,Commercial,2024-07-27,2025-07-27,Renewed,West,4255.34
P001373,C00399,A0016,Home,2023-05-25,2024-05-24,Active,South,1650.46
P001374,C00375,A0013,Health,2025-01-05,2026-01-05,Expired,West,4214.42
P001375,C00997,A0066,Home,2023-02-27,2024-02-27,Cancelled,West,1810.53
P001376,C00776,A0071,Health,2024-01-19,2025-01-18,Active,South,6573.05
P001377,C00886,A0054,Health,2023-11-15,2024-11-14,Active,West,6740.87
P001378,C00395,A0011,Commercial,2024-12-09,2025-12-09,Renewed,South,6139.71
P001379,C00876,A0001,Health,2025-02-08,2026-02-08,Active,Northeast,6529.08
P001380,C00431,A0051,Life,2024-09-13,2025-09-13,Active,South,1435.38
P001381,C00294,A0062,Auto,2024-03-27,2025-03-27,Renewed,South,1448.68
P001382,C00210,A0078,Health,2024-03-20,2025-03-20,Renewed,Northeast,5926.22
P001383,C00315,A0071,Auto,2024-04-29,2025-04-29,Renewed,South,1968.64
P001384,C00461,A0033,Commercial,2024-04-02,2025-04-02,Active,Midwest,9377.54
P001385,C00940,A0044,Health,2025-06-17,2026-06-17,Active,South,3328.05
P001386,C00262,A0048,Life,2023-11-29,2024-11-28,Active,West,1633.41
P001387,C00573,A0025,Auto,2023-07-25,2024-07-24,Active,West,2179.4
P001388,C00731,A0015,Home,2024-12-08,2025-12-08,Active,South,1497.33
P001389,C00803,A0008,Health,2023-11-20,2024-11-19,Active,Midwest,5547.39
P001390,C00613,A0033,Health,2024-08-15,2025-08-15,Renewed,Midwest,4998.49
P001391,C00099,A0016,Life,2024-06-21,2025-06-21,Renewed,South,868.91
P001392,C00963,A0013,Commercial,2023-12-08,2024-12-07,Active,West,3969.79
P001393,C00818,A0075,Life,2024-10-08,2025-10-08,Cancelled,Midwest,1196.43
P001394,C00425,A0028,Home,2023-09-18,2024-09-17,Cancelled,Midwest,1796.25
P001395,C00085,A0023,Life,2024-02-13,2025-02-12,Cancelled,Northeast,1323.13
P001396,C00946,A0034,Auto,2024-07-14,2025-07-14,Active,Northeast,1209.15
P001397,C00951,A0037,Home,2025-04-23,2026-04-23,Cancelled,South,1234.48
P001398,C00906,A0054,Health,2024-08-23,2025-08-23,Cancelled,West,5445.59
P001399,C00707,A0058,Health,2024-08-26,2025-08-26,Expired,South,7526.23
P001400,C00654,A0058,Home,2025-01-19,2026-01-19,Active,South,2340.98
P001401,C00840,A0012,Auto,2023-04-08,2024-04-07,Renewed,Midwest,2211.24
P001402,C00170,A0018,Home,2024-02-22,2025-02-21,Active,West,1387.58
P001403,C00799,A0051,Home,2024-12-18,2025-12-18,Expired,South,2582.21
P001404,C00057,A0052,Health,2023-11-27,2024-11-26,Expired,West,3846.82
P001405,C00362,A0025,Commercial,2024-06-22,2025-06-22,Expired,West,6040.9
P001406,C00467,A0048,Commercial,2025-04-22,2026-04-22,Renewed,West,5343.05
P001407,C00004,A0017,Auto,2023-06-04,2024-06-03,Renewed,Northeast,1128.29
P001408,C00767,A0052,Auto,2024-05-21,2025-05-21,Active,West,1929.5
P001409,C00470,A0019,Auto,2025-01-01,2026-01-01,Active,Northeast,2168.61
P001410,C00397,A0003,Auto,2025-03-30,2026-03-30,Renewed,South,2175.45
P001411,C00800,A0059,Health,2023-04-07,2024-04-06,Active,Midwest,5966.73
P001412,C00257,A0047,Commercial,2023-12-14,2024-12-13,Active,South,8073.35
P001413,C00413,A0016,Home,2023-09-26,2024-09-25,Expired,South,2692.06
P001414,C00109,A0033,Auto,2024-08-08,2025-08-08,Expired,Midwest,2138.77
P001415,C00097,A0053,Commercial,2024-09-18,2025-09-18,Expired,Northeast,5874.58
P001416,C00924,A0036,Auto,2023-07-07,2024-07-06,Active,Northeast,1100.91
P001417,C00949,A0017,Auto,2023-08-29,2024-08-28,Renewed,Northeast,1134.47
P001418,C00693,A0056,Commercial,2023-08-13,2024-08-12,Active,South,9595.11
P001419,C00646,A0023,Commercial,2025-06-21,2026-06-21,Renewed,Northeast,10286.15
P001420,C00273,A0016,Auto,2024-12-30,2025-12-30,Active,South,1325.5
P001421,C00141,A0042,Life,2024-12-08,2025-12-08,Active,Midwest,1237.78
P001422,C00284,A0008,Commercial,2024-08-10,2025-08-10,Active,Midwest,6615.14
P001423,C00966,A0007,Auto,2023-03-07,2024-03-06,Active,South,1195.22
P001424,C00062,A0057,Auto,2025-01-08,2026-01-08,Active,Northeast,1534.25
P001425,C00682,A0058,Home,2023-02-24,2024-02-24,Active,South,2122.4
P001426,C00684,A0069,Life,2025-05-20,2026-05-20,Expired,South,1102.17
P001427,C00173,A0057,Home,2024-11-06,2025-11-06,Renewed,Northeast,2830.55
P001428,C00512,A0009,Health,2025-06-07,2026-06-07,Active,Midwest,5639.15
P001429,C00100,A0048,Life,2023-06-14,2024-06-13,Renewed,West,593.89
P001430,C00670,A0061,Health,2023-10-15,2024-10-14,Cancelled,South,5515.93
P001431,C00327,A0029,Auto,2025-02-14,2026-02-14,Expired,Northeast,2068.14
P001432,C00612,A0062,Health,2023-09-02,2024-09-01,Active,South,3888.33
P001433,C00551,A0035,Life,2023-03-10,2024-03-09,Active,South,742.89
P001434,C00094,A0020,Health,2024-03-14,2025-03-14,Expired,South,7004.85
P001435,C00236,A0044,Health,2024-12-12,2025-12-12,Renewed,South,5406.8
P001436,C00476,A0080,Commercial,2025-04-08,2026-04-08,Renewed,Midwest,8036.34
P001437,C00217,A0069,Auto,2024-10-15,2025-10-15,Cancelled,South,805.71
P001438,C00789,A0009,Commercial,2024-05-24,2025-05-24,Cancelled,Midwest,9099.33
P001439,C00531,A0075,Life,2023-12-14,2024-12-13,Cancelled,Midwest,1518.8
P001440,C00856,A0051,Life,2024-06-25,2025-06-25,Renewed,South,989.21
P001441,C00575,A0050,Life,2024-09-19,2025-09-19,Active,South,762.54
P001442,C00188,A0007,Home,2023-06-12,2024-06-11,Renewed,South,1207.04
P001443,C00374,A0050,Life,2024-09-22,2025-09-22,Active,South,757.99
P001444,C00236,A0003,Health,2025-02-25,2026-02-25,Active,South,2914.88
P001445,C00494,A0047,Commercial,2025-03-12,2026-03-12,Active,South,5949.6
P001446,C00670,A0044,Auto,2024-02-12,2025-02-11,Active,South,1996.3
P001447,C00017,A0076,Commercial,2023-05-01,2024-04-30,Expired,South,8847.93
P001448,C00923,A0029,Home,2023-06-19,2024-06-18,Active,Northeast,2893.03
P001449,C00484,A0063,Life,2025-03-31,2026-03-31,Active,Northeast,647.21
P001450,C00144,A0036,Home,2023-06-09,2024-06-08,Renewed,Northeast,3204.48
P001451,C00464,A0028,Auto,2024-08-05,2025-08-05,Active,Midwest,1240.01
P001452,C00171,A0011,Health,2024-12-21,2025-12-21,Renewed,South,7617.9
P001453,C00287,A0018,Health,2024-08-05,2025-08-05,Active,West,4530.27
P001454,C00291,A0025,Commercial,2023-05-11,2024-05-10,Active,West,6088.56
P001455,C00466,A0033,Home,2024-06-02,2025-06-02,Active,Midwest,1181.27
P001456,C00858,A0080,Life,2024-02-22,2025-02-21,Renewed,Midwest,1269.09
P001457,C00183,A0003,Life,2023-09-17,2024-09-16,Active,South,1113.37
P001458,C00861,A0046,Life,2024-05-09,2025-05-09,Renewed,West,1061.18
P001459,C00855,A0045,Commercial,2024-10-23,2025-10-23,Active,Northeast,4108.19
P001460,C00225,A0029,Auto,2023-12-22,2024-12-21,Active,Northeast,1318.57
P001461,C00983,A0069,Life,2023-10-10,2024-10-09,Active,South,1639.91
P001462,C00375,A0060,Auto,2024-05-24,2025-05-24,Renewed,West,922.41
P001463,C00728,A0047,Health,2024-02-10,2025-02-09,Expired,South,5992.94
P001464,C00693,A0011,Life,2025-06-30,2026-06-30,Renewed,South,1056.53
P001465,C00758,A0033,Home,2024-02-07,2025-02-06,Active,Midwest,3127.94
P001466,C00349,A0035,Commercial,2024-10-29,2025-10-29,Renewed,South,9173.22
P001467,C00994,A0008,Health,2024-07-13,2025-07-13,Active,Midwest,6710.93
P001468,C00260,A0076,Health,2023-05-30,2024-05-29,Active,South,5257.54
P001469,C00333,A0080,Health,2023-03-20,2024-03-19,Active,Midwest,4003.95
P001470,C00318,A0038,Home,2023-11-25,2024-11-24,Expired,South,2104.15
P001471,C00629,A0055,Life,2023-02-14,2024-02-14,Active,Northeast,1287.01
P001472,C00610,A0063,Life,2024-11-20,2025-11-20,Active,Northeast,764.94
P001473,C00671,A0013,Auto,2024-02-25,2025-02-24,Active,West,2041.21
P001474,C00366,A0074,Auto,2023-08-22,2024-08-21,Active,South,1349.16
P001475,C00261,A0040,Health,2024-02-22,2025-02-21,Cancelled,West,5428.48
P001476,C00598,A0057,Home,2024-02-08,2025-02-07,Renewed,Northeast,1742.68
P001477,C00488,A0005,Home,2025-05-04,2026-05-04,Expired,West,1391.04
P001478,C00150,A0052,Home,2025-03-08,2026-03-08,Active,West,2056.75
P001479,C00360,A0022,Commercial,2023-09-27,2024-09-26,Active,South,7129.18
P001480,C00357,A0027,Home,2024-10-16,2025-10-16,Active,Midwest,2579.13
P001481,C00755,A0074,Life,2023-02-20,2024-02-20,Active,South,1360.7
P001482,C00653,A0068,Home,2023-01-01,2024-01-01,Active,Northeast,1575.86
P001483,C00573,A0025,Health,2024-01-15,2025-01-14,Active,West,6111.55
P001484,C00879,A0001,Health,2024-11-26,2025-11-26,Active,Northeast,4288.53
P001485,C00968,A0065,Commercial,2025-05-28,2026-05-28,Active,South,6803.57
P001486,C00289,A0054,Commercial,2025-04-07,2026-04-07,Active,West,4267.64
P001487,C00508,A0063,Life,2023-07-15,2024-07-14,Expired,Northeast,1541.55
P001488,C00458,A0042,Home,2024-09-01,2025-09-01,Expired,Midwest,3184.8
P001489,C00818,A0032,Home,2024-12-16,2025-12-16,Active,Midwest,2523.71
P001490,C00742,A0013,Home,2025-05-22,2026-05-22,Active,West,1758.04
P001491,C00447,A0060,Life,2023-02-23,2024-02-23,Active,West,1385.62
P001492,C00075,A0027,Commercial,2024-04-07,2025-04-07,Cancelled,Midwest,10712.24
P001493,C00085,A0019,Auto,2024-09-10,2025-09-10,Active,Northeast,1639.23
P001494,C00714,A0009,Life,2023-07-29,2024-07-28,Renewed,Midwest,586.66
P001495,C00944,A0003,Commercial,2023-11-21,2024-11-20,Expired,South,10377.17
P001496,C00340,A0004,Auto,2024-10-06,2025-10-06,Active,South,2108.01
P001497,C00925,A0059,Auto,2024-08-22,2025-08-22,Active,Midwest,1246.52
P001498,C00907,A0001,Home,2023-11-24,2024-11-23,Active,Northeast,2360.31
P001499,C00498,A0040,Commercial,2023-07-12,2024-07-11,Cancelled,West,6608.75
P001500,C00376,A0024,Life,2024-10-18,2025-10-18,Renewed,South,787.0
P001501,C00493,A0022,Health,2023-03-11,2024-03-10,Expired,South,3318.99
P001502,C00570,A0017,Commercial,2024-04-21,2025-04-21,Renewed,Northeast,4575.38
P001503,C00510,A0051,Health,2025-06-26,2026-06-26,Active,South,4911.12
P001504,C00314,A0045,Life,2025-06-26,2026-06-26,Expired,Northeast,1573.92
P001505,C00291,A0030,Life,2025-02-16,2026-02-16,Active,West,1379.1
P001506,C00565,A0054,Auto,2025-05-10,2026-05-10,Renewed,West,913.99
P001507,C00312,A0021,Auto,2024-11-25,2025-11-25,Active,South,1852.29
P001508,C00557,A0058,Health,2024-01-10,2025-01-09,Active,South,4717.14
P001509,C00715,A0005,Commercial,2025-02-13,2026-02-13,Renewed,West,7649.27
P001510,C00018,A0032,Auto,2023-09-27,2024-09-26,Cancelled,Midwest,1056.46
P001511,C00435,A0034,Health,2025-03-10,2026-03-10,Active,Northeast,4173.65
P001512,C00446,A0030,Commercial,2023-03-05,2024-03-04,Expired,West,6711.24
P001513,C00478,A0051,Home,2023-12-28,2024-12-27,Cancelled,South,1835.89
P001514,C00567,A0028,Auto,2024-06-28,2025-06-28,Expired,Midwest,1766.31
P001515,C00045,A0012,Health,2024-10-09,2025-10-09,Active,Midwest,4004.62
P001516,C00440,A0080,Health,2024-04-19,2025-04-19,Expired,Midwest,4773.56
P001517,C00402,A0012,Home,2023-01-27,2024-01-27,Active,Midwest,1181.48
P001518,C00067,A0011,Health,2024-01-03,2025-01-02,Active,South,6620.07
P001519,C00541,A0033,Auto,2023-10-28,2024-10-27,Renewed,Midwest,1628.38
P001520,C00884,A0063,Auto,2023-08-12,2024-08-11,Active,Northeast,1301.69
P001521,C00037,A0041,Home,2024-10-25,2025-10-25,Active,South,3061.65
P001522,C00310,A0045,Health,2023-03-16,2024-03-15,Active,Northeast,7076.21
P001523,C00994,A0033,Health,2023-11-26,2024-11-25,Cancelled,Midwest,4995.08
P001524,C00086,A0061,Health,2023-03-15,2024-03-14,Active,South,3912.02
P001525,C00386,A0074,Auto,2023-07-31,2024-07-30,Expired,South,1812.39
P001526,C00661,A0073,Home,2024-05-22,2025-05-22,Expired,Northeast,2955.07
P001527,C00215,A0075,Commercial,2023-04-15,2024-04-14,Renewed,Midwest,6951.42
P001528,C00883,A0050,Commercial,2023-07-17,2024-07-16,Active,South,4056.29
P001529,C00095,A0067,Life,2023-11-09,2024-11-08,Expired,South,1260.75
P001530,C00877,A0066,Health,2024-05-06,2025-05-06,Renewed,West,3519.06
P001531,C00142,A0028,Health,2024-11-10,2025-11-10,Expired,Midwest,5791.94
P001532,C00428,A0006,Home,2025-01-11,2026-01-11,Active,South,2555.64
P001533,C00857,A0051,Life,2025-06-09,2026-06-09,Cancelled,South,868.2
P001534,C00122,A0056,Home,2024-11-21,2025-11-21,Active,South,2335.64
P001535,C00822,A0045,Health,2023-04-23,2024-04-22,Active,Northeast,3317.67
P001536,C00590,A0006,Life,2023-12-03,2024-12-02,Active,South,970.85
P001537,C00373,A0050,Home,2024-12-13,2025-12-13,Active,South,1819.03
P001538,C00499,A0030,Auto,2023-01-17,2024-01-17,Renewed,West,1881.28
P001539,C00914,A0027,Home,2023-06-17,2024-06-16,Active,Midwest,1464.58
P001540,C00785,A0047,Auto,2023-12-30,2024-12-29,Cancelled,South,1375.91
P001541,C00490,A0007,Life,2025-06-22,2026-06-22,Cancelled,South,1353.99
P001542,C00875,A0005,Auto,2025-02-02,2026-02-02,Expired,West,1740.77
P001543,C00108,A0031,Health,2023-04-18,2024-04-17,Active,South,4514.7
P001544,C00237,A0033,Life,2023-10-24,2024-10-23,Active,Midwest,1591.05
P001545,C00609,A0020,Auto,2023-06-25,2024-06-24,Active,South,875.97
P001546,C00361,A0004,Life,2024-09-30,2025-09-30,Active,South,1387.21
P001547,C00946,A0079,Health,2023-05-02,2024-05-01,Active,Northeast,4171.02
P001548,C00208,A0017,Health,2024-05-07,2025-05-07,Active,Northeast,5589.5
P001549,C00940,A0003,Home,2025-02-25,2026-02-25,Active,South,3080.27
P001550,C00863,A0053,Life,2023-07-11,2024-07-10,Active,Northeast,998.54
P001551,C00437,A0039,Health,2025-04-14,2026-04-14,Expired,West,3313.48
P001552,C00866,A0063,Commercial,2023-10-12,2024-10-11,Active,Northeast,9094.89
P001553,C00185,A0019,Commercial,2025-03-05,2026-03-05,Expired,Northeast,10755.71
P001554,C00924,A0036,Home,2024-09-09,2025-09-09,Active,Northeast,2014.03
P001555,C00872,A0066,Commercial,2023-11-23,2024-11-22,Cancelled,West,8343.03
P001556,C00061,A0004,Life,2025-01-23,2026-01-23,Renewed,South,1341.24
P001557,C00642,A0041,Health,2023-07-27,2024-07-26,Expired,South,7506.8
P001558,C00385,A0074,Auto,2023-10-06,2024-10-05,Expired,South,1987.47
P001559,C00357,A0075,Health,2023-02-04,2024-02-04,Cancelled,Midwest,4268.17
P001560,C00766,A0078,Home,2023-06-09,2024-06-08,Cancelled,Northeast,1365.13
P001561,C00666,A0021,Auto,2025-04-13,2026-04-13,Renewed,South,1015.48
P001562,C00451,A0030,Life,2023-08-26,2024-08-25,Active,West,1475.88
P001563,C00359,A0075,Commercial,2023-11-14,2024-11-13,Active,Midwest,6036.25
P001564,C00109,A0059,Commercial,2023-03-14,2024-03-13,Active,Midwest,8315.94
P001565,C00717,A0049,Life,2025-01-24,2026-01-24,Active,Midwest,1302.91
P001566,C00952,A0053,Life,2023-07-31,2024-07-30,Renewed,Northeast,996.92
P001567,C00430,A0017,Commercial,2024-08-13,2025-08-13,Active,Northeast,9678.0
P001568,C00863,A0055,Commercial,2024-01-26,2025-01-25,Active,Northeast,10955.45
P001569,C00585,A0004,Life,2023-09-06,2024-09-05,Active,South,730.19
P001570,C00379,A0036,Life,2023-01-03,2024-01-03,Cancelled,Northeast,1096.97
P001571,C00539,A0041,Auto,2024-02-13,2025-02-12,Cancelled,South,982.7
P001572,C00470,A0073,Home,2024-07-22,2025-07-22,Expired,Northeast,3155.57
P001573,C00429,A0050,Health,2024-11-22,2025-11-22,Active,South,6538.36
P001574,C00026,A0030,Home,2025-03-10,2026-03-10,Active,West,2470.48
P001575,C00379,A0029,Life,2025-03-01,2026-03-01,Active,Northeast,706.56
P001576,C00026,A0066,Auto,2023-06-02,2024-06-01,Active,West,965.59
P001577,C00522,A0028,Health,2025-06-20,2026-06-20,Active,Midwest,4888.94
P001578,C00155,A0040,Life,2023-04-14,2024-04-13,Expired,West,1543.26
P001579,C00605,A0056,Home,2023-05-12,2024-05-11,Expired,South,2944.71
P001580,C00960,A0025,Life,2023-11-22,2024-11-21,Expired,West,1507.44
P001581,C00884,A0036,Auto,2024-08-14,2025-08-14,Active,Northeast,1265.9
P001582,C00777,A0073,Health,2025-03-18,2026-03-18,Expired,Northeast,6328.0
P001583,C00620,A0048,Life,2023-12-28,2024-12-27,Active,West,789.6
P001584,C00249,A0028,Home,2024-08-23,2025-08-23,Renewed,Midwest,2676.59
P001585,C00939,A0062,Auto,2023-12-14,2024-12-13,Expired,South,2209.68
P001586,C00895,A0010,Auto,2023-02-16,2024-02-16,Cancelled,Midwest,999.93
P001587,C00375,A0048,Commercial,2025-04-28,2026-04-28,Expired,West,6469.72
P001588,C00264,A0071,Auto,2025-06-07,2026-06-07,Cancelled,South,1960.17
P001589,C00531,A0080,Commercial,2024-05-05,2025-05-05,Renewed,Midwest,8651.53
P001590,C00289,A0052,Health,2023-10-08,2024-10-07,Cancelled,West,6779.52
P001591,C00480,A0024,Health,2023-01-19,2024-01-19,Expired,South,4250.9
P001592,C00560,A0009,Life,2025-01-31,2026-01-31,Renewed,Midwest,1542.22
P001593,C00925,A0049,Auto,2024-09-28,2025-09-28,Active,Midwest,909.52
P001594,C00497,A0002,Auto,2025-04-24,2026-04-24,Active,Midwest,1165.47
P001595,C00977,A0044,Auto,2024-12-11,2025-12-11,Active,South,2050.11
P001596,C00810,A0038,Health,2023-05-14,2024-05-13,Renewed,South,5655.34
P001597,C00150,A0048,Auto,2024-03-28,2025-03-28,Expired,West,1070.53
P001598,C00777,A0068,Auto,2024-04-04,2025-04-04,Active,Northeast,1437.16
P001599,C00111,A0069,Health,2023-05-23,2024-05-22,Active,South,3882.4
P001600,C00414,A0078,Commercial,2025-02-08,2026-02-08,Active,Northeast,8493.9
P001601,C00603,A0052,Health,2024-11-16,2025-11-16,Cancelled,West,3257.94
P001602,C00517,A0080,Auto,2025-01-23,2026-01-23,Active,Midwest,1233.05
P001603,C00556,A0026,Health,2024-03-09,2025-03-09,Renewed,Midwest,7166.45
P001604,C00010,A0039,Commercial,2023-07-25,2024-07-24,Active,West,6179.54
P001605,C00882,A0028,Life,2023-05-06,2024-05-05,Active,Midwest,1143.83
P001606,C00107,A0045,Auto,2023-06-28,2024-06-27,Active,Northeast,1294.07
P001607,C00595,A0052,Life,2023-10-03,2024-10-02,Active,West,1542.67
P001608,C00224,A0006,Health,2025-06-12,2026-06-12,Cancelled,South,4724.09
P001609,C00857,A0003,Life,2025-06-08,2026-06-08,Active,South,1380.95
P001610,C00379,A0043,Home,2023-09-21,2024-09-20,Active,Northeast,2498.19
P001611,C00777,A0063,Life,2023-11-23,2024-11-22,Renewed,Northeast,723.35
P001612,C00263,A0069,Auto,2024-03-09,2025-03-09,Active,South,1791.3
P001613,C00261,A0018,Health,2023-12-19,2024-12-18,Active,West,7074.08
P001614,C00098,A0035,Commercial,2023-11-10,2024-11-09,Active,South,8015.69
P001615,C00144,A0064,Auto,2024-05-05,2025-05-05,Cancelled,Northeast,1957.43
P001616,C00769,A0063,Commercial,2024-07-22,2025-07-22,Cancelled,Northeast,6790.08
P001617,C00182,A0025,Auto,2023-10-17,2024-10-16,Renewed,West,1889.24
P001618,C00134,A0043,Health,2024-01-14,2025-01-13,Renewed,Northeast,5347.83
P001619,C00374,A0021,Health,2024-09-03,2025-09-03,Expired,South,2976.53
P001620,C00593,A0015,Life,2024-11-11,2025-11-11,Active,South,1234.43
P001621,C00190,A0046,Health,2025-05-26,2026-05-26,Active,West,3164.27
P001622,C00885,A0023,Health,2024-05-24,2025-05-24,Active,Northeast,7340.99
P001623,C00031,A0038,Auto,2023-09-29,2024-09-28,Active,South,2038.53
P001624,C00113,A0059,Auto,2023-01-31,2024-01-31,Renewed,Midwest,1978.55
P001625,C00995,A0051,Health,2023-11-16,2024-11-15,Active,South,3917.25
P001626,C00981,A0064,Life,2024-05-09,2025-05-09,Active,Northeast,1412.18
P001627,C00220,A0039,Auto,2023-06-24,2024-06-23,Cancelled,West,1262.81
P001628,C00603,A0048,Home,2024-01-30,2025-01-29,Active,West,1642.34
P001629,C00022,A0040,Home,2024-12-29,2025-12-29,Active,West,2289.79
P001630,C00874,A0036,Commercial,2023-02-08,2024-02-08,Cancelled,Northeast,7252.11
P001631,C00703,A0055,Auto,2023-03-01,2024-02-29,Active,Northeast,1329.3
P001632,C00120,A0006,Auto,2024-05-09,2025-05-09,Active,South,2046.54
P001633,C00678,A0065,Life,2024-07-20,2025-07-20,Active,South,1517.15
P001634,C00144,A0055,Health,2025-02-22,2026-02-22,Renewed,Northeast,4224.77
P001635,C00908,A0077,Life,2024-04-22,2025-04-22,Active,Northeast,614.39
P001636,C00802,A0070,Home,2025-01-12,2026-01-12,Expired,South,3071.5
P001637,C00326,A0055,Auto,2024-01-05,2025-01-04,Renewed,Northeast,1040.55
P001638,C00892,A0041,Commercial,2023-05-03,2024-05-02,Expired,South,6515.37
P001639,C00356,A0045,Life,2023-01-26,2024-01-26,Renewed,Northeast,1253.98
P001640,C00549,A0007,Auto,2025-06-14,2026-06-14,Expired,South,1171.78
P001641,C00206,A0026,Commercial,2023-06-24,2024-06-23,Renewed,Midwest,6704.14
P001642,C00679,A0059,Auto,2025-02-23,2026-02-23,Active,Midwest,1657.6
P001643,C00759,A0025,Life,2024-05-01,2025-05-01,Renewed,West,1366.92
P001644,C00990,A0079,Home,2024-04-18,2025-04-18,Expired,Northeast,1631.35
P001645,C00182,A0046,Life,2025-01-05,2026-01-05,Cancelled,West,1552.51
P001646,C00220,A0018,Home,2023-05-21,2024-05-20,Renewed,West,2770.93
P001647,C00622,A0029,Auto,2024-08-24,2025-08-24,Active,Northeast,1344.11
P001648,C00384,A0058,Home,2023-07-16,2024-07-15,Active,South,2534.59
P001649,C00230,A0020,Home,2024-05-22,2025-05-22,Renewed,South,1526.0
P001650,C00907,A0023,Life,2024-02-27,2025-02-26,Active,Northeast,1472.19
P001651,C00355,A0013,Auto,2024-09-05,2025-09-05,Expired,West,1039.61
P001652,C00575,A0038,Commercial,2024-04-19,2025-04-19,Cancelled,South,9684.73
P001653,C00224,A0037,Home,2024-04-08,2025-04-08,Active,South,3124.05
P001654,C00231,A0027,Commercial,2025-05-10,2026-05-10,Active,Midwest,5528.33
P001655,C00426,A0068,Auto,2024-02-09,2025-02-08,Active,Northeast,1610.32
P001656,C00395,A0051,Home,2024-01-07,2025-01-06,Active,South,2208.72
P001657,C00832,A0006,Life,2024-08-22,2025-08-22,Expired,South,757.98
P001658,C00388,A0040,Life,2025-04-13,2026-04-13,Expired,West,1390.88
P001659,C00914,A0026,Life,2025-05-27,2026-05-27,Active,Midwest,1164.71
P001660,C00559,A0006,Home,2023-10-27,2024-10-26,Active,South,1921.71
P001661,C00904,A0047,Home,2023-04-17,2024-04-16,Renewed,South,2427.32
P001662,C00864,A0016,Life,2023-03-22,2024-03-21,Active,South,1651.37
P001663,C00776,A0007,Home,2025-04-24,2026-04-24,Active,South,2685.08
P001664,C00738,A0071,Health,2023-06-02,2024-06-01,Active,South,5424.24
P001665,C00473,A0034,Life,2024-02-19,2025-02-18,Active,Northeast,1559.67
P001666,C00497,A0042,Home,2024-11-01,2025-11-01,Active,Midwest,2918.98
P001667,C00752,A0053,Life,2024-10-24,2025-10-24,Active,Northeast,802.15
P001668,C00099,A0058,Auto,2024-05-01,2025-05-01,Renewed,South,1680.44
P001669,C00747,A0019,Health,2023-01-16,2024-01-16,Expired,Northeast,3183.21
P001670,C00445,A0011,Commercial,2025-05-25,2026-05-25,Renewed,South,8354.24
P001671,C00021,A0026,Auto,2023-07-08,2024-07-07,Active,Midwest,1333.25
P001672,C00675,A0017,Life,2024-05-06,2025-05-06,Active,Northeast,1045.63
P001673,C00958,A0035,Commercial,2024-12-14,2025-12-14,Active,South,4484.16
P001674,C00779,A0007,Home,2025-06-04,2026-06-04,Renewed,South,2083.22
P001675,C00437,A0060,Auto,2024-08-21,2025-08-21,Active,West,1388.38
P001676,C00794,A0077,Home,2024-07-15,2025-07-15,Active,Northeast,3283.78
P001677,C00721,A0049,Commercial,2023-10-26,2024-10-25,Renewed,Midwest,6771.96
P001678,C00100,A0052,Auto,2023-11-27,2024-11-26,Active,West,1498.67
P001679,C00620,A0048,Health,2023-10-01,2024-09-30,Renewed,West,6340.71
P001680,C00280,A0056,Home,2024-10-16,2025-10-16,Active,South,3177.26
P001681,C00822,A0064,Life,2025-06-23,2026-06-23,Active,Northeast,1492.91
P001682,C00312,A0069,Home,2023-01-11,2024-01-11,Active,South,2862.82
P001683,C00044,A0065,Home,2023-08-08,2024-08-07,Renewed,South,1796.64
P001684,C00460,A0033,Life,2025-05-19,2026-05-19,Active,Midwest,1364.5
P001685,C00868,A0039,Life,2024-05-14,2025-05-14,Expired,West,1106.15
P001686,C00963,A0040,Home,2024-06-12,2025-06-12,Cancelled,West,2428.12
P001687,C00211,A0055,Health,2023-04-30,2024-04-29,Cancelled,Northeast,5940.93
P001688,C00617,A0002,Auto,2025-06-04,2026-06-04,Cancelled,Midwest,1293.26
P001689,C00211,A0077,Commercial,2024-05-28,2025-05-28,Cancelled,Northeast,5964.65
P001690,C00295,A0036,Life,2024-11-28,2025-11-28,Active,Northeast,1250.78
P001691,C00618,A0022,Health,2023-12-20,2024-12-19,Cancelled,South,4140.13
P001692,C00859,A0017,Auto,2024-06-21,2025-06-21,Renewed,Northeast,1858.58
P001693,C00687,A0021,Home,2024-03-30,2025-03-30,Cancelled,South,3075.12
P001694,C00636,A0077,Commercial,2025-04-29,2026-04-29,Renewed,Northeast,5191.36
P001695,C00741,A0054,Health,2024-03-26,2025-03-26,Cancelled,West,3093.45
P001696,C00598,A0055,Life,2023-09-23,2024-09-22,Active,Northeast,828.3
P001697,C00728,A0014,Health,2023-09-06,2024-09-05,Active,South,3170.58
P001698,C00712,A0019,Home,2025-06-11,2026-06-11,Renewed,Northeast,2962.48
P001699,C00459,A0040,Health,2024-04-29,2025-04-29,Expired,West,3992.15
P001700,C00973,A0063,Health,2025-03-08,2026-03-08,Expired,Northeast,4505.76
P001701,C00381,A0043,Home,2023-10-19,2024-10-18,Active,Northeast,1568.6
P001702,C00458,A0026,Commercial,2024-09-01,2025-09-01,Active,Midwest,7818.64
P001703,C00508,A0055,Commercial,2023-10-05,2024-10-04,Active,Northeast,4775.19
P001704,C00476,A0033,Commercial,2025-03-11,2026-03-11,Expired,Midwest,10848.07
P001705,C00623,A0028,Auto,2025-04-15,2026-04-15,Renewed,Midwest,1609.71
P001706,C00713,A0027,Commercial,2023-11-16,2024-11-15,Active,Midwest,5766.09
P001707,C00137,A0033,Life,2024-04-03,2025-04-03,Active,Midwest,1485.41
P001708,C00907,A0077,Home,2025-05-17,2026-05-17,Active,Northeast,2976.71
P001709,C00078,A0024,Home,2025-03-04,2026-03-04,Active,South,3170.77
P001710,C00830,A0028,Life,2024-10-19,2025-10-19,Active,Midwest,733.37
P001711,C00180,A0068,Auto,2023-06-23,2024-06-22,Expired,Northeast,1694.43
P001712,C00865,A0045,Life,2024-01-03,2025-01-02,Expired,Northeast,1264.66
P001713,C00993,A0075,Health,2023-04-26,2024-04-25,Expired,Midwest,5953.47
P001714,C00042,A0021,Home,2023-05-22,2024-05-21,Active,South,2998.96
P001715,C00235,A0011,Commercial,2023-10-16,2024-10-15,Cancelled,South,5665.73
P001716,C00710,A0068,Life,2023-01-30,2024-01-30,Active,Northeast,593.83
P001717,C00844,A0056,Health,2024-04-21,2025-04-21,Active,South,3292.11
P001718,C00789,A0027,Life,2025-03-03,2026-03-03,Active,Midwest,972.41
P001719,C00575,A0015,Life,2024-02-17,2025-02-16,Active,South,1159.07
P001720,C00237,A0012,Home,2023-01-13,2024-01-13,Active,Midwest,3083.49
P001721,C00440,A0010,Life,2024-01-15,2025-01-14,Active,Midwest,1440.57
P001722,C00778,A0060,Auto,2023-07-26,2024-07-25,Active,West,1000.53
P001723,C00514,A0070,Commercial,2024-10-16,2025-10-16,Renewed,South,10339.35
P001724,C00657,A0011,Auto,2024-03-27,2025-03-27,Active,South,1208.29
P001725,C00821,A0003,Commercial,2023-08-31,2024-08-30,Active,South,9500.89
P001726,C00649,A0042,Commercial,2023-11-20,2024-11-19,Cancelled,Midwest,8195.89
P001727,C00686,A0023,Auto,2023-04-21,2024-04-20,Active,Northeast,1155.21
P001728,C00798,A0051,Life,2024-10-06,2025-10-06,Active,South,1088.57
P001729,C00143,A0059,Auto,2024-06-30,2025-06-30,Renewed,Midwest,1718.54
P001730,C00667,A0014,Home,2024-02-25,2025-02-24,Expired,South,2914.75
P001731,C00111,A0024,Auto,2024-05-07,2025-05-07,Active,South,2066.72
P001732,C00012,A0006,Health,2023-08-15,2024-08-14,Renewed,South,3329.47
P001733,C00345,A0030,Health,2025-05-28,2026-05-28,Active,West,4457.3
P001734,C00168,A0046,Commercial,2024-12-24,2025-12-24,Active,West,5925.65
P001735,C00882,A0008,Home,2025-05-18,2026-05-18,Active,Midwest,2984.59
P001736,C00304,A0040,Commercial,2023-04-08,2024-04-07,Renewed,West,8608.89
P001737,C00794,A0023,Health,2023-08-22,2024-08-21,Active,Northeast,5289.83
P001738,C00531,A0008,Home,2025-05-02,2026-05-02,Active,Midwest,3326.34
P001739,C00815,A0020,Life,2025-06-29,2026-06-29,Expired,South,844.84
P001740,C00349,A0015,Auto,2024-01-20,2025-01-19,Active,South,933.16
P001741,C00845,A0015,Life,2023-04-12,2024-04-11,Expired,South,1625.36
P001742,C00794,A0029,Home,2023-07-14,2024-07-13,Active,Northeast,1890.99
P001743,C00178,A0040,Auto,2024-04-15,2025-04-15,Active,West,819.89
P001744,C00916,A0045,Health,2023-02-15,2024-02-15,Active,Northeast,6481.92
P001745,C00387,A0024,Home,2023-02-27,2024-02-27,Renewed,South,3238.35
P001746,C00833,A0050,Auto,2023-07-18,2024-07-17,Renewed,South,827.32
P001747,C00004,A0057,Health,2023-03-26,2024-03-25,Expired,Northeast,5323.82
P001748,C00560,A0009,Health,2023-11-12,2024-11-11,Cancelled,Midwest,4866.67
P001749,C00018,A0075,Home,2025-03-15,2026-03-15,Active,Midwest,2133.95
P001750,C00606,A0070,Auto,2023-11-16,2024-11-15,Active,South,1411.17
P001751,C00570,A0034,Auto,2023-03-08,2024-03-07,Active,Northeast,2015.8
P001752,C00540,A0067,Commercial,2024-03-13,2025-03-13,Active,South,8896.75
P001753,C00011,A0033,Home,2024-07-13,2025-07-13,Renewed,Midwest,1767.7
P001754,C00164,A0047,Life,2025-05-07,2026-05-07,Active,South,797.44
P001755,C00100,A0005,Home,2023-12-02,2024-12-01,Renewed,West,3122.61
P001756,C00816,A0039,Auto,2024-11-24,2025-11-24,Expired,West,2081.81
P001757,C00694,A0008,Life,2024-12-06,2025-12-06,Active,Midwest,1312.41
P001758,C00259,A0065,Health,2024-07-07,2025-07-07,Expired,South,3629.82
P001759,C00435,A0045,Health,2024-05-31,2025-05-31,Active,Northeast,2981.02
P001760,C00406,A0033,Commercial,2024-06-14,2025-06-14,Active,Midwest,9062.77
P001761,C00214,A0039,Health,2025-03-31,2026-03-31,Active,West,6091.71
P001762,C00406,A0009,Health,2025-01-03,2026-01-03,Expired,Midwest,5121.33
P001763,C00704,A0024,Life,2024-06-11,2025-06-11,Renewed,South,688.34
P001764,C00862,A0055,Life,2023-12-24,2024-12-23,Active,Northeast,739.69
P001765,C00173,A0036,Commercial,2023-04-10,2024-04-09,Cancelled,Northeast,8424.05
P001766,C00353,A0078,Health,2024-08-03,2025-08-03,Active,Northeast,7529.65
P001767,C00691,A0060,Commercial,2023-04-26,2024-04-25,Active,West,8096.0
P001768,C00329,A0006,Life,2023-03-25,2024-03-24,Active,South,761.87
P001769,C00171,A0070,Life,2023-06-04,2024-06-03,Active,South,1560.67
P001770,C00890,A0012,Auto,2023-11-26,2024-11-25,Active,Midwest,1648.13
P001771,C00178,A0039,Health,2025-04-03,2026-04-03,Renewed,West,6910.07
P001772,C00086,A0065,Home,2023-07-17,2024-07-16,Active,South,3262.18
P001773,C00982,A0047,Auto,2024-01-30,2025-01-29,Active,South,1112.78
P001774,C00413,A0071,Home,2024-05-31,2025-05-31,Cancelled,South,2930.23
P001775,C00697,A0038,Life,2025-05-12,2026-05-12,Renewed,South,1423.61
P001776,C00020,A0033,Home,2023-05-16,2024-05-15,Expired,Midwest,2457.17
P001777,C00999,A0029,Health,2024-11-21,2025-11-21,Active,Northeast,3472.28
P001778,C00471,A0043,Auto,2023-02-17,2024-02-17,Renewed,Northeast,1762.61
P001779,C00414,A0073,Life,2024-06-15,2025-06-15,Renewed,Northeast,1601.31
P001780,C00647,A0018,Auto,2024-07-14,2025-07-14,Active,West,2155.9
P001781,C00706,A0073,Auto,2024-02-25,2025-02-24,Active,Northeast,1487.03
P001782,C00245,A0004,Home,2024-06-19,2025-06-19,Expired,South,3138.03
P001783,C00041,A0026,Health,2023-05-24,2024-05-23,Renewed,Midwest,5582.13
P001784,C00912,A0055,Auto,2024-03-05,2025-03-05,Active,Northeast,796.02
P001785,C00404,A0013,Auto,2023-05-17,2024-05-16,Active,West,807.38
P001786,C00424,A0041,Life,2023-04-23,2024-04-22,Renewed,South,1241.83
P001787,C00874,A0023,Health,2023-01-18,2024-01-18,Active,Northeast,5371.16
P001788,C00298,A0029,Home,2024-06-07,2025-06-07,Cancelled,Northeast,1206.33
P001789,C00838,A0011,Health,2023-07-02,2024-07-01,Active,South,5040.27
P001790,C00646,A0001,Health,2023-10-26,2024-10-25,Renewed,Northeast,5021.48
P001791,C00711,A0035,Home,2025-05-29,2026-05-29,Renewed,South,2429.09
P001792,C00585,A0062,Auto,2025-02-14,2026-02-14,Renewed,South,1415.07
P001793,C00874,A0064,Life,2023-08-04,2024-08-03,Renewed,Northeast,602.99
P001794,C00203,A0070,Health,2023-02-06,2024-02-06,Expired,South,6938.64
P001795,C00178,A0005,Life,2024-12-19,2025-12-19,Renewed,West,1083.59
P001796,C00618,A0051,Life,2024-11-14,2025-11-14,Renewed,South,1438.6
P001797,C00008,A0042,Auto,2024-09-20,2025-09-20,Expired,Midwest,1827.27
P001798,C00943,A0009,Commercial,2025-03-31,2026-03-31,Active,Midwest,9935.48
P001799,C00719,A0073,Auto,2023-07-27,2024-07-26,Active,Northeast,869.01
P001800,C00035,A0048,Home,2023-06-14,2024-06-13,Active,West,2250.73
P001801,C00753,A0054,Health,2024-07-14,2025-07-14,Active,West,3116.18
P001802,C00392,A0043,Home,2024-07-03,2025-07-03,Renewed,Northeast,2158.91
P001803,C00738,A0038,Auto,2023-01-29,2024-01-29,Expired,South,940.25
P001804,C00972,A0040,Health,2024-05-10,2025-05-10,Expired,West,4079.83
P001805,C00345,A0039,Home,2023-09-26,2024-09-25,Active,West,2480.01
P001806,C00789,A0010,Health,2024-04-09,2025-04-09,Active,Midwest,3778.95
P001807,C00140,A0008,Health,2024-10-30,2025-10-30,Renewed,Midwest,3438.8
P001808,C00197,A0025,Home,2025-02-15,2026-02-15,Active,West,1359.61
P001809,C00769,A0064,Home,2025-04-09,2026-04-09,Expired,Northeast,1790.72
P001810,C00539,A0074,Health,2023-10-15,2024-10-14,Active,South,3799.41
P001811,C00934,A0052,Commercial,2024-03-21,2025-03-21,Active,West,6649.27
P001812,C00838,A0014,Health,2025-01-14,2026-01-14,Active,South,6456.37
P001813,C00677,A0067,Health,2024-01-28,2025-01-27,Active,South,5369.31
P001814,C00121,A0049,Life,2023-12-12,2024-12-11,Expired,Midwest,1238.17
P001815,C00400,A0076,Commercial,2023-06-30,2024-06-29,Active,South,9600.06
P001816,C00284,A0010,Auto,2023-10-09,2024-10-08,Active,Midwest,1866.82
P001817,C00377,A0013,Auto,2023-09-29,2024-09-28,Active,West,1155.75
P001818,C00395,A0035,Home,2024-02-04,2025-02-03,Active,South,1295.9
P001819,C00489,A0048,Home,2024-12-04,2025-12-04,Renewed,West,2792.82
P001820,C00858,A0012,Life,2024-09-25,2025-09-25,Active,Midwest,844.64
P001821,C00584,A0016,Auto,2025-04-02,2026-04-02,Expired,South,2041.77
P001822,C00985,A0027,Life,2024-11-20,2025-11-20,Active,Midwest,1115.8
P001823,C00497,A0049,Commercial,2024-11-30,2025-11-30,Active,Midwest,10451.22
P001824,C00730,A0078,Commercial,2025-01-25,2026-01-25,Active,Northeast,7174.9
P001825,C00580,A0004,Home,2024-08-20,2025-08-20,Renewed,South,1590.03
P001826,C00321,A0066,Commercial,2023-06-26,2024-06-25,Active,West,10024.63
P001827,C00358,A0004,Health,2023-11-20,2024-11-19,Cancelled,South,3654.45
P001828,C00013,A0061,Commercial,2025-04-07,2026-04-07,Active,South,8592.56
P001829,C00268,A0021,Auto,2024-03-17,2025-03-17,Active,South,2082.62
P001830,C00721,A0010,Auto,2024-03-03,2025-03-03,Active,Midwest,854.69
P001831,C00510,A0031,Auto,2023-03-10,2024-03-09,Renewed,South,1820.29
P001832,C00087,A0035,Commercial,2024-10-31,2025-10-31,Renewed,South,4177.28
P001833,C00587,A0074,Commercial,2025-04-01,2026-04-01,Active,South,6503.08
P001834,C00897,A0038,Auto,2024-03-14,2025-03-14,Active,South,1908.14
P001835,C00189,A0031,Commercial,2025-05-18,2026-05-18,Active,South,4470.09
P001836,C00300,A0059,Commercial,2025-02-04,2026-02-04,Active,Midwest,8598.84
P001837,C00572,A0044,Life,2024-09-30,2025-09-30,Expired,South,1019.23
P001838,C00212,A0043,Commercial,2023-12-24,2024-12-23,Active,Northeast,5222.89
P001839,C00046,A0072,Life,2023-06-16,2024-06-15,Active,South,1210.1
P001840,C00897,A0016,Home,2023-07-02,2024-07-01,Renewed,South,3250.25
P001841,C00184,A0080,Life,2023-08-17,2024-08-16,Active,Midwest,1100.02
P001842,C00648,A0071,Home,2024-06-17,2025-06-17,Cancelled,South,1868.73
P001843,C00035,A0005,Health,2023-01-02,2024-01-02,Active,West,4747.74
P001844,C00402,A0010,Commercial,2024-04-11,2025-04-11,Active,Midwest,10454.46
P001845,C00428,A0006,Commercial,2024-12-29,2025-12-29,Active,South,4210.84
P001846,C00957,A0024,Home,2024-04-01,2025-04-01,Active,South,1239.62
P001847,C00150,A0018,Auto,2024-07-07,2025-07-07,Expired,West,2042.01
P001848,C00891,A0033,Commercial,2024-08-03,2025-08-03,Expired,Midwest,10096.3
P001849,C00380,A0059,Life,2023-06-04,2024-06-03,Active,Midwest,1443.48
P001850,C00845,A0021,Life,2023-01-03,2024-01-03,Expired,South,1573.67
P001851,C00410,A0077,Home,2023-01-25,2024-01-25,Renewed,Northeast,2892.75
P001852,C00214,A0018,Life,2023-01-23,2024-01-23,Renewed,West,1293.63
P001853,C00803,A0009,Commercial,2024-10-18,2025-10-18,Expired,Midwest,8152.28
P001854,C00756,A0068,Life,2024-12-04,2025-12-04,Active,Northeast,589.24
P001855,C00492,A0027,Home,2025-03-08,2026-03-08,Active,Midwest,2594.04
P001856,C00114,A0058,Home,2024-08-31,2025-08-31,Renewed,South,1902.87
P001857,C00364,A0002,Commercial,2024-04-07,2025-04-07,Renewed,Midwest,9854.02
P001858,C00295,A0079,Auto,2024-08-12,2025-08-12,Renewed,Northeast,1291.44
P001859,C00820,A0012,Auto,2025-03-05,2026-03-05,Expired,Midwest,1971.39
P001860,C00471,A0023,Commercial,2024-04-01,2025-04-01,Active,Northeast,7930.68
P001861,C00266,A0006,Home,2024-06-18,2025-06-18,Active,South,2056.34
P001862,C00975,A0053,Commercial,2024-04-05,2025-04-05,Active,Northeast,8870.83
P001863,C00734,A0041,Commercial,2023-04-14,2024-04-13,Expired,South,10084.84
P001864,C00927,A0052,Auto,2023-05-08,2024-05-07,Renewed,West,1917.64
P001865,C00571,A0039,Life,2023-02-17,2024-02-17,Renewed,West,773.38
P001866,C00836,A0080,Auto,2023-03-24,2024-03-23,Active,Midwest,1412.39
P001867,C00199,A0036,Auto,2024-09-01,2025-09-01,Renewed,Northeast,1124.84
P001868,C00155,A0048,Health,2024-08-02,2025-08-02,Active,West,6635.51
P001869,C00726,A0058,Home,2025-02-19,2026-02-19,Active,South,3163.1
P001870,C00581,A0032,Auto,2025-05-15,2026-05-15,Active,Midwest,960.9
P001871,C00610,A0055,Life,2024-09-25,2025-09-25,Expired,Northeast,1372.09
P001872,C00430,A0045,Auto,2023-09-05,2024-09-04,Active,Northeast,1295.42
P001873,C00554,A0026,Auto,2024-05-29,2025-05-29,Active,Midwest,1389.79
P001874,C00890,A0059,Auto,2023-08-01,2024-07-31,Expired,Midwest,813.95
P001875,C00946,A0023,Commercial,2023-06-12,2024-06-11,Active,Northeast,6926.56
P001876,C00463,A0075,Home,2024-02-18,2025-02-17,Active,Midwest,2594.97
P001877,C00922,A0028,Life,2023-03-12,2024-03-11,Renewed,Midwest,1191.24
P001878,C00890,A0026,Commercial,2025-02-06,2026-02-06,Active,Midwest,4058.67
P001879,C00051,A0074,Life,2024-12-11,2025-12-11,Expired,South,1429.26
P001880,C00795,A0062,Commercial,2023-07-05,2024-07-04,Renewed,South,9547.82
P001881,C00806,A0050,Health,2024-06-08,2025-06-08,Renewed,South,3681.5
P001882,C00915,A0059,Commercial,2024-05-04,2025-05-04,Expired,Midwest,5041.94
P001883,C00710,A0034,Health,2024-05-05,2025-05-05,Active,Northeast,3602.95
P001884,C00290,A0024,Life,2025-03-25,2026-03-25,Renewed,South,1476.01
P001885,C00710,A0057,Home,2024-02-04,2025-02-03,Active,Northeast,1292.04
P001886,C00829,A0039,Health,2024-03-28,2025-03-28,Expired,West,3468.73
P001887,C00886,A0054,Auto,2025-01-14,2026-01-14,Active,West,1794.65
P001888,C00930,A0071,Life,2025-02-16,2026-02-16,Renewed,South,1113.3
P001889,C00476,A0049,Life,2023-06-25,2024-06-24,Active,Midwest,1103.96
P001890,C00473,A0019,Life,2023-12-27,2024-12-26,Active,Northeast,1238.65
P001891,C00750,A0024,Commercial,2023-12-21,2024-12-20,Renewed,South,4904.91
P001892,C00815,A0056,Auto,2023-11-04,2024-11-03,Cancelled,South,1299.74
P001893,C00659,A0002,Life,2024-12-01,2025-12-01,Active,Midwest,760.48
P001894,C00931,A0001,Life,2025-06-19,2026-06-19,Active,Northeast,926.71
P001895,C00632,A0061,Life,2023-04-09,2024-04-08,Active,South,972.2
P001896,C00093,A0059,Life,2024-11-05,2025-11-05,Active,Midwest,1653.75
P001897,C00797,A0022,Auto,2023-02-20,2024-02-20,Active,South,960.85
P001898,C00294,A0007,Health,2023-06-12,2024-06-11,Active,South,3893.89
P001899,C00003,A0006,Life,2023-06-08,2024-06-07,Renewed,South,1455.07
P001900,C00460,A0033,Auto,2025-06-24,2026-06-24,Active,Midwest,2096.05
P001901,C00891,A0010,Commercial,2023-01-02,2024-01-02,Renewed,Midwest,5749.62
P001902,C00122,A0047,Life,2025-05-13,2026-05-13,Cancelled,South,1140.57
P001903,C00012,A0020,Life,2023-02-27,2024-02-27,Active,South,1657.6
P001904,C00180,A0023,Auto,2024-04-09,2025-04-09,Active,Northeast,1157.73
P001905,C00135,A0012,Commercial,2024-08-17,2025-08-17,Expired,Midwest,10085.96
P001906,C00071,A0070,Health,2024-06-27,2025-06-27,Renewed,South,6349.11
P001907,C00314,A0073,Life,2025-02-12,2026-02-12,Active,Northeast,1366.06
P001908,C00739,A0035,Health,2023-02-03,2024-02-03,Renewed,South,7446.43
P001909,C00186,A0003,Auto,2023-06-12,2024-06-11,Cancelled,South,1911.9
P001910,C00757,A0055,Home,2025-01-27,2026-01-27,Renewed,Northeast,2917.78
P001911,C00610,A0078,Life,2024-04-28,2025-04-28,Expired,Northeast,1008.53
P001912,C00286,A0071,Commercial,2024-05-24,2025-05-24,Active,South,9909.8
P001913,C00233,A0048,Life,2024-11-19,2025-11-19,Expired,West,1271.7
P001914,C00043,A0014,Commercial,2023-08-29,2024-08-28,Cancelled,South,6868.81
P001915,C00983,A0071,Life,2024-01-08,2025-01-07,Expired,South,1635.25
P001916,C00589,A0021,Home,2024-02-16,2025-02-15,Cancelled,South,2022.03
P001917,C00369,A0018,Commercial,2023-05-04,2024-05-03,Cancelled,West,3956.18
P001918,C00165,A0064,Health,2023-10-30,2024-10-29,Active,Northeast,6406.14
P001919,C00779,A0014,Life,2024-03-26,2025-03-26,Renewed,South,1506.08
P001920,C00710,A0019,Life,2024-03-26,2025-03-26,Expired,Northeast,1099.5
P001921,C00713,A0059,Health,2024-02-01,2025-01-31,Renewed,Midwest,5222.32
P001922,C00780,A0035,Health,2024-09-18,2025-09-18,Active,South,7593.72
P001923,C00912,A0057,Home,2023-09-01,2024-08-31,Active,Northeast,2142.33
P001924,C00594,A0020,Auto,2024-11-02,2025-11-02,Active,South,978.8
P001925,C00621,A0055,Health,2023-12-22,2024-12-21,Active,Northeast,7238.96
P001926,C00432,A0051,Life,2023-03-29,2024-03-28,Active,South,792.83
P001927,C00290,A0067,Commercial,2025-04-19,2026-04-19,Active,South,4148.39
P001928,C00312,A0016,Life,2024-08-14,2025-08-14,Active,South,1052.64
P001929,C00268,A0067,Life,2025-04-27,2026-04-27,Expired,South,1633.98
P001930,C00038,A0021,Home,2024-03-12,2025-03-12,Active,South,2084.29
P001931,C00034,A0075,Commercial,2023-11-03,2024-11-02,Cancelled,Midwest,4518.09
P001932,C00697,A0041,Commercial,2024-08-31,2025-08-31,Cancelled,South,10717.67
P001933,C00299,A0011,Life,2023-01-20,2024-01-20,Active,South,648.59
P001934,C00055,A0059,Health,2025-03-04,2026-03-04,Active,Midwest,6409.54
P001935,C00976,A0012,Commercial,2024-04-07,2025-04-07,Active,Midwest,4531.72
P001936,C00353,A0045,Auto,2023-12-31,2024-12-30,Cancelled,Northeast,953.93
P001937,C00781,A0025,Life,2023-11-30,2024-11-29,Cancelled,West,778.88
P001938,C00767,A0054,Home,2023-05-25,2024-05-24,Expired,West,2419.81
P001939,C00676,A0052,Commercial,2025-06-15,2026-06-15,Active,West,7036.83
P001940,C00909,A0026,Auto,2024-04-20,2025-04-20,Cancelled,Midwest,2146.24
P001941,C00426,A0043,Home,2023-07-24,2024-07-23,Renewed,Northeast,2280.91
P001942,C00628,A0052,Commercial,2023-01-15,2024-01-15,Renewed,West,7373.83
P001943,C00394,A0047,Commercial,2024-11-06,2025-11-06,Active,South,4024.69
P001944,C00337,A0052,Auto,2024-07-08,2025-07-08,Renewed,West,1482.05
P001945,C00777,A0043,Home,2023-02-06,2024-02-06,Renewed,Northeast,1997.62
P001946,C00103,A0014,Home,2024-12-12,2025-12-12,Active,South,3312.74
P001947,C00555,A0010,Home,2024-08-31,2025-08-31,Active,Midwest,2235.21
P001948,C00887,A0053,Home,2024-06-19,2025-06-19,Active,Northeast,1170.66
P001949,C00168,A0066,Health,2024-08-01,2025-08-01,Active,West,5241.4
P001950,C00792,A0037,Health,2025-05-26,2026-05-26,Expired,South,3147.84
P001951,C00009,A0005,Home,2025-05-31,2026-05-31,Expired,West,2407.33
P001952,C00706,A0019,Health,2023-08-27,2024-08-26,Cancelled,Northeast,5125.99
P001953,C00770,A0015,Health,2025-03-13,2026-03-13,Active,South,6625.65
P001954,C00445,A0070,Health,2024-10-02,2025-10-02,Active,South,5369.7
P001955,C00543,A0037,Health,2023-12-20,2024-12-19,Renewed,South,5586.19
P001956,C00312,A0024,Commercial,2024-01-15,2025-01-14,Cancelled,South,7462.51
P001957,C00530,A0072,Commercial,2024-04-15,2025-04-15,Active,South,7648.6
P001958,C00546,A0080,Home,2023-09-16,2024-09-15,Active,Midwest,2440.98
P001959,C00988,A0065,Home,2024-05-26,2025-05-26,Active,South,2942.27
P001960,C00170,A0025,Auto,2024-01-16,2025-01-15,Active,West,1289.74
P001961,C00068,A0008,Health,2023-08-14,2024-08-13,Renewed,Midwest,5385.39
P001962,C00079,A0043,Commercial,2024-04-12,2025-04-12,Active,Northeast,5836.98
P001963,C00132,A0051,Health,2024-09-05,2025-09-05,Active,South,5380.73
P001964,C00730,A0043,Home,2024-06-18,2025-06-18,Active,Northeast,3174.2
P001965,C00576,A0030,Home,2023-11-14,2024-11-13,Active,West,1665.53
P001966,C00635,A0039,Home,2024-03-01,2025-03-01,Active,West,2153.99
P001967,C00468,A0016,Health,2023-11-03,2024-11-02,Active,South,7095.31
P001968,C00772,A0058,Health,2024-05-26,2025-05-26,Active,South,7706.21
P001969,C00685,A0052,Auto,2024-02-18,2025-02-17,Renewed,West,1906.39
P001970,C00380,A0009,Home,2023-10-14,2024-10-13,Active,Midwest,3309.67
P001971,C00990,A0068,Auto,2023-12-28,2024-12-27,Expired,Northeast,1177.88
P001972,C00027,A0027,Home,2025-01-30,2026-01-30,Renewed,Midwest,2857.46
P001973,C00259,A0056,Health,2024-06-15,2025-06-15,Active,South,5362.0
P001974,C00554,A0008,Commercial,2023-08-12,2024-08-11,Expired,Midwest,4092.72
P001975,C00053,A0003,Health,2023-07-26,2024-07-25,Expired,South,4052.88
P001976,C00353,A0019,Auto,2023-02-22,2024-02-22,Active,Northeast,1888.36
P001977,C00104,A0030,Home,2023-04-25,2024-04-24,Active,West,1852.01
P001978,C00132,A0067,Commercial,2025-03-29,2026-03-29,Renewed,South,5519.13
P001979,C00710,A0001,Auto,2024-12-06,2025-12-06,Renewed,Northeast,925.89
P001980,C00029,A0033,Life,2025-03-28,2026-03-28,Expired,Midwest,644.25
P001981,C00714,A0042,Auto,2023-09-10,2024-09-09,Active,Midwest,881.56
P001982,C00067,A0011,Commercial,2024-07-10,2025-07-10,Renewed,South,9557.09
P001983,C00772,A0038,Commercial,2025-01-16,2026-01-16,Renewed,South,6076.92
P001984,C00059,A0025,Auto,2023-03-26,2024-03-25,Active,West,854.43
P001985,C00272,A0076,Home,2023-01-07,2024-01-07,Active,South,3110.91
P001986,C00854,A0002,Auto,2023-11-17,2024-11-16,Active,Midwest,1633.8
P001987,C00074,A0072,Life,2024-06-02,2025-06-02,Renewed,South,1546.67
P001988,C00287,A0018,Health,2024-07-03,2025-07-03,Active,West,3007.31
P001989,C00483,A0075,Health,2023-01-19,2024-01-19,Active,Midwest,3956.34
P001990,C00359,A0042,Commercial,2024-10-17,2025-10-17,Renewed,Midwest,9274.39
P001991,C00581,A0027,Health,2024-02-25,2025-02-24,Active,Midwest,3506.21
P001992,C00782,A0034,Auto,2024-06-04,2025-06-04,Expired,Northeast,1177.06
P001993,C00703,A0077,Auto,2023-10-29,2024-10-28,Active,Northeast,1365.18
P001994,C00188,A0011,Health,2023-03-13,2024-03-12,Cancelled,South,3420.86
P001995,C00943,A0012,Life,2024-09-08,2025-09-08,Cancelled,Midwest,1015.07
P001996,C00603,A0046,Life,2024-11-24,2025-11-24,Active,West,1156.46
P001997,C00636,A0043,Life,2024-06-30,2025-06-30,Active,Northeast,1551.98
P001998,C00427,A0043,Life,2023-08-07,2024-08-06,Cancelled,Northeast,629.48
P001999,C00017,A0067,Auto,2024-10-25,2025-10-25,Active,South,1166.52
P002000,C00220,A0030,Home,2025-03-23,2026-03-23,Active,West,2659.05
P002001,C00918,A0039,Auto,2023-07-09,2024-07-08,Renewed,West,1414.3
P002002,C00386,A0011,Health,2023-05-05,2024-05-04,Renewed,South,3190.27
P002003,C00999,A0079,Auto,2023-12-29,2024-12-28,Expired,Northeast,1246.4
P002004,C00518,A0064,Auto,2025-03-15,2026-03-15,Active,Northeast,1150.73
P002005,C00587,A0072,Auto,2024-08-21,2025-08-21,Active,South,879.42
P002006,C00371,A0035,Commercial,2023-12-26,2024-12-25,Active,South,10828.46
P002007,C00033,A0061,Life,2025-02-26,2026-02-26,Renewed,South,855.34
P002008,C00314,A0017,Commercial,2024-01-28,2025-01-27,Active,Northeast,10624.09
P002009,C00210,A0034,Home,2024-12-04,2025-12-04,Active,Northeast,1231.73
P002010,C00767,A0048,Health,2024-11-11,2025-11-11,Active,West,3651.31
P002011,C00790,A0029,Life,2024-07-17,2025-07-17,Cancelled,Northeast,890.09
P002012,C00405,A0071,Health,2024-06-29,2025-06-29,Renewed,South,5452.43
P002013,C00311,A0047,Life,2025-06-17,2026-06-17,Active,South,818.19
P002014,C00907,A0029,Commercial,2023-08-27,2024-08-26,Renewed,Northeast,5206.91
P002015,C00290,A0037,Health,2024-02-25,2025-02-24,Expired,South,3863.88
P002016,C00507,A0046,Health,2025-03-02,2026-03-02,Renewed,West,7360.17
P002017,C00562,A0050,Home,2024-02-09,2025-02-08,Active,South,1383.72
P002018,C00859,A0057,Commercial,2025-02-28,2026-02-28,Active,Northeast,4076.23
P002019,C00373,A0061,Commercial,2023-10-26,2024-10-25,Active,South,10917.99
P002020,C00399,A0031,Commercial,2023-06-29,2024-06-28,Cancelled,South,7948.59
P002021,C00342,A0010,Health,2025-06-21,2026-06-21,Cancelled,Midwest,6929.24
P002022,C00908,A0073,Life,2023-08-27,2024-08-26,Active,Northeast,760.3
P002023,C00407,A0064,Home,2024-07-17,2025-07-17,Active,Northeast,2419.87
P002024,C00891,A0027,Home,2024-01-04,2025-01-03,Active,Midwest,3099.33
P002025,C00093,A0026,Life,2023-06-05,2024-06-04,Active,Midwest,700.57
P002026,C00395,A0035,Life,2023-10-25,2024-10-24,Active,South,1073.28
P002027,C00029,A0027,Life,2023-06-08,2024-06-07,Renewed,Midwest,1541.75
P002028,C00632,A0047,Health,2024-11-24,2025-11-24,Renewed,South,3466.77
P002029,C00035,A0013,Auto,2024-04-16,2025-04-16,Renewed,West,1571.48
P002030,C00562,A0031,Life,2025-06-13,2026-06-13,Renewed,South,1027.85
P002031,C00552,A0024,Home,2023-07-03,2024-07-02,Renewed,South,2813.85
P002032,C00150,A0040,Health,2024-03-02,2025-03-02,Active,West,4000.52
P002033,C00065,A0042,Auto,2024-02-19,2025-02-18,Renewed,Midwest,1236.22
P002034,C00334,A0046,Health,2024-11-08,2025-11-08,Active,West,4879.72
P002035,C00207,A0065,Home,2024-08-28,2025-08-28,Active,South,1180.04
P002036,C00961,A0016,Commercial,2024-06-20,2025-06-20,Active,South,9685.11
P002037,C00899,A0008,Home,2024-09-03,2025-09-03,Active,Midwest,2603.5
P002038,C00110,A0037,Auto,2024-04-24,2025-04-24,Renewed,South,2180.99
P002039,C00595,A0039,Commercial,2025-01-19,2026-01-19,Active,West,6509.99
P002040,C00620,A0066,Health,2023-12-21,2024-12-20,Renewed,West,5308.34
P002041,C00855,A0045,Commercial,2023-10-20,2024-10-19,Renewed,Northeast,9130.9
P002042,C00862,A0019,Home,2024-02-03,2025-02-02,Renewed,Northeast,2514.66
P002043,C00026,A0052,Commercial,2023-08-18,2024-08-17,Cancelled,West,4106.45
P002044,C00451,A0066,Life,2024-08-21,2025-08-21,Cancelled,West,921.31
P002045,C00304,A0013,Health,2025-02-28,2026-02-28,Active,West,7587.57
P002046,C00861,A0046,Auto,2024-06-11,2025-06-11,Active,West,841.32
P002047,C00211,A0045,Commercial,2023-04-07,2024-04-06,Renewed,Northeast,8208.66
P002048,C00886,A0054,Commercial,2023-09-15,2024-09-14,Active,West,6937.49
P002049,C00836,A0002,Life,2024-12-04,2025-12-04,Expired,Midwest,1498.11
P002050,C00299,A0074,Life,2023-03-07,2024-03-06,Cancelled,South,1476.99
P002051,C00545,A0066,Home,2024-01-11,2025-01-10,Expired,West,1521.3
P002052,C00591,A0009,Commercial,2023-06-05,2024-06-04,Active,Midwest,5823.57
P002053,C00050,A0025,Auto,2024-06-23,2025-06-23,Renewed,West,1333.58
P002054,C00449,A0069,Life,2024-02-14,2025-02-13,Active,South,1117.18
P002055,C00006,A0014,Auto,2024-03-24,2025-03-24,Active,South,2213.84
P002056,C00238,A0055,Home,2023-04-07,2024-04-06,Active,Northeast,2544.99
P002057,C00056,A0067,Commercial,2023-04-20,2024-04-19,Active,South,6748.04
P002058,C00696,A0060,Auto,2023-03-29,2024-03-28,Active,West,2152.32
P002059,C00877,A0018,Auto,2024-01-22,2025-01-21,Active,West,1901.2
P002060,C00519,A0033,Auto,2024-04-15,2025-04-15,Renewed,Midwest,1968.95
P002061,C00557,A0069,Health,2024-11-21,2025-11-21,Active,South,4826.65
P002062,C00284,A0010,Auto,2024-12-02,2025-12-02,Active,Midwest,1446.89
P002063,C00711,A0031,Health,2024-12-09,2025-12-09,Expired,South,7718.69
P002064,C00611,A0013,Home,2024-02-18,2025-02-17,Active,West,2980.65
P002065,C00410,A0079,Health,2024-08-04,2025-08-04,Active,Northeast,4491.74
P002066,C00454,A0007,Life,2023-11-13,2024-11-12,Expired,South,939.5
P002067,C00957,A0011,Commercial,2023-11-13,2024-11-12,Expired,South,6393.75
P002068,C00100,A0048,Life,2024-09-17,2025-09-17,Renewed,West,899.52
P002069,C00978,A0054,Health,2023-10-18,2024-10-17,Expired,West,7590.22
P002070,C00650,A0061,Life,2023-09-26,2024-09-25,Active,South,1265.58
P002071,C00035,A0039,Home,2023-04-27,2024-04-26,Active,West,1170.99
P002072,C00114,A0061,Commercial,2024-01-09,2025-01-08,Active,South,6702.57
P002073,C00464,A0032,Life,2025-03-23,2026-03-23,Active,Midwest,949.4
P002074,C00360,A0044,Home,2023-01-19,2024-01-19,Active,South,3326.5
P002075,C00463,A0028,Health,2024-05-03,2025-05-03,Active,Midwest,7305.5
P002076,C00951,A0024,Commercial,2023-06-14,2024-06-13,Renewed,South,10746.59
P002077,C00039,A0046,Commercial,2024-03-19,2025-03-19,Active,West,8918.14
P002078,C00479,A0048,Life,2024-11-07,2025-11-07,Renewed,West,1276.11
P002079,C00804,A0018,Life,2023-12-12,2024-12-11,Cancelled,West,1557.18
P002080,C00350,A0078,Commercial,2025-03-30,2026-03-30,Active,Northeast,4735.47
P002081,C00720,A0043,Commercial,2023-06-28,2024-06-27,Renewed,Northeast,6979.07
P002082,C00356,A0064,Home,2025-06-20,2026-06-20,Expired,Northeast,2998.32
P002083,C00073,A0076,Commercial,2023-11-04,2024-11-03,Active,South,4974.1
P002084,C00507,A0025,Home,2023-10-11,2024-10-10,Active,West,1742.75
P002085,C00494,A0038,Life,2025-05-15,2026-05-15,Expired,South,1593.99
P002086,C00658,A0039,Health,2025-03-16,2026-03-16,Active,West,5829.63
P002087,C00609,A0050,Commercial,2023-11-06,2024-11-05,Active,South,3930.02
P002088,C00898,A0035,Commercial,2024-01-27,2025-01-26,Active,South,3907.72
P002089,C00395,A0062,Life,2025-02-18,2026-02-18,Renewed,South,649.63
P002090,C00552,A0003,Life,2023-05-28,2024-05-27,Active,South,774.24
P002091,C00719,A0073,Commercial,2025-04-07,2026-04-07,Active,Northeast,10180.51
P002092,C00049,A0026,Home,2024-09-30,2025-09-30,Renewed,Midwest,2374.57
P002093,C00478,A0014,Commercial,2023-01-10,2024-01-10,Expired,South,7852.28
P002094,C00330,A0015,Life,2024-07-07,2025-07-07,Active,South,981.08
P002095,C00040,A0007,Life,2023-01-09,2024-01-09,Active,South,1335.1
P002096,C00716,A0066,Health,2024-08-02,2025-08-02,Active,West,6676.52
P002097,C00988,A0074,Life,2024-10-19,2025-10-19,Active,South,819.45
P002098,C00790,A0057,Life,2023-06-07,2024-06-06,Active,Northeast,1290.07
P002099,C00043,A0007,Commercial,2023-06-17,2024-06-16,Active,South,5834.12
P002100,C00911,A0060,Home,2024-11-03,2025-11-03,Expired,West,1349.6
P002101,C00090,A0042,Commercial,2024-12-11,2025-12-11,Active,Midwest,10134.41
P002102,C00976,A0033,Home,2024-10-10,2025-10-10,Expired,Midwest,3238.21
P002103,C00824,A0026,Home,2024-07-01,2025-07-01,Cancelled,Midwest,3086.95
P002104,C00847,A0056,Commercial,2023-03-29,2024-03-28,Active,South,7003.48
P002105,C00093,A0042,Home,2025-06-23,2026-06-23,Renewed,Midwest,2513.23
P002106,C00159,A0016,Auto,2023-06-29,2024-06-28,Renewed,South,1575.06
P002107,C00178,A0030,Home,2023-10-26,2024-10-25,Active,West,3303.73
P002108,C00138,A0024,Auto,2023-09-27,2024-09-26,Renewed,South,788.95
P002109,C00512,A0033,Commercial,2025-06-13,2026-06-13,Active,Midwest,8637.02
P002110,C00112,A0006,Health,2023-11-07,2024-11-06,Renewed,South,4899.39
P002111,C00487,A0005,Health,2023-10-23,2024-10-22,Active,West,5904.18
P002112,C00446,A0052,Commercial,2024-03-09,2025-03-09,Active,West,4282.27
P002113,C00674,A0029,Home,2025-05-17,2026-05-17,Active,Northeast,2875.26
P002114,C00065,A0049,Health,2025-05-01,2026-05-01,Active,Midwest,4167.37
P002115,C00493,A0011,Life,2023-12-08,2024-12-07,Active,South,1024.02
P002116,C00802,A0072,Commercial,2023-05-07,2024-05-06,Active,South,6404.44
P002117,C00786,A0035,Commercial,2025-05-26,2026-05-26,Cancelled,South,9580.85
P002118,C00734,A0038,Home,2024-05-16,2025-05-16,Renewed,South,3096.88
P002119,C00574,A0006,Commercial,2024-01-26,2025-01-25,Active,South,4446.26
P002120,C00486,A0018,Auto,2025-06-29,2026-06-29,Cancelled,West,1704.06
P002121,C00274,A0027,Auto,2024-08-20,2025-08-20,Active,Midwest,1895.24
P002122,C00237,A0059,Auto,2025-04-07,2026-04-07,Active,Midwest,927.35
P002123,C00906,A0060,Life,2023-11-02,2024-11-01,Active,West,921.27
P002124,C00392,A0045,Auto,2023-11-27,2024-11-26,Renewed,Northeast,1674.52
P002125,C00127,A0031,Auto,2024-03-06,2025-03-06,Active,South,1585.81
P002126,C00175,A0002,Auto,2023-09-14,2024-09-13,Active,Midwest,2074.93
P002127,C00253,A0075,Commercial,2024-12-13,2025-12-13,Renewed,Midwest,4415.06
P002128,C00311,A0051,Auto,2024-03-16,2025-03-16,Active,South,2105.55
P002129,C00841,A0073,Auto,2023-01-16,2024-01-16,Cancelled,Northeast,1353.23
P002130,C00747,A0036,Auto,2023-03-21,2024-03-20,Expired,Northeast,1032.01
P002131,C00898,A0067,Commercial,2023-08-04,2024-08-03,Active,South,6669.79
P002132,C00004,A0073,Commercial,2024-04-29,2025-04-29,Active,Northeast,10856.75
P002133,C00345,A0052,Life,2023-08-09,2024-08-08,Active,West,647.76
P002134,C00738,A0067,Health,2023-09-18,2024-09-17,Active,South,4153.07
P002135,C00299,A0035,Home,2024-06-24,2025-06-24,Active,South,2538.05
P002136,C00823,A0017,Life,2024-01-30,2025-01-29,Renewed,Northeast,1310.84
P002137,C00186,A0067,Commercial,2023-11-01,2024-10-31,Renewed,South,9993.29
P002138,C00157,A0057,Commercial,2024-07-11,2025-07-11,Active,Northeast,5198.93
P002139,C00420,A0015,Life,2025-06-26,2026-06-26,Renewed,South,1636.26
P002140,C00627,A0025,Life,2024-06-01,2025-06-01,Active,West,1472.42
P002141,C00177,A0053,Home,2023-09-09,2024-09-08,Renewed,Northeast,2442.53
P002142,C00406,A0010,Commercial,2023-05-27,2024-05-26,Cancelled,Midwest,10827.04
P002143,C00467,A0066,Life,2024-01-16,2025-01-15,Expired,West,785.98
P002144,C00777,A0055,Life,2024-03-26,2025-03-26,Active,Northeast,888.82
P002145,C00434,A0002,Health,2023-10-31,2024-10-30,Expired,Midwest,7677.75
P002146,C00016,A0010,Commercial,2023-08-13,2024-08-12,Expired,Midwest,5555.62
P002147,C00923,A0017,Health,2024-06-13,2025-06-13,Expired,Northeast,4354.36
P002148,C00520,A0071,Health,2023-10-08,2024-10-07,Renewed,South,7406.58
P002149,C00458,A0059,Auto,2023-08-16,2024-08-15,Expired,Midwest,1160.7
P002150,C00594,A0021,Auto,2023-06-19,2024-06-18,Active,South,1076.79
P002151,C00945,A0059,Health,2023-06-21,2024-06-20,Expired,Midwest,2817.82
P002152,C00023,A0022,Commercial,2024-06-15,2025-06-15,Active,South,8521.71
P002153,C00551,A0041,Commercial,2023-05-21,2024-05-20,Cancelled,South,8849.12
P002154,C00358,A0072,Auto,2023-01-01,2024-01-01,Renewed,South,1335.99
P002155,C00544,A0046,Auto,2024-05-23,2025-05-23,Active,West,1178.04
P002156,C00002,A0048,Home,2025-04-17,2026-04-17,Cancelled,West,2195.21
P002157,C00180,A0077,Life,2023-07-07,2024-07-06,Active,Northeast,871.26
P002158,C00250,A0006,Home,2024-04-28,2025-04-28,Active,South,1323.18
P002159,C00937,A0004,Auto,2023-03-24,2024-03-23,Active,South,819.24
P002160,C00861,A0030,Commercial,2023-12-28,2024-12-27,Expired,West,6132.31
P002161,C00952,A0079,Life,2023-12-28,2024-12-27,Active,Northeast,1238.97
P002162,C00356,A0036,Home,2024-08-30,2025-08-30,Active,Northeast,1365.03
P002163,C00463,A0049,Home,2023-07-18,2024-07-17,Expired,Midwest,2458.53
P002164,C00742,A0054,Home,2024-05-02,2025-05-02,Active,West,3296.84
P002165,C00920,A0008,Commercial,2024-03-31,2025-03-31,Active,Midwest,6813.03
P002166,C00966,A0038,Life,2023-05-05,2024-05-04,Cancelled,South,1017.22
P002167,C00886,A0060,Life,2023-03-07,2024-03-06,Active,West,1376.85
P002168,C00586,A0070,Home,2023-09-06,2024-09-05,Active,South,3078.59
P002169,C00457,A0025,Life,2024-10-06,2025-10-06,Active,West,864.33
P002170,C00195,A0074,Life,2025-05-30,2026-05-30,Active,South,1123.84
P002171,C00433,A0071,Life,2025-01-25,2026-01-25,Active,South,693.16
P002172,C00888,A0016,Health,2023-04-03,2024-04-02,Active,South,4280.79
P002173,C00235,A0074,Home,2024-11-17,2025-11-17,Active,South,2273.17
P002174,C00913,A0029,Auto,2023-03-02,2024-03-01,Active,Northeast,1023.92
P002175,C00484,A0073,Life,2025-02-17,2026-02-17,Renewed,Northeast,1495.52
P002176,C00046,A0067,Home,2025-04-26,2026-04-26,Active,South,1382.95
P002177,C00041,A0002,Commercial,2024-03-11,2025-03-11,Active,Midwest,5260.0
P002178,C00790,A0068,Life,2023-06-16,2024-06-15,Active,Northeast,1277.38
P002179,C00774,A0012,Commercial,2023-09-21,2024-09-20,Expired,Midwest,4362.93
P002180,C00724,A0062,Life,2024-03-18,2025-03-18,Renewed,South,1596.53
P002181,C00196,A0010,Home,2024-04-30,2025-04-30,Cancelled,Midwest,1762.1
P002182,C00610,A0073,Life,2025-06-20,2026-06-20,Active,Northeast,1099.35
P002183,C00733,A0058,Home,2025-01-19,2026-01-19,Expired,South,2590.96
P002184,C00370,A0078,Health,2023-08-29,2024-08-28,Cancelled,Northeast,3471.62
P002185,C00114,A0070,Home,2024-09-14,2025-09-14,Renewed,South,1854.72
P002186,C00215,A0002,Commercial,2023-03-18,2024-03-17,Expired,Midwest,10323.92
P002187,C00239,A0058,Home,2025-01-03,2026-01-03,Active,South,1847.04
P002188,C00066,A0006,Health,2023-08-30,2024-08-29,Active,South,2982.63
P002189,C00336,A0054,Life,2024-10-17,2025-10-17,Expired,West,868.5
P002190,C00309,A0016,Life,2024-09-01,2025-09-01,Renewed,South,1188.61
P002191,C00957,A0020,Life,2025-05-04,2026-05-04,Active,South,1212.85
P002192,C00171,A0022,Health,2024-05-19,2025-05-19,Renewed,South,6679.38
P002193,C00807,A0031,Commercial,2024-04-11,2025-04-11,Renewed,South,5327.12
P002194,C00478,A0070,Health,2023-11-12,2024-11-11,Active,South,4686.63
P002195,C00522,A0027,Auto,2024-07-11,2025-07-11,Active,Midwest,1117.15
P002196,C00265,A0009,Home,2025-01-25,2026-01-25,Cancelled,Midwest,2042.77
P002197,C00139,A0011,Health,2023-08-02,2024-08-01,Renewed,South,6344.74
P002198,C00336,A0054,Auto,2023-02-28,2024-02-28,Active,West,1523.79
P002199,C00187,A0025,Home,2023-03-08,2024-03-07,Active,West,1913.3
P002200,C00045,A0010,Commercial,2024-05-01,2025-05-01,Active,Midwest,7062.28
P002201,C00733,A0065,Home,2023-07-02,2024-07-01,Active,South,2106.73
P002202,C00296,A0072,Auto,2023-07-11,2024-07-10,Active,South,1812.23
P002203,C00587,A0006,Life,2025-06-01,2026-06-01,Renewed,South,765.54
P002204,C00298,A0055,Commercial,2023-08-03,2024-08-02,Expired,Northeast,9261.55
P002205,C00750,A0014,Life,2023-06-27,2024-06-26,Active,South,917.01
P002206,C00611,A0060,Life,2023-02-15,2024-02-15,Active,West,1586.57
P002207,C00301,A0025,Commercial,2025-02-01,2026-02-01,Renewed,West,9160.07
P002208,C00600,A0065,Home,2024-02-02,2025-02-01,Renewed,South,2485.94
P002209,C00210,A0029,Health,2023-11-13,2024-11-12,Expired,Northeast,5943.53
P002210,C00608,A0043,Life,2025-02-19,2026-02-19,Cancelled,Northeast,634.41
P002211,C00879,A0078,Auto,2024-10-14,2025-10-14,Active,Northeast,1509.6
P002212,C00329,A0007,Auto,2024-03-04,2025-03-04,Cancelled,South,1214.41
P002213,C00312,A0024,Health,2024-10-02,2025-10-02,Renewed,South,4568.44
P002214,C00125,A0053,Health,2024-04-12,2025-04-12,Cancelled,Northeast,7716.97
P002215,C00152,A0079,Health,2023-09-12,2024-09-11,Active,Northeast,4897.42
P002216,C00196,A0032,Home,2023-09-04,2024-09-03,Active,Midwest,2691.33
P002217,C00640,A0066,Health,2024-01-24,2025-01-23,Active,West,7122.21
P002218,C00286,A0006,Health,2024-07-29,2025-07-29,Renewed,South,5515.64
P002219,C00180,A0023,Commercial,2024-01-12,2025-01-11,Cancelled,Northeast,6028.09
P002220,C00309,A0031,Health,2024-03-17,2025-03-17,Active,South,5673.27
P002221,C00931,A0079,Health,2025-06-27,2026-06-27,Active,Northeast,6268.95
P002222,C00780,A0044,Health,2023-07-09,2024-07-08,Expired,South,2808.45
P002223,C00300,A0075,Home,2023-10-02,2024-10-01,Active,Midwest,3161.19
P002224,C00224,A0003,Commercial,2024-09-10,2025-09-10,Expired,South,5803.47
P002225,C00611,A0054,Commercial,2024-03-17,2025-03-17,Expired,West,7292.1
P002226,C00761,A0030,Commercial,2023-09-18,2024-09-17,Renewed,West,9412.13
P002227,C00016,A0075,Life,2024-03-14,2025-03-14,Renewed,Midwest,1339.65
P002228,C00231,A0009,Home,2023-09-06,2024-09-05,Renewed,Midwest,2936.18
P002229,C00914,A0010,Life,2024-12-19,2025-12-19,Active,Midwest,1136.43
P002230,C00365,A0080,Life,2024-01-22,2025-01-21,Renewed,Midwest,1177.32
P002231,C00974,A0003,Commercial,2025-05-05,2026-05-05,Cancelled,South,3912.95
P002232,C00041,A0033,Auto,2025-01-20,2026-01-20,Cancelled,Midwest,1556.82
P002233,C00788,A0077,Commercial,2023-06-29,2024-06-28,Renewed,Northeast,7269.59
P002234,C00804,A0066,Health,2024-07-09,2025-07-09,Active,West,7596.04
P002235,C00385,A0016,Commercial,2024-01-01,2024-12-31,Renewed,South,7110.72
P002236,C00088,A0015,Commercial,2024-08-17,2025-08-17,Expired,South,10942.9
P002237,C00054,A0060,Home,2024-10-27,2025-10-27,Expired,West,2157.97
P002238,C00161,A0033,Commercial,2025-01-14,2026-01-14,Cancelled,Midwest,5695.93
P002239,C00846,A0021,Health,2024-03-22,2025-03-22,Active,South,5216.06
P002240,C00406,A0059,Life,2024-09-19,2025-09-19,Active,Midwest,915.75
P002241,C00506,A0002,Auto,2024-09-29,2025-09-29,Active,Midwest,837.43
P002242,C00339,A0029,Home,2023-03-07,2024-03-06,Renewed,Northeast,1522.09
P002243,C00099,A0038,Life,2025-04-03,2026-04-03,Active,South,1420.09
P002244,C00033,A0007,Commercial,2023-11-14,2024-11-13,Expired,South,10849.0
P002245,C00229,A0064,Health,2025-02-04,2026-02-04,Active,Northeast,4167.5
P002246,C00364,A0028,Home,2025-03-22,2026-03-22,Renewed,Midwest,2166.92
P002247,C00954,A0067,Health,2023-12-10,2024-12-09,Active,South,6829.62
P002248,C00729,A0060,Home,2023-03-22,2024-03-21,Renewed,West,2939.06
P002249,C00367,A0048,Health,2025-01-22,2026-01-22,Active,West,5815.4
P002250,C00053,A0015,Auto,2024-09-08,2025-09-08,Expired,South,1887.17
P002251,C00131,A0009,Health,2024-02-24,2025-02-23,Active,Midwest,5290.17
P002252,C00925,A0002,Auto,2023-11-28,2024-11-27,Active,Midwest,1582.35
P002253,C00317,A0015,Auto,2024-12-10,2025-12-10,Active,South,1506.09
P002254,C00715,A0052,Commercial,2023-04-12,2024-04-11,Renewed,West,4643.12
P002255,C00593,A0020,Health,2025-04-14,2026-04-14,Active,South,7747.67
P002256,C00743,A0048,Life,2025-05-31,2026-05-31,Active,West,958.6
P002257,C00941,A0063,Health,2023-04-02,2024-04-01,Active,Northeast,5608.43
P002258,C00082,A0009,Home,2023-03-19,2024-03-18,Renewed,Midwest,2837.7
P002259,C00940,A0062,Home,2023-01-03,2024-01-03,Active,South,1893.0
P002260,C00627,A0030,Health,2023-04-11,2024-04-10,Active,West,7300.91
P002261,C00725,A0077,Commercial,2024-04-24,2025-04-24,Renewed,Northeast,6704.33
P002262,C00096,A0026,Auto,2023-04-12,2024-04-11,Expired,Midwest,2160.76
P002263,C00628,A0013,Life,2023-06-19,2024-06-18,Active,West,862.41
P002264,C00033,A0050,Commercial,2023-01-17,2024-01-17,Active,South,7846.94
P002265,C00919,A0046,Home,2023-04-22,2024-04-21,Active,West,2420.14
P002266,C00845,A0044,Home,2024-08-28,2025-08-28,Renewed,South,1548.18
P002267,C00207,A0011,Commercial,2023-11-27,2024-11-26,Expired,South,5835.37
P002268,C00124,A0052,Health,2023-02-06,2024-02-06,Renewed,West,6200.34
P002269,C00871,A0041,Auto,2025-05-28,2026-05-28,Renewed,South,1416.03
P002270,C00524,A0004,Life,2024-05-09,2025-05-09,Renewed,South,947.99
P002271,C00078,A0031,Commercial,2025-01-01,2026-01-01,Active,South,3975.2
P002272,C00059,A0060,Auto,2025-01-28,2026-01-28,Active,West,1323.64
P002273,C00566,A0012,Life,2024-03-01,2025-03-01,Renewed,Midwest,646.76
P002274,C00666,A0041,Auto,2024-12-03,2025-12-03,Active,South,2153.04
P002275,C00894,A0043,Life,2024-10-02,2025-10-02,Active,Northeast,932.17
P002276,C00143,A0059,Home,2023-05-16,2024-05-15,Active,Midwest,1746.55
P002277,C00606,A0044,Commercial,2024-11-24,2025-11-24,Active,South,9833.59
P002278,C00835,A0069,Home,2025-02-23,2026-02-23,Active,South,2947.79
P002279,C00071,A0041,Auto,2024-02-16,2025-02-15,Renewed,South,884.6
P002280,C00133,A0066,Health,2023-06-15,2024-06-14,Renewed,West,3535.17
P002281,C00041,A0012,Auto,2023-05-23,2024-05-22,Renewed,Midwest,1823.48
P002282,C00769,A0023,Commercial,2025-02-22,2026-02-22,Active,Northeast,7066.89
P002283,C00156,A0017,Health,2025-02-25,2026-02-25,Cancelled,Northeast,4799.47
P002284,C00965,A0039,Commercial,2024-10-30,2025-10-30,Cancelled,West,5431.02
P002285,C00433,A0058,Commercial,2024-10-24,2025-10-24,Active,South,6993.19
P002286,C00772,A0076,Health,2024-12-12,2025-12-12,Active,South,3837.01
P002287,C00381,A0063,Home,2025-05-14,2026-05-14,Active,Northeast,3005.48
P002288,C00849,A0030,Home,2024-01-17,2025-01-16,Cancelled,West,1408.42
P002289,C00252,A0078,Home,2025-01-14,2026-01-14,Expired,Northeast,2042.64
P002290,C00575,A0074,Commercial,2025-04-22,2026-04-22,Renewed,South,4481.1
P002291,C00920,A0059,Health,2024-05-30,2025-05-30,Active,Midwest,7030.33
P002292,C00849,A0018,Life,2023-01-05,2024-01-05,Cancelled,West,1278.68
P002293,C00581,A0080,Health,2025-02-13,2026-02-13,Active,Midwest,5576.46
P002294,C00822,A0068,Life,2024-07-09,2025-07-09,Renewed,Northeast,841.66
P002295,C00433,A0056,Commercial,2025-02-13,2026-02-13,Renewed,South,4555.12
P002296,C00801,A0053,Commercial,2025-05-27,2026-05-27,Active,Northeast,9169.05
P002297,C00660,A0015,Home,2024-07-15,2025-07-15,Expired,South,3325.91
P002298,C00176,A0004,Health,2023-12-21,2024-12-20,Expired,South,6909.94
P002299,C00547,A0031,Home,2024-10-31,2025-10-31,Active,South,2871.89
P002300,C00444,A0039,Home,2024-03-23,2025-03-23,Active,West,1843.75
P002301,C00382,A0009,Home,2023-08-25,2024-08-24,Active,Midwest,1442.76
P002302,C00197,A0060,Health,2023-10-08,2024-10-07,Active,West,4380.21
P002303,C00750,A0071,Commercial,2024-03-31,2025-03-31,Active,South,9492.09
P002304,C00290,A0056,Home,2024-07-29,2025-07-29,Active,South,1690.58
P002305,C00487,A0013,Commercial,2024-06-19,2025-06-19,Expired,West,9676.43
P002306,C00520,A0003,Life,2023-03-28,2024-03-27,Active,South,1404.69
P002307,C00612,A0003,Commercial,2023-10-23,2024-10-22,Active,South,9528.84
P002308,C00122,A0006,Auto,2023-12-21,2024-12-20,Renewed,South,2070.38
P002309,C00923,A0063,Life,2024-03-09,2025-03-09,Renewed,Northeast,1273.97
P002310,C00526,A0064,Home,2025-02-24,2026-02-24,Renewed,Northeast,2232.85
P002311,C00693,A0047,Auto,2023-10-08,2024-10-07,Renewed,South,1080.02
P002312,C00052,A0008,Auto,2023-08-14,2024-08-13,Active,Midwest,1118.18
P002313,C00134,A0055,Commercial,2025-05-06,2026-05-06,Active,Northeast,10532.73
P002314,C00718,A0010,Health,2025-03-14,2026-03-14,Active,Midwest,5183.63
P002315,C00436,A0044,Life,2025-01-01,2026-01-01,Active,South,597.85
P002316,C00076,A0064,Auto,2023-06-28,2024-06-27,Active,Northeast,1910.64
P002317,C00351,A0048,Health,2023-09-14,2024-09-13,Active,West,5550.82
P002318,C00865,A0077,Auto,2024-11-04,2025-11-04,Active,Northeast,1561.62
P002319,C00174,A0053,Home,2023-02-09,2024-02-09,Renewed,Northeast,2759.45
P002320,C00701,A0079,Home,2024-08-04,2025-08-04,Expired,Northeast,1939.49
P002321,C00263,A0021,Commercial,2024-11-10,2025-11-10,Renewed,South,6240.98
P002322,C00291,A0030,Home,2024-07-17,2025-07-17,Active,West,3327.36
P002323,C00245,A0006,Commercial,2025-06-26,2026-06-26,Active,South,10671.59
P002324,C00166,A0007,Health,2024-03-09,2025-03-09,Expired,South,6885.4
P002325,C00217,A0004,Health,2025-05-15,2026-05-15,Cancelled,South,7371.67
P002326,C00030,A0025,Auto,2023-03-10,2024-03-09,Active,West,1142.51
P002327,C00525,A0075,Home,2024-03-27,2025-03-27,Active,Midwest,3124.24
P002328,C00355,A0060,Life,2024-09-24,2025-09-24,Active,West,757.33
P002329,C00317,A0051,Home,2024-01-16,2025-01-15,Expired,South,1470.89
P002330,C00104,A0066,Home,2025-01-25,2026-01-25,Active,West,2470.53
P002331,C00371,A0041,Home,2025-06-27,2026-06-27,Active,South,2866.76
P002332,C00322,A0021,Auto,2023-04-15,2024-04-14,Renewed,South,1743.57
P002333,C00711,A0038,Commercial,2023-03-01,2024-02-29,Renewed,South,6704.99
P002334,C00957,A0056,Commercial,2024-03-28,2025-03-28,Active,South,5168.62
P002335,C00896,A0046,Life,2023-12-05,2024-12-04,Active,West,910.05
P002336,C00335,A0007,Auto,2023-05-27,2024-05-26,Active,South,1336.75
P002337,C00650,A0051,Auto,2024-08-16,2025-08-16,Active,South,1996.07
P002338,C00998,A0007,Home,2024-08-21,2025-08-21,Expired,South,1394.43
P002339,C00020,A0028,Health,2023-05-16,2024-05-15,Cancelled,Midwest,4141.06
P002340,C00053,A0041,Health,2023-03-23,2024-03-22,Expired,South,6189.97
P002341,C00110,A0041,Home,2024-03-15,2025-03-15,Cancelled,South,1457.92
P002342,C00755,A0007,Home,2024-02-09,2025-02-08,Active,South,2288.01
P002343,C00840,A0075,Auto,2024-05-10,2025-05-10,Renewed,Midwest,2103.39
P002344,C00266,A0015,Health,2023-09-23,2024-09-22,Renewed,South,3825.4
P002345,C00586,A0067,Health,2024-03-07,2025-03-07,Renewed,South,6737.29
P002346,C00290,A0051,Auto,2024-02-17,2025-02-16,Expired,South,1499.72
P002347,C00328,A0053,Auto,2023-01-27,2024-01-27,Active,Northeast,1709.52
P002348,C00514,A0065,Commercial,2023-09-26,2024-09-25,Active,South,6335.77
P002349,C00295,A0053,Auto,2023-09-02,2024-09-01,Cancelled,Northeast,1086.38
P002350,C00581,A0075,Home,2024-03-18,2025-03-18,Active,Midwest,2912.83
P002351,C00970,A0065,Home,2024-11-07,2025-11-07,Expired,South,2921.22
P002352,C01000,A0006,Commercial,2024-06-02,2025-06-02,Active,South,6706.87
P002353,C00093,A0002,Health,2023-05-09,2024-05-08,Active,Midwest,7404.32
P002354,C00636,A0064,Auto,2023-04-29,2024-04-28,Active,Northeast,1234.33
P002355,C00228,A0079,Commercial,2023-10-21,2024-10-20,Active,Northeast,8913.29
P002356,C00623,A0010,Life,2023-08-28,2024-08-27,Cancelled,Midwest,704.02
P002357,C00067,A0069,Auto,2023-07-18,2024-07-17,Expired,South,2076.51
P002358,C00215,A0012,Commercial,2024-09-22,2025-09-22,Active,Midwest,7120.89
P002359,C00371,A0056,Auto,2024-02-18,2025-02-17,Active,South,1322.5
P002360,C00048,A0019,Auto,2023-02-05,2024-02-05,Active,Northeast,2207.61
P002361,C00437,A0030,Auto,2025-03-14,2026-03-14,Expired,West,1506.57
P002362,C00151,A0006,Commercial,2025-01-02,2026-01-02,Cancelled,South,8258.55
P002363,C00068,A0033,Commercial,2023-08-27,2024-08-26,Cancelled,Midwest,4916.09
P002364,C00813,A0020,Auto,2024-07-13,2025-07-13,Active,South,1294.66
P002365,C00659,A0027,Home,2023-09-15,2024-09-14,Active,Midwest,2171.92
P002366,C00969,A0016,Auto,2025-03-20,2026-03-20,Renewed,South,2092.38
P002367,C00510,A0007,Auto,2025-03-06,2026-03-06,Active,South,1177.26
P002368,C00721,A0010,Commercial,2023-05-18,2024-05-17,Renewed,Midwest,5080.39
P002369,C00329,A0031,Commercial,2024-02-13,2025-02-12,Expired,South,4626.35
P002370,C00777,A0079,Health,2025-06-03,2026-06-03,Active,Northeast,4813.43
P002371,C00558,A0020,Life,2024-03-03,2025-03-03,Expired,South,1549.63
P002372,C00759,A0040,Commercial,2025-04-03,2026-04-03,Renewed,West,8292.61
P002373,C00158,A0025,Auto,2023-02-13,2024-02-13,Renewed,West,1705.28
P002374,C00627,A0040,Auto,2024-08-29,2025-08-29,Expired,West,1968.47
P002375,C00254,A0080,Life,2024-08-18,2025-08-18,Active,Midwest,1314.41
P002376,C00097,A0064,Commercial,2025-04-12,2026-04-12,Renewed,Northeast,5593.54
P002377,C00767,A0005,Home,2023-02-24,2024-02-24,Renewed,West,2888.19
P002378,C00532,A0070,Life,2025-02-03,2026-02-03,Expired,South,796.29
P002379,C00626,A0027,Health,2023-09-28,2024-09-27,Active,Midwest,4301.91
P002380,C00569,A0077,Commercial,2025-05-23,2026-05-23,Active,Northeast,7904.13
P002381,C00062,A0017,Auto,2024-10-06,2025-10-06,Active,Northeast,1234.01
P002382,C00470,A0017,Home,2025-02-12,2026-02-12,Active,Northeast,3272.21
P002383,C00374,A0072,Home,2023-04-11,2024-04-10,Renewed,South,1269.78
P002384,C00959,A0080,Commercial,2025-06-06,2026-06-06,Renewed,Midwest,9327.52
P002385,C00644,A0021,Auto,2024-10-26,2025-10-26,Active,South,1842.78
P002386,C00535,A0025,Home,2024-05-03,2025-05-03,Active,West,1714.15
P002387,C00238,A0019,Commercial,2024-02-25,2025-02-24,Renewed,Northeast,7243.04
P002388,C00146,A0015,Commercial,2023-01-28,2024-01-28,Active,South,8426.28
P002389,C00488,A0018,Home,2024-09-16,2025-09-16,Active,West,1608.98
P002390,C00205,A0080,Health,2024-01-13,2025-01-12,Renewed,Midwest,7025.66
P002391,C00383,A0062,Life,2025-03-06,2026-03-06,Active,South,879.42
P002392,C00089,A0075,Home,2024-01-15,2025-01-14,Active,Midwest,2507.81
P002393,C00030,A0052,Home,2024-05-11,2025-05-11,Active,West,1895.84
P002394,C00685,A0048,Home,2023-07-23,2024-07-22,Active,West,1439.55
P002395,C00781,A0025,Life,2023-03-07,2024-03-06,Active,West,590.75
P002396,C00629,A0001,Commercial,2024-10-11,2025-10-11,Cancelled,Northeast,8532.46
P002397,C00931,A0036,Health,2023-12-11,2024-12-10,Active,Northeast,6670.85
P002398,C00730,A0036,Health,2023-03-09,2024-03-08,Renewed,Northeast,7694.71
P002399,C00665,A0071,Auto,2025-03-05,2026-03-05,Active,South,1248.59
P002400,C00380,A0042,Health,2023-11-05,2024-11-04,Active,Midwest,5743.75
